session_id,unit_id,response,defect_occurred_at,defect_caught_at,S0_humidity_mean,S0_humidity_std,S0_humidity_slope,S0_pressure_mean,S0_pressure_std,S0_pressure_slope,S0_temperature_mean,S0_temperature_std,S0_temperature_slope,S0_torque_mean,S0_torque_std,S0_torque_slope,S0_vibration_mean,S0_vibration_std,S0_vibration_slope,S1_humidity_mean,S1_humidity_std,S1_humidity_slope,S1_pressure_mean,S1_pressure_std,S1_pressure_slope,S1_temperature_mean,S1_temperature_std,S1_temperature_slope,S1_torque_mean,S1_torque_std,S1_torque_slope,S1_vibration_mean,S1_vibration_std,S1_vibration_slope,S2_humidity_mean,S2_humidity_std,S2_humidity_slope,S2_pressure_mean,S2_pressure_std,S2_pressure_slope,S2_temperature_mean,S2_temperature_std,S2_temperature_slope,S2_torque_mean,S2_torque_std,S2_torque_slope,S2_vibration_mean,S2_vibration_std,S2_vibration_slope,S3_humidity_mean,S3_humidity_std,S3_humidity_slope,S3_pressure_mean,S3_pressure_std,S3_pressure_slope,S3_temperature_mean,S3_temperature_std,S3_temperature_slope,S3_torque_mean,S3_torque_std,S3_torque_slope,S3_vibration_mean,S3_vibration_std,S3_vibration_slope,S5_humidity_mean,S5_humidity_std,S5_humidity_slope,S5_pressure_mean,S5_pressure_std,S5_pressure_slope,S5_temperature_mean,S5_temperature_std,S5_temperature_slope,S5_torque_mean,S5_torque_std,S5_torque_slope,S5_vibration_mean,S5_vibration_std,S5_vibration_slope,S6_humidity_mean,S6_humidity_std,S6_humidity_slope,S6_pressure_mean,S6_pressure_std,S6_pressure_slope,S6_temperature_mean,S6_temperature_std,S6_temperature_slope,S6_torque_mean,S6_torque_std,S6_torque_slope,S6_vibration_mean,S6_vibration_std,S6_vibration_slope,S7_humidity_mean,S7_humidity_std,S7_humidity_slope,S7_pressure_mean,S7_pressure_std,S7_pressure_slope,S7_temperature_mean,S7_temperature_std,S7_temperature_slope,S7_torque_mean,S7_torque_std,S7_torque_slope,S7_vibration_mean,S7_vibration_std,S7_vibration_slope,S8_humidity_mean,S8_humidity_std,S8_humidity_slope,S8_pressure_mean,S8_pressure_std,S8_pressure_slope,S8_temperature_mean,S8_temperature_std,S8_temperature_slope,S8_torque_mean,S8_torque_std,S8_torque_slope,S8_vibration_mean,S8_vibration_std,S8_vibration_slope,S10_humidity_mean,S10_humidity_std,S10_humidity_slope,S10_pressure_mean,S10_pressure_std,S10_pressure_slope,S10_temperature_mean,S10_temperature_std,S10_temperature_slope,S10_torque_mean,S10_torque_std,S10_torque_slope,S10_vibration_mean,S10_vibration_std,S10_vibration_slope,S11_humidity_mean,S11_humidity_std,S11_humidity_slope,S11_pressure_mean,S11_pressure_std,S11_pressure_slope,S11_temperature_mean,S11_temperature_std,S11_temperature_slope,S11_torque_mean,S11_torque_std,S11_torque_slope,S11_vibration_mean,S11_vibration_std,S11_vibration_slope,S4_humidity_mean,S4_humidity_std,S4_humidity_slope,S4_pressure_mean,S4_pressure_std,S4_pressure_slope,S4_temperature_mean,S4_temperature_std,S4_temperature_slope,S4_torque_mean,S4_torque_std,S4_torque_slope,S4_vibration_mean,S4_vibration_std,S4_vibration_slope,S9_torque_est,S9_torque_conf,S9_vibration_est,S9_vibration_conf,S9_temperature_est,S9_temperature_conf,S4_torque_est,S4_torque_conf,S4_vibration_est,S4_vibration_conf,S4_temperature_est,S4_temperature_conf
0,1,0,,,,,,,,,,,,,,,,,,,,,,,,,,,,,,,,,,,,,,,,,,,,,,,,,,,,,,,,,,,,,,,46.47137142857143,0.7023258923374666,,30.52185714285714,0.6342056366225473,,70.55144285714286,1.5032679622045004,,49.882085714285715,1.6674937545396014,,0.2046857142857143,0.022763964840029415,,44.86331428571429,0.4509717708407435,-0.04238571428571447,30.65704285714286,1.7370074667438267,-0.3498714285714288,70.37679999999999,0.9585864158575729,0.21571428571428442,50.32497142857143,0.8917950413151492,0.04865714285714213,0.19455714285714287,0.025886860060840212,0.00011428571428571359,43.900242857142864,0.497768235417299,0.0699,30.0018,1.721129548678225,0.43315714285714285,70.18587142857143,1.6848677126254112,-0.042914285714285176,49.375957142857146,1.8371345013880889,-0.5468428571428571,0.19647142857142857,0.028671804633688167,-0.005742857142857141,45.21684285714286,0.8760639395560568,-0.18837142857142908,31.517042857142858,0.835035332300652,0.26340000000000025,69.31378571428571,1.595440412998413,-0.4256571428571415,50.76978571428572,1.2631024812323184,0.24242857142857183,0.18192857142857144,0.0156160936521392,-5.714285714285878e-05,44.56691428571428,0.8114809289781457,-0.15538571428571504,30.347671428571427,3.170372747650915,0.08551428571428536,70.20922857142857,0.7834389142626246,-0.5294714285714284,49.56438571428571,0.6867817082319164,0.07297142857142903,0.18521428571428572,0.01942553547708341,0.0001285714285714263,45.82611428571429,0.6767589635622872,-0.2238571428571429,30.03512857142857,1.6364653277865688,-0.10911428571428569,68.43065714285714,3.097990577162946,-0.8064142857142867,49.32867142857143,1.954911811919151,0.7405428571428568,0.20457142857142857,0.026257107881214017,0.006714285714285716,,,,,,,,,,,,,,,,50.39206319829613,0.10064673007619679,0.19877224626475173,0.26338354312475265,70.08426155264708,0.0462441269077151,51.0716,0.1518410350390089,0.1825,0.9976513639116521,68.0019,0.07088571781431414
0,2,0,,,,,,,,,,,,,,,,,,,,,,,,,,,,,,,,,,,,,,,,,,,,,,,,44.951699999999995,0.9426575783390297,,32.020266666666664,2.3114495588987745,,69.89693333333334,1.1950721707634826,,49.1567,0.11791874320904142,,0.21763333333333335,0.0293872988437749,,47.16717142857143,0.880875219529396,0.03212857142857116,31.50724285714286,2.438310706108598,-0.5328857142857143,70.066,1.7925021199429454,-0.3590285714285711,49.91547142857143,1.306292977237861,0.34167142857142857,0.19428571428571426,0.028934145259619484,-0.00114285714285714,44.762299999999996,0.6794829161453073,0.06615714285714246,30.117028571428573,2.024498500628643,0.19078571428571425,70.75075714285715,1.673524450431031,0.2088714285714295,50.87132857142857,1.3383697704225663,-0.2843428571428573,0.19695714285714286,0.025597125954740663,-0.00487142857142857,43.25828571428572,0.5790286735230834,-0.06034285714285659,31.020757142857146,1.935100686318528,0.11732857142857155,70.95501428571428,2.672343379525781,-0.4832857142857157,49.91318571428571,1.5167709291216578,-0.2677428571428574,0.19752857142857141,0.026345886097941657,0.003557142857142858,44.77864285714286,0.757098991451677,-0.16175714285714296,29.09825714285714,2.8545494687470043,-0.8086857142857146,69.86112857142857,2.736277611838325,0.08400000000000116,50.634928571428574,0.9889210833264813,-0.17372857142857104,0.20348571428571427,0.020621706086179258,-0.0013142857142857162,43.416428571428575,0.7435078876835235,0.04284285714285728,30.35682857142857,1.4592695635308848,-0.39941428571428517,69.8044,1.7959132022456044,0.1965999999999996,49.54945714285714,1.7136532854860675,0.3805714285714278,0.21342857142857144,0.02339720170488446,0.004485714285714287,46.83055714285714,0.569635628734562,0.18298571428571467,28.938342857142857,2.829595597052184,0.1404285714285715,70.71138571428571,2.5118024248392925,1.0210571428571436,49.29854285714286,1.8785029809728446,-0.2448285714285713,0.2109142857142857,0.018490216203119223,-0.006685714285714287,,,,,,,,,,,,,,,,50.353879832524235,0.10064673007619679,0.20454565612066405,0.26338354312475265,70.1648431762967,0.0462441269077151,51.0716,0.15170922745311277,0.1825,0.9976487651885252,68.0019,0.07082593354150259
0,3,0,,,,,,,,,,,,,,,,,,,,,,,,,,,,,,,,,45.958420000000004,0.8747527147714377,,29.73668,1.3330297997419256,,69.14432,1.4645038842556881,,50.12226,0.6448142740355566,,0.22616,0.03803173674709058,,45.49065714285715,0.6803037479860083,-0.09465714285714354,31.690671428571427,1.4041663822523387,0.4358571428571431,70.83011428571429,1.853059491245557,-0.02435714285714344,50.51658571428572,2.3319335571070456,0.7521571428571434,0.19432857142857143,0.0383050351035698,0.005085714285714289,47.655628571428565,0.30639388437266407,-0.22312857142857062,29.657914285714288,2.85284347942456,-0.7391857142857141,69.37342857142856,1.9847803654428726,0.054457142857143835,49.574771428571424,1.3943391477856517,0.26501428571428576,0.17932857142857145,0.027930312940466273,0.008685714285714284,44.367457142857134,0.5833877437209352,-0.07454285714285801,30.98822857142857,2.673737617215699,1.0393571428571424,69.40647142857142,2.8637233448282386,0.6209714285714288,50.34512857142857,1.4532773189292783,-0.19738571428571458,0.2124857142857143,0.03194497501284714,-0.0012571428571428575,43.383757142857135,0.5647588537217756,-0.12784285714285712,30.60122857142857,2.0674136303719166,-0.19172857142857172,69.37418571428572,1.6833782308486573,-0.36324285714285665,49.614714285714285,0.8058917037017023,-0.08762857142857124,0.2157,0.022724509528993856,-0.007085714285714286,45.69968571428571,0.5816241954749582,0.24694285714285716,29.7485,2.1856032660724716,0.9557142857142854,69.23167142857143,1.7754513414099105,0.15730000000000036,50.32481428571428,1.1180936848472238,-0.0968428571428573,0.20761428571428572,0.02247349761915346,-0.00025714285714285655,44.21367142857143,0.3125827181951688,0.2133571428571435,29.215114285714286,1.558675195402135,-0.468714285714286,70.2645,1.1997024992333452,-0.31732857142857135,49.80587142857143,1.40900453951753,0.03081428571428546,0.21245714285714284,0.03815341212975397,-0.005514285714285714,47.368557142857135,0.5603954551836604,0.19434285714285693,30.780585714285714,1.5621840058377396,0.15215714285714302,70.77692857142857,1.5843650186686542,0.02875714285714334,51.01154285714286,1.805543257911735,0.3932428571428578,0.18484285714285714,0.04081036866381123,-0.007628571428571429,,,,,,,,,,,,,,,,50.26607427064116,0.10064673007619679,0.20565136549664725,0.26338354312475265,70.0721724162286,0.0462441269077151,51.0716,0.15157764850332558,0.1825,0.9976461664789371,68.0019,0.07076625002657337
0,4,0,,,,,,,,,,,,,,,,,,43.45212,0.5272790409261511,,29.40852,0.8675197271532219,,70.14818,1.6319082930728621,,49.390100000000004,1.140224727849734,,0.21458,0.020056096330043897,,45.28785714285714,1.0101246587379642,0.04762857142857107,29.874742857142856,0.6208439735745284,-0.04869999999999968,68.74122857142856,1.1798875069461543,-0.2944571428571428,50.55731428571429,1.3821346876342815,-0.013628571428572147,0.21904285714285712,0.034725152130353446,0.006599999999999995,44.304271428571425,0.7235772285763792,-0.15092857142857138,30.514585714285715,1.7828740368933989,0.11680000000000033,71.29568571428571,1.9997005687757115,0.29472857142857023,49.65749999999999,2.3800419345045176,-0.046057142857143116,0.20232857142857144,0.03238794602346756,0.0031571428571428584,47.618314285714284,0.4106192860731866,0.05694285714285639,29.558914285714284,2.8617657797407605,0.5656285714285717,70.0674,2.3244408761391795,0.30188571428571515,50.18512857142857,1.3149490518828522,0.29887142857142884,0.1961714285714286,0.03282583912538589,-0.0025857142857142862,43.82875714285715,0.32762119822105085,-0.024985714285713407,28.986071428571424,1.5118367611554357,-0.9631857142857143,70.954,1.2025073416269352,-0.1604857142857128,49.25934285714286,0.9777541287002687,-0.11751428571428489,0.1856857142857143,0.0265317060998992,-0.0025857142857142862,41.748485714285714,0.9949556797978241,0.05242857142857105,29.552257142857144,0.43726743478538393,-0.14107142857142868,70.31484285714285,1.4140674498965917,0.6002714285714299,49.60612857142858,1.295526500068968,0.28279999999999966,0.2075857142857143,0.038357460316146626,0.009500000000000005,46.40204285714286,0.7526030203171135,0.011700000000000646,28.729542857142857,1.950606849894955,-0.9802571428571427,68.37862857142856,2.505601070078955,0.17658571428571332,49.70975714285714,1.2131519468683538,-0.015214285714285276,0.21024285714285715,0.02156075579556968,4.285714285714607e-05,44.49130000000001,0.8407673796399687,0.044814285714285314,29.447814285714287,2.190921534749375,0.49717142857142854,69.25374285714285,2.84502869221452,-0.6436142857142845,50.46182857142857,2.017806093850694,0.37185714285714305,0.2034857142857143,0.03635406573188334,0.009657142857142855,47.77797142857143,0.7369533063324458,-0.04040000000000025,30.303642857142858,2.2718825533443576,-0.921757142857143,70.64797142857144,1.3783376542225052,-0.124685714285714,50.01817142857143,0.8191410027467793,-0.3177285714285714,0.21841428571428573,0.03785694249722357,0.0058857142857142875,,,,,,,,,,,,,,,,50.09192738187602,0.10064673007619679,0.20635534655263657,0.26338354312475265,69.94658462865775,0.0462441269077151,51.0716,0.1514462975952676,0.1825,0.9976435677828873,68.0019,0.07070666701502136
0,5,0,,,44.821266666666666,0.4654330170210677,,30.082866666666664,1.2041637194888961,,69.62803333333333,2.7456879144093067,,50.116166666666665,0.5554961956065337,,0.19116666666666668,0.01506828899820193,,44.07395714285714,0.4957837561448968,-0.030742857142857564,29.584185714285713,2.4170031164154313,-0.2779142857142856,70.91314285714286,1.4303912668184458,0.34781428571428463,49.427342857142854,1.1526573440780852,0.05188571428571415,0.20638571428571426,0.017943562315533356,-0.0002714285714285693,45.822028571428575,0.741433181332582,0.4159285714285709,29.32307142857143,1.4420388294752273,-0.29802857142857114,69.78327142857142,1.20769211544758,0.2713714285714275,49.59417142857143,1.0446423067479202,-0.05477142857142882,0.20572857142857143,0.0380165628064801,-0.006114285714285715,44.48435714285714,0.7638732265176409,0.19139999999999954,30.1491,1.5599464542092434,0.26499999999999957,70.82474285714285,1.6467439123485876,0.44262857142857115,49.505314285714284,1.3690334783203486,0.26757142857142824,0.20472857142857143,0.01035063835160494,-0.0020285714285714312,47.39062857142857,0.7068130061864315,-0.13102857142857158,29.633514285714284,2.378429185007457,-0.19527142857142873,69.90527142857142,2.217273567330144,-0.6944428571428561,50.77571428571428,1.289942012170272,0.21062857142857183,0.18459999999999996,0.02298231203918929,-0.002371428571428572,43.735,0.5077176118014014,0.03067142857142865,30.553200000000004,1.9786557869759325,-0.13947142857142833,69.57074285714285,2.249092001865872,0.10574285714285736,49.298257142857146,1.8392371841401403,-0.040328571428572345,0.20025714285714286,0.037425608752245994,-0.0014428571428571426,43.34405714285714,0.8335813454749433,0.38181428571428555,30.979071428571427,2.3749702768064895,0.19441428571428584,70.43085714285715,1.485687913456375,0.35097142857142877,49.61532857142857,1.4239032232029027,-0.011885714285713991,0.2049285714285714,0.02571502247621773,0.004357142857142857,46.231014285714295,0.33090752196830964,-0.10201428571428599,27.96067142857143,2.766464837245227,-0.25208571428571397,69.92565714285715,1.8638774922699293,0.002685714285714117,49.99419999999999,1.1665249575841352,0.15742857142857097,0.18607142857142853,0.023411159325252985,0.007385714285714285,45.35505714285715,0.7972229045403957,0.20857142857142869,29.425614285714286,1.8747940975198345,0.2231428571428568,69.07862857142858,2.618685208085863,-0.9691285714285718,49.49442857142857,1.4762859972628417,-0.013642857142857321,0.2163142857142857,0.04751453912826507,0.00038571428571428687,47.52298571428572,0.5342351961092917,-0.038314285714285745,29.501957142857147,2.726422661570249,0.12919999999999984,69.11492857142856,2.085979245433895,0.1420285714285703,49.07285714285714,1.703204721358292,-0.8751857142857143,0.21022857142857143,0.03141325167747488,0.00722857142857143,,,,,,,,,,,,,,,,50.17246435177899,0.10064673007619679,0.19988178162473486,0.26338354312475265,70.17434328576127,0.0462441269077151,51.0716,0.15131517413661752,0.1825,0.9976409691003758,68.0019,0.07064718425319781
0,6,0,,,44.70287142857143,0.6345769501914504,-0.21421428571428539,29.909814285714283,2.0646121729666107,0.1571714285714287,70.56672857142857,2.397667588660756,0.15849999999999959,49.80065714285714,0.7837017818386895,-0.2213857142857145,0.21567142857142857,0.030598023590079265,0.0034142857142857148,44.60512857142857,0.6586220811013672,0.056871428571428496,30.557728571428576,1.9062459851011573,1.0110571428571424,70.71455714285715,2.057728653035631,0.40844285714285683,49.94212857142857,1.0908973503715285,0.08574285714285727,0.19740000000000002,0.0266671458290284,-0.010714285714285716,45.81955714285714,0.752324878531306,-0.026957142857142458,30.90497142857143,2.5684658882390545,0.3846857142857146,69.79721428571429,1.5669890676374256,-0.09811428571428442,50.09965714285714,1.3817832124434273,0.06375714285714196,0.1883142857142857,0.024817697218680327,-0.002800000000000001,45.6142,0.7506516990811094,0.058828571428571355,29.490314285714284,1.646860672540907,0.4606428571428575,70.50267142857143,1.4477909330128627,-0.027114285714284442,50.2126,1.1023806919571895,-0.039685714285714165,0.18162857142857144,0.030166466718621755,-0.010828571428571425,47.693528571428565,1.0011790927273216,-0.0030857142857141995,30.161942857142854,1.6186335779056968,-0.14865714285714254,69.8962,1.6937637753437338,-0.07370000000000029,49.87867142857143,1.8770339463404164,-0.2897428571428569,0.2029857142857143,0.029202478694534895,-0.0035428571428571414,42.85335714285714,0.4274493375716721,-0.04381428571428562,29.84767142857143,1.790752206675814,0.017414285714285733,69.09991428571428,1.4393010959356902,0.003557142857141165,49.348457142857136,2.5721607070432193,-0.7629714285714277,0.1994142857142857,0.031268057639889144,0.01477142857142857,43.57205714285714,0.4597309026562713,0.013628571428571132,30.296185714285713,2.389464381005758,-0.05322857142857172,69.34772857142858,1.9048520744966642,0.2586142857142854,49.35354285714286,1.220315333369672,0.23775714285714247,0.2023857142857143,0.013352581344872265,0.005957142857142855,45.93571428571429,0.4729412170258439,-0.18921428571428578,29.895357142857144,2.2981674009647706,-0.07301428571428557,70.99159999999999,2.0153202177321736,0.6913714285714292,50.06388571428572,1.9050035550523088,0.6873714285714284,0.1966142857142857,0.03583459355480531,-0.004071428571428571,45.56648571428571,0.5164666540657922,0.17255714285714216,31.022942857142855,2.0731271683595502,0.9359000000000002,69.86931428571428,1.6941497311125309,-0.0990714285714286,49.1988,1.4632951855316338,-0.528728571428571,0.19777142857142854,0.021022504947929278,0.0014428571428571426,45.56785714285714,0.9893267961213659,-0.10089999999999984,29.683914285714284,1.6373160562625741,-0.6904857142857145,69.50497142857142,2.353856314443939,0.916485714285713,51.07955714285715,1.2388203836138687,0.06965714285714293,0.1916142857142857,0.012910774385686389,-0.007528571428571428,,,,,,,,,,,,,,,,50.192195120659854,0.10064673007619679,0.202705357816692,0.26338354312475265,70.33127491467602,0.0462441269077151,51.0716,0.15118427753710373,0.1825,0.9976383704314022,68.0019,0.07058780148830684
0,7,0,,,44.904771428571436,0.7095805279982528,0.16215714285714203,29.28614285714286,1.871274434582967,-0.3054000000000003,68.72764285714285,1.8591356117446225,-0.34894285714285694,49.723057142857144,0.9857680235179441,0.07741428571428648,0.2035142857142857,0.03046793005612233,-0.006942857142857144,44.95941428571429,0.3824483992583321,0.01152857142857146,29.781014285714285,2.309029055273067,-0.44679999999999964,71.73017142857142,2.709917823916632,1.390028571428571,49.87114285714286,1.2336652353281043,0.468514285714285,0.16725714285714283,0.023418501029660033,-0.01052857142857143,44.96011428571429,0.31107438782698166,0.044857142857142866,29.6336,2.9187229501958534,-0.9617571428571432,69.00871428571428,2.4189570531040574,0.1102571428571427,49.92767142857143,1.1202797637410158,0.15132857142857148,0.20728571428571427,0.03172209685016782,0.002042857142857144,45.920271428571425,0.3540226627128777,-0.10094285714285738,30.452199999999998,1.7061558096102074,0.280657142857143,70.10217142857142,3.459878666810092,-0.008985714285714153,50.40691428571428,0.9169934631329646,0.2660142857142865,0.19645714285714286,0.04273417278723813,0.004557142857142855,48.194342857142864,0.7184984710193644,0.05488571428571427,30.606428571428573,1.4939119973125163,-0.06345714285714266,68.66031428571428,1.6823147222686523,-0.39451428571428593,49.2292,1.9117343425974898,-0.44757142857142895,0.20974285714285715,0.020232223237767556,0.0018571428571428589,43.61555714285714,0.7190876577468124,0.048857142857142676,30.465357142857147,1.5346984686002074,-0.013799999999999812,69.72517142857143,2.4224583228022976,-1.0166285714285712,49.25421428571429,1.0308826774962505,-0.1031571428571425,0.19074285714285716,0.0227721948248924,-0.0028857142857142853,43.62294285714286,0.7688099501982388,0.05534285714285809,30.233985714285716,2.2235559324563643,0.18875714285714298,70.3933,0.9475279855145433,-0.11780000000000054,50.2512,1.3066646496583094,0.15574285714285757,0.1730857142857143,0.023964517421348065,-0.0008142857142857158,45.87914285714286,0.6208398340343471,0.08560000000000047,30.260185714285715,1.8284977344153157,0.17990000000000045,70.50068571428571,1.5870977521129308,-0.49072857142857224,49.406657142857135,1.4043799626610312,0.018157142857142667,0.2014,0.0381443311646698,-0.0076000000000000035,46.24574285714285,0.6269345177319654,0.0361142857142858,30.478642857142855,1.1253642356397944,0.29054285714285755,69.92445714285715,1.8534960020253326,-0.2541571428571428,49.580828571428576,1.521047427174558,-0.06441428571428531,0.22152857142857144,0.025194491083417148,-0.004799999999999999,44.26468571428571,0.3867969554712339,0.03007142857142802,28.512871428571426,1.7815477004693343,-0.20419999999999966,71.50428571428571,1.3153005302066152,0.049185714285712834,49.16905714285714,1.0196894917198007,-0.26654285714285714,0.2042142857142857,0.03378793811265732,-0.004628571428571431,,,,,,,,,,,,,,,,50.00610784039485,0.10064673007619679,0.20398706245667253,0.26338354312475265,70.25900089173152,0.0462441269077151,51.0716,0.1510536072084952,0.1825,0.997635771775967,68.0019,0.07052851846840182
0,8,0,,,46.05412857142856,0.9366146160762117,0.2914428571428565,29.7293,1.9472402137384086,0.797028571428571,70.62135714285714,2.6041560839404108,0.23552857142857217,50.17057142857143,1.7567683016591267,-0.04817142857142796,0.2045142857142857,0.01669185715365715,0.004014285714285712,45.349671428571426,0.7001141495363367,0.18592857142857205,29.767457142857147,2.0657345254228106,0.006228571428571631,71.23627142857143,3.4485351222001053,0.03582857142857116,49.296342857142854,1.5721460543443393,-0.34371428571428553,0.16544285714285717,0.028881819953207957,0.0047571428571428565,44.72585714285714,0.8236857083806359,0.03998571428571397,29.916885714285716,2.6733858827515413,-0.3462285714285715,68.76482857142857,2.743128717185476,-0.4402285714285727,50.31337142857143,1.8321805621665581,0.3193714285714293,0.21628571428571428,0.015834080182886952,0.004728571428571431,45.94350000000001,0.2510539782597184,0.03008571428571421,28.87964285714286,1.1434759549390554,-0.17157142857142865,70.57668571428572,3.6131543796838432,0.35460000000000086,50.27745714285714,1.1546490749099865,-0.27774285714285746,0.21991428571428573,0.030182468894565783,0.0007857142857142825,49.337442857142854,0.36522374811958586,0.3077714285714279,30.650442857142856,1.4143112727368274,-0.2881999999999998,69.34458571428571,2.454233867169525,-0.47395714285714113,49.95138571428572,2.1436124241014003,0.06092857142857205,0.2095,0.02410006915619409,-8.571428571428817e-05,44.5673,0.9003091839288594,0.24447142857142776,29.908971428571427,1.7370056128428668,0.11225714285714261,70.33054285714286,1.6704618800969517,-0.8969428571428567,49.72591428571429,1.6518429509980337,0.2771000000000003,0.20205714285714288,0.036755355942722036,0.0008999999999999961,43.45274285714286,0.893841464051178,0.010585714285713468,31.311371428571427,2.763990658880912,0.6066714285714282,69.89674285714285,1.6210569235914343,-0.1369571428571419,49.51198571428572,1.1482364904910545,-0.20430000000000043,0.19115714285714286,0.014057721145673784,0.000614285714285714,45.97795714285714,0.5377007930597857,-0.23184285714285632,31.538642857142857,1.0682392192406498,0.4665285714285718,70.66867142857143,1.675534217012881,-0.24978571428571325,50.54532857142857,1.5875257160272105,0.5844142857142854,0.2018285714285714,0.04764947408893806,-0.0007142857142857149,47.05551428571429,0.4121434152838934,0.006071428571428125,28.638685714285714,2.2725227006043007,-0.0756142857142861,69.8634,1.9439812053275465,-0.2002285714285717,50.589528571428566,1.2463566446705223,0.007828571428571454,0.20827142857142858,0.01647399104504982,0.0010571428571428557,44.814014285714286,0.48185262763819914,0.1243857142857142,30.19762857142857,1.4547835563114841,0.02364285714285736,69.67265714285715,2.2090713213604296,-0.14291428571428558,49.784414285714284,1.4762698278979722,-0.12838571428571502,0.17424285714285714,0.019566115024267288,0.003028571428571428,,,,,,,,,,,,,,,,50.32851054543511,0.10064673007619679,0.2041018419766708,0.26338354312475265,70.28373230355216,0.0462441269077151,51.0716,0.15092316256459293,0.1825,0.9976331731340696,68.0019,0.07046933494238172
0,9,0,,,46.91152857142857,0.523536425712259,0.11869999999999996,29.675028571428573,1.9595327654947803,-0.7860714285714282,70.57241428571429,2.0718144506917824,0.3607142857142845,50.077600000000004,1.3858690558635058,0.014399999999999937,0.20415714285714287,0.051361362168555504,0.0018714285714285714,45.82211428571429,0.4840252556378469,0.11362857142857154,28.872485714285713,2.689285562145068,-0.8179000000000001,68.69317142857143,3.0640615516632304,-1.2852000000000001,50.1887,1.3336045703281025,0.643185714285714,0.18267142857142857,0.022063598549474643,-0.0007999999999999992,43.87697142857143,0.5612373672351131,0.16781428571428592,28.64157142857143,1.5784791052510732,-0.31007142857142866,68.49719999999999,2.9694144989655316,-0.7709857142857146,50.025014285714285,1.3342955787338044,-0.40944285714285655,0.19774285714285716,0.02634583187418565,-0.0014428571428571426,46.92154285714286,0.6548672864460482,0.18424285714285663,29.211757142857145,2.16429068662009,-0.4941428571428576,71.63634285714285,2.235082329473303,0.6200857142857136,49.7854,0.8125060430544535,-0.05601428571428561,0.20815714285714287,0.030799829931503285,0.005771428571428571,48.51408571428572,0.4845767239855879,-0.24588571428571374,31.484114285714288,3.4136924189839566,0.055328571428571394,69.65181428571428,2.615767059856162,0.05139999999999897,49.21865714285714,1.3654677694928612,-0.4401857142857151,0.212,0.02239523758897575,-0.007928571428571427,44.290085714285716,0.6318657595527923,-0.18969999999999995,29.101200000000002,2.2843820915074553,-0.42442857142857143,69.17598571428572,2.0566329622536808,-0.3139571428571425,49.551542857142856,1.881310743300298,-0.625785714285714,0.17379999999999998,0.04715421508200506,-0.00951428571428571,43.859300000000005,0.6834155983001963,0.1803999999999998,31.2272,2.5421685736132167,-0.11929999999999959,70.19787142857142,1.8713491948451273,0.19972857142857134,49.657085714285714,0.8613252491143424,0.021757142857143412,0.19504285714285716,0.02356691587394338,-0.00307142857142857,45.58725714285714,0.7189344774436243,-0.055171428571428906,31.321371428571428,0.5435538603005923,-0.3836571428571435,70.86834285714286,1.8436690582071649,0.5349714285714283,49.20371428571429,1.300423217557222,-0.17117142857142856,0.20835714285714288,0.020719866243363045,0.010400000000000001,46.66930000000001,0.7996523577988875,-0.16034285714285698,29.80304285714286,1.6701112626180925,0.6491714285714286,70.82414285714286,2.106457264268774,0.10901428571428491,50.13207142857142,2.570375615037815,-0.1825000000000005,0.1964857142857143,0.028316216117943663,0.007871428571428573,45.18112857142857,0.7023662997664147,0.14371428571428574,31.417314285714287,1.6162122204180431,0.4861571428571426,69.22122857142857,2.541510004383407,-0.2618285714285723,49.83177142857142,0.9592148207679818,-0.20805714285714214,0.18374285714285715,0.020792054343174573,-0.0038142857142857145,,,,,,,,,,,,,,,,49.94864672872584,0.10064673007619679,0.20585031666464426,0.26338354312475265,70.31312859090797,0.0462441269077151,51.0716,0.15079294302122095,0.1825,0.9976305745057101,68.0019,0.07041025065998774
0,10,0,,,46.655971428571426,0.7229202531267885,0.06151428571428547,29.479642857142856,2.049084898889537,0.17604285714285695,70.39961428571428,2.1362147055236016,-0.017128571428571604,50.564299999999996,1.3526405004040625,-0.03757142857142932,0.20972857142857143,0.041125406352023414,-0.0066142857142857114,45.82935714285714,0.8383758541711388,-0.05978571428571452,29.818685714285717,0.8790997486606574,0.6455,70.04004285714285,1.4738943074466995,0.7639857142857147,49.28398571428572,1.3511399464015268,-0.20152857142857122,0.19924285714285714,0.024764279190186898,-0.004471428571428575,44.49734285714286,0.49448425946352276,0.14112857142857088,29.9652,1.4611787057030343,0.09248571428571394,69.43742857142857,3.041627387717666,0.3857142857142861,49.86237142857143,1.2879725950944338,0.24324285714285715,0.20294285714285715,0.021184574352018242,0.0082,47.627128571428564,0.5121689816011786,0.05452857142857174,28.367114285714287,1.7410572989121313,-0.5889857142857144,71.16765714285714,1.4221400327876,0.09702857142857065,50.71268571428572,1.7812114879378986,0.0015857142857141429,0.19798571428571426,0.02145114049582049,0.0017142857142857118,47.6537,0.8463207863058556,-0.31071428571428533,30.886857142857142,1.5590005771403,-0.12839999999999918,69.24347142857143,1.7935759975667696,-0.2923000000000014,50.120628571428576,1.4999402240470312,-0.1810142857142856,0.2069142857142857,0.01707106993048278,0.0007428571428571404,44.14162857142857,0.548799871581261,-0.1491571428571429,29.490085714285716,1.909475870868381,0.8172428571428567,69.0298142857143,1.3356031327063453,0.5512999999999997,50.00734285714286,1.6846026404438892,0.5739571428571425,0.20224285714285714,0.026030229679026278,-0.001285714285714287,44.012928571428574,0.637071465677889,0.17444285714285712,30.10991428571429,2.4788054982380574,-0.1497714285714287,70.24238571428572,2.7813501574046926,-0.06392857142857013,49.93304285714286,1.0019079130291724,-0.11885714285714297,0.20585714285714288,0.02411865509951842,7.142857142857149e-05,44.01807142857143,0.36773570542941425,-0.038871428571427814,29.24164285714286,2.090327545989819,-0.23179999999999978,69.2896,2.1974693930367675,0.014071428571426736,49.49447142857143,1.3027106876487509,-0.08527142857142829,0.21785714285714283,0.04762831290814517,-0.0014000000000000004,46.045542857142856,0.8181780426800945,-0.11205714285714256,30.99327142857143,1.797688654647308,0.4802428571428575,70.46955714285714,2.0407383205245333,-0.16292857142857184,49.38081428571428,1.7806582223329557,-0.13462857142857235,0.2144714285714286,0.02486970809946075,-0.003942857142857141,44.60232857142857,0.5851937477288138,-0.03231428571428552,29.805657142857143,2.023820100583007,-0.15442857142857136,69.83155714285715,2.785902711185445,0.22852857142857122,49.573771428571426,1.7630399141958262,-0.2690714285714283,0.21454285714285715,0.02442606921186574,9.999999999999691e-05,,,,,,,,,,,,,,,,50.030971521475344,0.10064673007619679,0.20839459602460558,0.26338354312475265,70.08070085188916,0.0462441269077151,51.0716,0.1506629479962178,0.1825,0.9976279758908885,68.0019,0.07035126537179963
0,11,0,,,46.562242857142856,0.5912243084118673,-0.13137142857142795,30.06512857142857,1.4652151920614374,0.11105714285714287,70.39757142857142,1.8647185987116148,0.04875714285714139,50.58292857142857,1.565820262901941,-0.03890000000000019,0.19532857142857143,0.0312614626596237,-0.00902857142857143,45.98515714285714,0.6645843484393313,0.08278571428571471,30.48675714285714,1.5206188245328922,0.20541428571428558,71.71972857142858,1.4778293042097306,0.457100000000001,49.09609999999999,1.3801277622017525,-0.02679999999999946,0.2072142857142857,0.0316706188009975,0.004699999999999998,44.419285714285714,0.5995240735466304,-0.07651428571428605,30.716942857142858,1.8441447483473674,0.5344857142857141,70.6618,1.1065911319602377,-0.09264285714285693,50.908742857142855,0.9587695184577967,-0.05904285714285708,0.20658571428571432,0.03714473621620467,-0.007842857142857143,47.74511428571429,0.3232165653170479,-0.0786285714285709,29.804542857142856,2.8363034069348894,0.1583142857142857,69.52897142857144,1.6850652249633378,0.04192857142857065,49.302685714285715,1.0076311369222573,0.2587999999999998,0.2129142857142857,0.027554033496110214,0.0068000000000000005,47.231142857142856,0.5733761820920863,0.01825714285714294,29.23317142857143,1.7913132321607685,-0.22497142857142904,69.53134285714286,1.443097057093003,0.06904285714285711,50.03884285714286,0.5254826633903171,-0.23154285714285752,0.18605714285714287,0.03658878959202565,-0.005457142857142859,43.78814285714286,0.8320961339836109,-0.00445714285714262,30.24818571428571,1.2295293509151837,0.2864999999999997,70.4673,4.39671293089129,-0.6850714285714291,50.36882857142857,1.6642588627918011,0.10587142857142798,0.19987142857142856,0.03391787701128099,0.004442857142857142,44.666242857142855,0.5765062210047533,0.011028571428572118,29.823385714285713,2.0394364617287217,0.18254285714285703,69.40732857142856,2.0244044973886894,-0.4232285714285707,50.28844285714286,1.4035208392433973,0.10465714285714256,0.19491428571428573,0.03276387383340724,0.004328571428571427,43.84077142857143,0.6115053821357705,0.02617142857142848,30.568057142857146,1.3468877778755437,-0.09195714285714272,68.72715714285714,1.949450819125885,-0.5538142857142857,50.3401,1.6951064804312688,-0.11071428571428552,0.19721428571428573,0.02061814965602137,-0.009985714285714284,45.65082857142857,0.5995651360619578,0.014757142857142469,29.91024285714286,2.469051526974914,0.3326571428571431,71.26454285714286,1.5690293749716877,0.39479999999999954,50.02824285714286,1.103169991217973,0.11671428571428574,0.1906285714285714,0.03452007697392506,-0.0005285714285714298,44.6735,0.6311054639809477,-0.24937142857142902,30.806728571428575,1.184041868226928,0.5453571428571432,70.0341,2.2823080393905313,-0.8108999999999996,50.30755714285714,1.3471218713206703,-0.3771428571428572,0.2007142857142857,0.012175580557195649,-0.004842857142857144,,,,,,,,,,,,,,,,50.27040225807505,0.10064673007619679,0.20286604914468956,0.26338354312475265,69.99789615635466,0.0462441269077151,51.0716,0.15053317690942764,0.1825,0.9976253772896042,68.0019,0.07029237882923223
0,12,0,,,46.25735714285714,0.5266778295983531,0.11354285714285643,30.897542857142856,1.8902229179448262,0.37805714285714337,70.78827142857142,2.3952097240911985,0.4945428571428567,50.92961428571429,1.2510565607098922,-0.0121857142857138,0.18901428571428572,0.03644500096361768,0.008499999999999999,46.12698571428571,0.42151288801407616,0.03338571428571413,30.244814285714284,0.8152483290968586,-0.28807142857142864,71.6534,2.6320943726748784,0.027157142857143008,49.39431428571429,1.0018096383188688,-0.2935857142857147,0.17848571428571428,0.029528767248872573,-0.00651428571428571,44.85817142857143,0.48358388005356395,0.26228571428571407,30.63042857142857,0.9252267644822579,-0.33414285714285746,70.33377142857144,1.0994867373979724,-0.08455714285714423,49.91898571428572,1.4938823039634719,-0.12295714285714306,0.1938,0.029912650612519576,0.0011285714285714313,47.49581428571429,0.48889671857016015,0.040357142857142696,30.57784285714286,0.6428483021085203,0.619057142857143,69.65031428571429,2.4384409605514414,-0.5722285714285716,49.523857142857146,1.063259212448755,0.00981428571428568,0.20465714285714284,0.01566576491832407,-0.004942857142857142,48.52345714285714,0.9434057590403516,0.09385714285714337,29.701657142857147,2.3153285705324356,0.7052142857142856,70.99425714285715,1.377437296645623,0.4497571428571417,49.253457142857144,1.0437564544425355,-0.29992857142857127,0.18925714285714285,0.03207963305810804,0.002457142857142856,45.269771428571424,0.3626070035832042,0.07221428571428541,30.911971428571427,0.8641387845986527,0.26371428571428573,70.65178571428571,1.0609800743158446,0.31821428571428456,50.24855714285714,1.4814633057185564,-0.43345714285714265,0.18649999999999997,0.04530161880845613,-0.001371428571428571,44.0475,0.6471995725173989,-0.2920142857142857,30.504014285714288,1.837081131785397,0.2771428571428573,70.42864285714286,2.040177965159813,0.22951428571428575,49.6818,1.682465260661662,-0.2773285714285712,0.21062857142857144,0.03438641758435612,-0.0066428571428571405,44.64608571428572,0.4466006546814918,0.05420000000000057,29.97612857142857,1.5201936967749594,0.9717857142857146,70.26097142857142,1.4934251032601682,0.03199999999999851,51.0188,1.5004257051473153,-0.15827142857142867,0.19535714285714284,0.023666351439885897,-0.003499999999999999,44.762385714285706,0.5046771721559451,0.09142857142857151,29.010985714285713,1.1308105270535969,-0.3399714285714285,70.7534,2.180963959659473,-0.16795714285714375,49.83291428571429,0.7245612935392621,0.29248571428571474,0.19415714285714286,0.03690645188142836,-0.0029428571428571438,43.63535714285714,0.8662196620125256,-0.19851428571428592,29.203085714285717,2.641152110619251,-0.5588857142857145,70.3384142857143,2.167732717555801,0.5515000000000002,50.633114285714285,1.3296936156230095,-0.2344857142857149,0.19497142857142857,0.019499890109580458,-0.006214285714285716,,,,,,,,,,,,,,,,50.46256894498784,0.10064673007619679,0.2023686712246971,0.26338354312475265,70.22370936266014,0.0462441269077151,51.0716,0.15040362918269184,0.1825,0.9976227787018577,68.0019,0.07023359078453201
0,13,0,,,47.2909,0.46214833837915154,0.10260000000000044,30.73448571428571,1.3198900527803867,0.08907142857142857,70.02784285714286,1.9188081559978516,-0.08207142857142864,49.6236,1.2890068774060133,-0.07537142857142852,0.19877142857142857,0.029163545411221528,0.008299999999999998,45.751999999999995,0.4271754986732241,-0.020685714285713783,30.960171428571424,1.4817214197393058,0.3263714285714282,68.90438571428571,2.6343596188502247,-0.36182857142857267,49.243199999999995,1.6793525389268371,0.29465714285714334,0.1922,0.04111143393266645,-0.002742857142857142,44.92257142857142,0.5908821222384301,0.06168571428571364,30.395314285714285,2.446439259024276,-0.4825714285714286,69.50767142857143,2.082614113491542,-0.1869428571428569,49.94948571428571,1.3655804766088344,0.22011428571428532,0.2114857142857143,0.02065441264971627,-0.0006000000000000014,47.727557142857144,0.2132051504785741,0.01322857142857105,30.671857142857142,0.4508794031561844,0.08527142857142879,71.1027142857143,1.494667393802132,0.6572285714285714,49.20895714285714,1.056632580192289,-0.10861428571428584,0.19921428571428573,0.03421687831910977,0.001614285714285711,47.568685714285714,0.8463054933623291,-0.21094285714285782,29.784271428571433,1.9664954781830164,0.025614285714285905,69.39744285714286,3.172658982019753,-0.6254285714285714,51.15488571428572,1.630345543566914,0.7107714285714286,0.20927142857142858,0.029553212701031114,0.0025285714285714317,43.91942857142857,0.5285281314313565,-0.34278571428571375,30.185185714285716,1.3232901211608565,0.1056285714285714,69.0589,2.530791247153041,-0.6622571428571433,49.9351,1.0144215100243203,0.024214285714285615,0.1971285714285714,0.02409859707436063,0.006499999999999998,43.71472857142857,0.6421396595609038,-0.1471285714285711,30.857642857142856,1.2090675785595373,-0.1953714285714285,71.00647142857143,1.5114212072463662,-0.34727142857142973,50.01051428571429,1.1890723757458581,-0.010871428571429118,0.2035857142857143,0.02103484637226433,-0.0009142857142857127,44.72418571428572,0.16958736616250225,0.05498571428571454,29.618314285714288,1.72432291390812,-0.11417142857142844,69.71217142857142,2.216239455108807,0.21065714285714218,51.051928571428576,1.4041156644122204,-0.18258571428571457,0.20060000000000003,0.015142544920411035,0.004814285714285711,45.001,0.42569602613453467,0.17605714285714363,30.765342857142855,1.632946114498935,0.5401857142857145,69.68734285714287,1.3740381870690712,-0.5387142857142858,49.77215714285715,1.37505183642552,-0.021971428571428118,0.20392857142857143,0.03874036285691853,-0.0018857142857142842,43.5375,0.4460761369990082,0.17415714285714248,30.543385714285716,2.7754021915322307,-0.37619999999999976,70.95360000000001,1.9862632067947572,0.41748571428571374,50.6481,1.1657793373247625,-0.3888999999999996,0.1798,0.037035928501929063,-0.008057142857142856,,,,,,,,,,,,,,,,50.47194894765998,0.10064673007619679,0.2037728073526758,0.26338354312475265,70.14291321362523,0.0462441269077151,51.0716,0.1502743042398403,0.1825,0.9976201801276485,68.0019,0.07017490099077354
0,14,0,,,47.67678571428571,0.5554754132829277,0.03347142857142923,30.665714285714284,1.4451236941620624,0.44897142857142874,70.48925714285714,2.0214821541442967,0.33261428571428553,49.65227142857143,1.6048875887055014,0.2288428571428572,0.2018,0.030193818351885653,0.0006857142857142855,45.47410000000001,0.48772983300188316,0.031242857142856906,29.58095714285714,2.1810358027453685,-0.5439571428571425,71.29441428571428,1.968501472718601,0.8741857142857157,49.75995714285715,1.445020912025318,-0.11941428571428604,0.2003285714285714,0.02955761121864182,0.007257142857142855,45.385200000000005,0.5055197787096994,0.24111428571428511,30.263399999999997,1.3439404339478787,0.5980571428571427,68.55887142857144,2.041921536783666,-0.2643571428571424,49.659299999999995,1.3433083252428057,-0.19438571428571447,0.20614285714285716,0.016786190469436156,-0.00024285714285714386,47.65072857142858,0.2515745529945233,-0.04041428571428644,29.79088571428571,2.4318162234761647,0.01431428571428585,69.80781428571429,0.9946791734499677,-0.07157142857142926,49.372128571428576,1.1924880233001451,0.13760000000000008,0.2085857142857143,0.02462298577694081,-0.0036,46.76087142857143,0.718203612527548,0.0675857142857136,30.482642857142856,2.140227644322855,0.7089857142857144,69.21844285714285,2.1071799297142655,0.19250000000000153,50.54031428571428,1.4584478478032212,-0.039857142857143354,0.2032857142857143,0.01722347512083723,0.009942857142857142,43.62755714285714,0.526815523870107,0.08377142857142925,29.114542857142858,0.9366731426652863,-0.01951428571428591,69.4302,2.6062791843289754,0.18934285714285742,50.62345714285714,0.9979556133368968,0.4482428571428575,0.20820000000000002,0.02495342327884769,0.0005000000000000004,42.971871428571426,0.5926771344621896,-0.13767142857142897,31.078728571428574,1.6115018375357115,-0.07022857142857168,70.40848571428572,2.2311735891144218,0.42122857142857334,49.30378571428571,1.36812092354022,0.27401428571428504,0.19802857142857144,0.03840944824240142,-0.014985714285714286,45.38831428571428,0.5738382130547968,-0.21037142857142857,30.988214285714285,1.371993964307166,0.3624285714285718,70.21248571428572,1.7423922916769585,0.22522857142857333,50.16241428571429,1.7206432125115136,-0.22434285714285704,0.1965142857142857,0.03773960910287882,-0.0020285714285714273,44.28321428571429,0.5058427964911778,0.15118571428571365,29.007057142857146,2.3638406163537753,0.011828571428571268,70.43508571428572,1.89082633208221,0.17567142857142773,49.62387142857143,1.361179700008171,-0.13728571428571407,0.21565714285714283,0.035489944920726386,-0.002742857142857142,43.11121428571429,0.26262093359418953,-0.11124285714285723,31.4581,1.9437631465793483,0.3731428571428569,70.90397142857142,2.037302431905369,0.3365000000000009,49.86388571428571,1.6372513932691937,-0.005385714285714422,0.20600000000000002,0.04281327675694381,0.0022142857142857164,,,,,,,,,,,,,,,,50.22009243779213,0.10064673007619679,0.2026785759286924,0.26338354312475265,70.2165711356239,0.0462441269077151,51.0716,0.15014520150668287,0.1825,0.9976175815669767,68.0019,0.0701163092018561
0,15,0,,,47.385157142857146,0.6904985007396875,-0.15052857142857132,29.495628571428572,3.0783910752828234,-0.7043571428571427,71.55749999999999,1.527995714435541,0.8528428571428586,49.93501428571428,1.4417235928204983,0.3813142857142862,0.1942714285714286,0.01605570659565358,-0.0027285714285714296,46.0064,0.5649745451493684,0.04432857142857115,29.96314285714286,1.5249046307415866,0.1942999999999999,70.24764285714285,1.780953254914507,0.01441428571428511,50.525557142857146,1.3897586911128792,-0.3334142857142857,0.18961428571428574,0.026164507038570917,-0.0006571428571428602,45.63032857142857,0.8335179116537648,-0.24758571428571433,29.870900000000002,2.30960063791701,0.1205142857142855,69.26138571428571,1.532029436649906,-0.18712857142857128,49.53971428571429,1.6580640452332374,0.3125571428571427,0.20788571428571428,0.02520287209634569,0.0001857142857142851,48.61702857142857,0.9582754139848307,0.27728571428571464,30.960299999999997,1.6442300781824937,0.9738999999999999,70.29294285714286,1.21940905203725,0.26811428571428614,50.569342857142864,1.3273923532715555,0.32507142857142873,0.21151428571428574,0.01626800833655108,0.004457142857142858,47.00924285714286,0.5358547902095153,0.036257142857142606,30.163214285714286,1.9355535637370498,-0.43869999999999976,70.0175,1.3254134977432828,0.5143857142857128,50.21355714285714,1.602925728012297,0.24797142857142823,0.18791428571428573,0.03452426337961121,-0.007614285714285717,45.38784285714286,0.5108146691222435,0.27997142857142876,29.419,1.8511512390942018,0.07101428571428617,70.04205714285715,2.825703412637357,-0.08934285714285702,50.58457142857143,1.7642210601417714,-0.34354285714285737,0.19188571428571427,0.03732623869663398,-0.007142857142857141,42.79757142857142,0.4082869281697755,0.02081428571428542,29.075142857142854,1.7163512178039502,-0.6695999999999996,70.03805714285714,3.5066756032160113,-0.9803714285714287,49.44211428571429,1.2795471027262808,-0.3999142857142855,0.19824285714285717,0.042515246564922914,0.002614285714285712,44.694814285714294,0.7293012624619549,-0.24587142857142855,29.465028571428572,2.6035739088890173,-0.05137142857142862,70.75205714285714,1.7518932671609537,-0.18345714285714262,50.668057142857144,1.3035894124265412,0.05741428571428538,0.18814285714285714,0.037209401013850285,-0.010885714285714285,44.11157142857143,0.7064807185722761,0.05618571428571479,30.507485714285714,2.159027926659409,0.3669000000000001,69.38424285714287,1.6955834500816385,-0.01925714285714264,49.54638571428571,0.7393213541904201,-0.1563999999999999,0.20287142857142856,0.016513299113715817,-0.002514285714285715,43.19464285714286,0.25005645267376025,-0.004100000000000088,29.682657142857146,1.2350783535969707,-0.4433428571428572,71.1599,2.997748709726447,0.3121714285714278,50.591814285714285,1.288060326522765,-0.13725714285714272,0.1883,0.021316347404437448,-0.0026714285714285707,,,,,,,,,,,,,,,,50.363259835196374,0.10064673007619679,0.20043654930472646,0.26338354312475265,70.29600862388526,0.0462441269077151,51.0716,0.15001632041100085,0.1825,0.9976149830198419,68.0019,0.07005781517250016
0,16,0,,,47.38628571428571,0.5996156697656505,-0.23539999999999953,30.441614285714284,3.0606969437415046,0.758228571428572,70.98915714285714,1.5217870524016162,0.13028571428571314,50.430099999999996,1.613811298345218,-0.06628571428571409,0.18947142857142854,0.03582400099959587,0.007242857142857142,47.3347,0.6933173275396911,0.31231428571428566,29.89624285714286,1.621257870561353,0.36191428571428574,70.45055714285715,1.2738763543572609,0.28578571428571464,50.120442857142855,0.8129085575002442,-0.2375000000000002,0.19765714285714284,0.026715592023065064,0.003371428571428573,45.58018571428572,1.1365555865986545,0.03268571428571424,29.760299999999997,1.617772686957798,-0.09964285714285737,70.49547142857143,1.5276857025298483,0.7233285714285712,50.55578571428571,1.3303346288666997,0.1963714285714287,0.20697142857142856,0.026373959018048714,0.0012142857142857153,49.180771428571425,0.23928854070869157,-0.11602857142857204,29.480257142857145,1.6289182748653879,-0.18782857142857168,69.713,1.740209564008471,-0.30352857142857204,50.0222,1.2955216504044478,-0.04935714285714304,0.21374285714285715,0.022373411090165125,-0.0005142857142857131,46.93158571428571,0.6189706089645204,-0.16014285714285745,30.452785714285717,1.6861191233406927,0.7476285714285714,69.46928571428572,2.161657339040738,-0.38489999999999974,49.85585714285714,1.290269906979575,0.024371428571428617,0.19799999999999998,0.020679136023216024,-0.001328571428571429,45.316542857142856,0.5185604331774026,-0.01668571428571397,29.859885714285717,1.6504939537691656,0.018099999999999943,70.46222857142858,1.4254700496260533,0.838557142857143,49.978028571428574,1.355624743693582,0.018185714285714027,0.1842,0.03274884221872073,0.0026857142857142874,42.93817142857143,0.3197462885596111,0.03708571428571413,29.20134285714286,1.2980004556459541,0.21801428571428566,70.61465714285714,1.3763035031769026,0.6596142857142857,48.98041428571428,2.041471550482283,0.13575714285714266,0.20714285714285713,0.026140827399737363,-0.007757142857142856,44.36814285714286,0.8453326462743435,0.06740000000000025,29.278685714285718,2.5336239956687705,0.01207142857142886,69.82115714285715,1.603772981500342,0.3437428571428569,49.07772857142857,1.039630186996417,-0.1349571428571425,0.20974285714285718,0.04280490069851261,0.01212857142857143,43.623442857142855,0.9476847416329653,0.1142714285714287,29.76685714285714,1.8178766788547018,0.33340000000000003,71.65565714285715,2.3526675150115666,0.539514285714284,50.643885714285716,1.254295739221261,0.2876714285714286,0.19365714285714283,0.02730896416581051,-0.003985714285714287,43.44757142857143,0.47681714774210066,-0.058871428571427895,29.4255,1.0307983233073865,-0.10191428571428572,69.9633857142857,1.0796900472335944,0.2911428571428587,49.642985714285714,1.6045337073727217,-0.3997714285714287,0.18484285714285711,0.027156144617308836,0.005585714285714285,,,,,,,,,,,,,,,,49.91297521360484,0.10064673007619679,0.20622143711263863,0.26338354312475265,70.1589584505314,0.0462441269077151,51.0716,0.14988766038253865,0.1825,0.9976123844862445,68.0019,0.06999941865824402
0,17,0,,,47.500614285714285,0.6308862402170263,-0.009157142857143339,30.154257142857144,1.9204908329705268,-0.4098428571428571,68.86481428571429,3.020460981058237,0.4466571428571423,49.873414285714276,1.4863704040700139,0.39564285714285724,0.1938857142857143,0.03395940854272095,0.0015285714285714267,47.9081,0.617764256546779,0.03998571428571397,30.68821428571428,2.7163275283788115,0.14369999999999955,72.34734285714286,2.007997604461658,0.04001428571428635,49.292785714285706,1.6882284881186056,-0.5707571428571429,0.1853142857142857,0.04003038131933578,-0.004242857142857144,46.19420000000001,0.5569120038211233,-0.1312571428571425,30.11124285714286,1.794676237149889,0.35055714285714246,70.5873,2.3124938868387295,-0.16877142857142807,50.23571428571429,1.3372204872153846,0.12029999999999928,0.21592857142857144,0.02481005940377905,0.0003999999999999996,49.444185714285716,0.47316241900867395,0.09394285714285745,30.271957142857143,0.8397614817258893,0.12390000000000002,69.5568,1.3549660832163037,-0.3293857142857145,49.655328571428576,1.4458111595390386,0.12804285714285765,0.20467142857142856,0.007318860176674675,-0.001757142857142858,46.46817142857143,0.5180081843442379,-0.09951428571428624,30.184714285714286,1.9136805998115751,-0.1464428571428569,69.96214285714287,2.7560998523621305,0.6507999999999997,49.6845,1.6995710301916207,-0.09045714285714317,0.21060000000000004,0.023461670869740017,0.005,45.59442857142857,0.7372885814800973,-0.057457142857142936,30.79685714285714,2.8293790772636216,0.4981571428571431,71.09115714285714,2.07257935421635,0.9533285714285711,49.789142857142856,1.4852548062617987,-0.30135714285714243,0.19605714285714285,0.03457657478423106,0.011414285714285714,42.23228571428571,0.5632665219608942,-0.15698571428571434,30.747414285714285,2.8714089964269984,0.6316428571428574,69.04974285714286,1.4754265020180197,0.4298571428571429,50.573342857142855,1.3038832461243766,-0.45007142857142873,0.21254285714285714,0.041909460234448984,0.01187142857142857,45.11312857142857,0.5956735227574715,0.02238571428571439,31.106214285714287,2.1260241182612734,0.4731999999999995,69.62192857142858,1.449736850505741,0.04685714285714328,50.35584285714286,1.6118164503205317,-0.22365714285714233,0.18448571428571428,0.03595415731972353,-0.009857142857142858,44.21898571428572,0.3731732637288048,0.16312857142857137,29.62437142857143,3.025868946112441,-0.30775714285714273,71.0823857142857,2.690442969369323,0.691042857142857,49.948442857142865,1.1052107624900633,-0.6623857142857149,0.20757142857142857,0.018653839129940918,0.004514285714285713,43.1081,0.4278156417585821,-0.10162857142857108,30.243214285714284,2.0447183582982538,-0.04395714285714293,70.3063,1.5640583162614747,0.5670857142857143,49.71158571428572,1.6061238852473096,-0.3412428571428571,0.18928571428571428,0.026440967491844214,-0.005885714285714284,,,,,,,,,,,,,,,,50.274859680647154,0.10064673007619679,0.19945709740074133,0.26338354312475265,70.1296273620672,0.0462441269077151,51.0716,0.26073098567625635,0.1825,0.998804982122796,68.0019,0.13085578177569684
0,18,0,,,46.877428571428574,0.6238246968346819,-0.06531428571428576,30.006342857142858,1.6816142174085251,0.3548571428571431,70.28665714285714,2.235883817686079,0.3826428571428571,50.782528571428564,1.475930231768303,0.7465857142857146,0.20527142857142858,0.027509496195902674,0.009685714285714289,47.2459,0.3501346883702247,0.012914285714286069,30.616685714285715,2.443422513899006,-0.08738571428571415,71.28074285714285,1.1472209738568981,0.09402857142857053,48.7403,1.409222157787765,0.16261428571428485,0.2014857142857143,0.040351762810375,0.005357142857142854,44.65761428571428,0.8939343160593906,-0.26732857142857114,30.69955714285714,1.7416997539349879,-0.427228571428571,70.7406,2.289252240361428,0.2867428571428568,50.468785714285715,0.9509986250052598,0.18254285714285703,0.1994142857142857,0.04400615216729849,0.003999999999999999,50.14467142857143,0.39524973419504134,0.09994285714285768,30.6516,1.6530397545128783,-0.13630000000000006,69.2319857142857,1.3895997270539522,0.4753999999999995,49.61098571428571,1.3782582987579788,-0.12998571428571434,0.20701428571428573,0.026451302965476556,-0.004357142857142857,47.43392857142857,1.2652787304441264,0.446628571428571,29.254057142857143,1.3116989070884786,-0.14224285714285706,70.93742857142857,1.7156242767714744,0.2174285714285702,50.28501428571428,1.1879378525110205,0.26668571428571397,0.21115714285714285,0.03003913320669442,-0.006528571428571427,44.919314285714286,0.5062776887195802,-0.07270000000000058,29.81017142857143,1.4916395495273944,0.6491857142857143,70.94417142857142,2.8050515061903933,0.12119999999999972,51.007128571428574,1.369112868142912,0.086114285714286,0.19684285714285712,0.03319291375895651,0.0050857142857142846,42.49177142857143,0.4739687989530343,0.2745999999999995,30.120014285714287,2.743810709231817,0.15507142857142803,69.79355714285715,2.546301081213776,-0.7420142857142865,50.19031428571429,1.5403264864183601,-0.04917142857142868,0.20727142857142858,0.01872740543390133,-0.0126,43.6089,1.0279421254785783,-0.1627428571428575,29.653542857142856,2.0849029504648806,-1.0804714285714283,69.18581428571429,1.3802241260372319,-0.1677571428571432,49.950942857142856,0.9388218376546035,0.1915857142857139,0.20522857142857145,0.03416531936948707,0.006157142857142857,44.015128571428576,0.6680283918974244,-0.09190000000000051,29.5385,1.4932925556188397,-1.0619714285714283,69.58728571428571,4.004637379101335,0.2618714285714288,49.91981428571429,1.2674446594474886,-0.2981571428571428,0.18691428571428573,0.01742052702718151,0.005228571428571431,42.485657142857136,0.6931374367255643,-0.17312857142857144,29.272214285714288,2.170808460327294,-0.32095714285714294,69.82788571428571,1.3185387814150167,-0.644757142857143,50.06485714285714,1.1691746046636875,0.10184285714285782,0.21012857142857144,0.024742319635644012,0.0055571428571428595,,,,,,,,,,,,,,,,50.16021655182589,0.10064673007619679,0.20501242616865697,0.26338354312475265,70.06542117616189,0.0462441269077151,51.0716,0.2571751076497349,0.1825,0.9987808419446995,68.0019,0.12899291963649698
0,19,0,,,46.55787142857143,0.40377616205955463,0.07388571428571465,30.820985714285715,0.6980258625308486,0.7655142857142856,69.75368571428571,2.076710643805555,0.19857142857142865,50.6171,1.5456519864876912,-0.3526285714285708,0.22381428571428572,0.015951742702228554,0.009714285714285712,47.59692857142857,0.5575231645839768,-0.022342857142857855,28.63477142857143,2.4890826688523093,0.05152857142857111,70.39838571428571,1.6324803841890443,-0.44255714285714226,50.72054285714285,1.5298487505383684,-0.16478571428571342,0.18551428571428571,0.04506840832081192,-0.010099999999999998,43.7745,0.6977524823794147,0.06101428571428613,29.56895714285714,1.7695267859488435,0.2074000000000003,70.08294285714285,1.335935890249597,0.23775714285714247,50.285557142857144,0.800197587801782,-0.1162000000000002,0.20868571428571428,0.028102041952583468,0.0027571428571428586,49.44231428571429,0.6242210437247527,-0.2659571428571427,30.313871428571428,1.6430191099662443,0.5015142857142852,69.97421428571428,1.3936093790687745,0.1541571428571424,49.128699999999995,1.6108639669444522,0.0006857142857147178,0.20647142857142858,0.02656198500901331,0.00038571428571428687,47.93468571428571,0.5970075583792402,-0.09674285714285702,31.016057142857143,2.0301492070429434,0.12604285714285726,70.44634285714285,1.5124295629407678,0.05222857142857151,48.935985714285714,0.9499674896692563,-0.43430000000000035,0.1994142857142857,0.03302465889661996,-0.0077142857142857135,44.42404285714286,0.5843905311152402,-0.16739999999999963,29.931414285714286,1.704565507129382,-0.05048571428571437,70.16597142857144,1.0278101895361167,-0.47672857142857034,49.31247142857143,1.8886534830527888,-0.3658000000000001,0.2215,0.021338306711952013,-0.002657142857142858,42.953228571428575,0.42740830874117974,-0.008999999999999326,29.045957142857144,1.2111820491529737,-0.8227714285714285,71.03434285714286,2.0351986036233267,0.3705857142857139,49.96384285714286,1.1391563206413644,0.010771428571428845,0.20897142857142859,0.0385304085230404,0.00888571428571429,43.50305714285714,1.0862443844997431,-0.3311000000000003,29.49582857142857,1.9233174774455797,-0.17428571428571463,70.04957142857143,1.8180464641241494,0.765514285714285,49.879957142857144,0.8624007978837406,-0.40489999999999987,0.18710000000000002,0.010131304621485548,-0.01184285714285714,43.6563,0.3547402476932153,0.05418571428571438,30.33887142857143,2.648090112838734,0.6655285714285709,69.79711428571429,1.8627461666660232,-0.11947142857142776,51.028099999999995,1.4675028869931865,-0.11825714285714232,0.21347142857142856,0.03240929466915913,0.0034857142857142864,42.8246,0.32259107241210416,-0.010442857142856659,30.11875714285714,1.198232758214003,-0.3538571428571429,70.5602,2.3110857131082967,0.3040142857142842,50.54978571428571,0.6079653538061321,0.018671428571428197,0.18102857142857146,0.029631498684435754,0.0017428571428571413,,,,,,,,,,,,,,,,50.140117701770755,0.10064673007619679,0.2001572524727307,0.26338354312475265,70.19258635627169,0.0462441269077151,51.0716,0.25134752070547106,0.1825,0.9987398052780784,68.0019,0.12594482755365596
0,20,0,,,46.2035,0.1846480977424937,-0.016000000000000267,31.405871428571427,1.1114178927752567,-0.024185714285714255,69.75701428571429,0.691146630435205,-0.5528142857142869,49.97632857142857,1.227272417075481,0.04812857142857142,0.19095714285714285,0.030826982614956935,0.00032857142857142807,47.50188571428571,0.5191443037300443,-0.016271428571428714,28.909285714285716,2.2396166326915314,-0.15775714285714315,70.35464285714285,2.0669831404385586,0.08435714285714369,49.7799,1.0871889394212895,-0.17084285714285638,0.20718571428571428,0.03366152247356168,0.012985714285714284,44.05041428571428,0.4587957912788787,0.22357142857142825,29.79567142857143,2.1492983628107414,0.44208571428571425,70.35491428571427,1.2310462290649602,0.03718571428571441,49.7703,0.8497767883391247,-0.14562857142857208,0.20158571428571428,0.03504446834958068,0.0035428571428571414,48.74717142857143,0.4899191148014329,-0.1732285714285717,30.450014285714282,1.7406032042834727,-0.04685714285714328,70.24602857142857,1.4912566386711723,0.13968571428571458,49.51957142857143,1.2173410898542865,0.03879999999999991,0.21014285714285713,0.032206461936639216,0.006942857142857144,47.61552857142857,0.6374078148100988,-0.11387142857142862,29.49597142857143,2.1298935558021683,0.06944285714285721,68.11297142857143,3.8465318694092896,-0.2361714285714283,49.423471428571425,1.6441641308116286,-0.036442857142856964,0.22012857142857145,0.025267417377967012,0.009114285714285714,43.50541428571428,0.6094918797068496,-0.041042857142857415,30.486985714285716,1.2336992183788478,-0.23349999999999987,70.12162857142857,1.6615268948713808,-0.08252857142857246,50.01551428571428,1.5964859843090489,-0.19277142857142796,0.1998,0.024717672490210996,-0.0015999999999999983,43.51421428571428,0.30662606123524383,-0.0025285714285721334,28.775614285714283,2.535896419039065,-0.4869571428571428,70.92002857142857,1.724806021667606,0.3376285714285712,51.064171428571434,1.1951216461296497,0.2130428571428575,0.20202857142857142,0.04103745095583281,-0.0023000000000000043,42.986628571428575,0.9791868985954922,0.004957142857142978,30.789728571428572,1.9681400142556777,0.06585714285714264,70.96507142857142,1.7145640998169205,-0.07891428571428653,50.86728571428572,1.1842382381776106,0.10214285714285662,0.19572857142857142,0.02824769691412703,0.005957142857142855,43.7946,0.5687644913905723,0.10658571428571406,30.488699999999998,2.9605458145416312,-0.7801142857142855,69.80887142857144,1.630870013943904,-0.3313857142857139,49.93984285714286,1.4519195660195965,-0.08538571428571474,0.18982857142857143,0.02058751355277549,-0.004485714285714283,43.05777142857143,0.5292946460913146,0.01655714285714335,29.696099999999998,1.7533895421915362,0.5028571428571428,69.9031,2.1279844650122484,-0.006985714285714754,50.3975,0.8232155550036945,0.07781428571428554,0.2069,0.0193028495305745,0.011385714285714289,,,,,,,,,,,,,,,,50.41966928636744,0.10064673007619679,0.2024681468086956,0.26338354312475265,70.32736929074957,0.0462441269077151,51.0716,0.24352573718829412,0.1825,0.9986816445232527,68.0019,0.12186317718406021
0,21,0,,,46.174214285714285,0.319843729700134,0.06577142857142856,31.115342857142856,1.84849186262491,0.05892857142857112,69.70832857142857,1.3105861712916866,0.01610000000000054,49.57755714285714,2.0242628286672195,-0.6379285714285723,0.18814285714285714,0.03546100473961302,0.011471428571428568,47.5742,0.45716339894335983,-0.04165714285714322,30.154857142857143,3.249131416680022,-0.8162714285714284,68.83944285714286,1.464322497331319,-0.3196000000000002,50.022828571428576,1.1339879977528897,0.10144285714285774,0.2018,0.027814145082433666,-0.007557142857142858,44.48345714285715,0.5305505092421725,0.05437142857142874,28.690942857142858,2.097170082005042,0.18607142857142886,69.14465714285714,1.240353198161871,-0.41412857142857107,49.31642857142857,0.9351912312717436,-0.2914428571428575,0.19697142857142858,0.025758410554335736,-0.0033285714285714307,48.12837142857143,1.1334042228530434,-0.24731428571428588,29.822942857142856,1.8873276202584535,0.10688571428571489,70.65594285714286,2.931497017371334,-0.8738000000000008,49.01824285714286,1.6132462974358555,-0.4526857142857149,0.20618571428571428,0.018121573567751476,0.010628571428571432,46.773785714285715,0.7047488262461167,-0.1366428571428569,31.305842857142856,1.6824444873032456,0.25867142857142816,68.32527142857143,2.988397302186347,0.4170000000000016,49.68408571428571,1.6102115486570359,0.06908571428571365,0.19674285714285714,0.03131106604928777,0.0036714285714285716,43.1239,0.9518726000188705,-0.040985714285713674,29.947957142857142,1.4108803904621006,0.22951428571428575,68.2621,1.175272140116155,-0.4214285714285718,50.38151428571429,1.911737380350301,0.3393571428571422,0.19201428571428572,0.022311314661058436,-0.0017142857142857157,43.58862857142857,0.3726319887606134,-0.1431285714285713,30.496285714285712,1.3778258301016237,-0.15521428571428533,69.84270000000001,1.9669817640232354,-0.6223571428571424,50.17441428571429,1.4627130379635622,0.08447142857142811,0.2008285714285714,0.047595648060360686,0.011557142857142853,42.89328571428571,0.5655834757976516,-0.10225714285714307,29.506642857142854,1.7296677309598552,0.49099999999999966,70.0687,1.6144666838722452,0.30297142857142895,49.23445714285714,1.9109642442644303,-0.5010714285714286,0.19687142857142859,0.03528567765565867,-0.014757142857142858,44.3807,0.472316186468446,0.059585714285714984,30.2467,0.8100024835352678,0.42572857142857146,69.78664285714287,2.400036219766477,0.5590428571428581,50.53472857142857,1.5151528511608978,-0.28169999999999973,0.2215,0.01975693970904078,0.003571428571428575,41.40737142857143,0.32886886806300614,-0.033285714285713856,29.731428571428573,1.7420148264909425,-0.9169428571428574,70.1299,3.0360452346213043,-0.1325714285714302,49.81774285714285,1.1604833775301713,-0.0754571428571426,0.19461428571428568,0.03393402562676724,-0.006185714285714287,,,,,,,,,,,,,,,,49.957351241770446,0.10064673007619679,0.20277422552869095,0.26338354312475265,70.19540252775123,0.0462441269077151,51.0716,0.23437579178703694,0.1825,0.998608690779975,68.0019,0.1171022107151069
0,22,0,,,46.33282857142857,0.7433349642304937,0.2031000000000002,30.15978571428571,2.11913853757337,-0.3011285714285715,69.91165714285714,2.3623891895403646,0.05368571428571402,48.41598571428572,2.2129108766724457,0.13761428571428627,0.21462857142857142,0.04026626852531021,0.007442857142857144,47.408271428571425,0.5447273345883581,-0.11091428571428606,29.2655,3.029218792582225,-1.1119857142857137,70.19367142857142,1.8715100843207777,0.379642857142857,49.501914285714285,1.3346277751100561,0.07787142857142827,0.19652857142857144,0.028593572371293213,-0.009857142857142858,44.76100000000001,0.8036760375507797,-0.07571428571428587,30.21812857142857,2.3256279895362244,0.5659857142857143,70.48854285714286,1.5789411672141722,0.6310999999999994,49.13307142857143,1.046498113892658,0.20407142857142851,0.20247142857142858,0.019371346045617154,-0.0006285714285714268,47.51598571428571,0.6470022061492708,-0.04608571428571447,30.807942857142855,2.176037673430881,0.5312285714285717,68.40228571428572,3.328539188807671,0.03518571428571298,49.509414285714286,1.8975695555355134,0.23932857142857142,0.19852857142857142,0.026429384800868563,0.0053142857142857115,46.82687142857143,0.5697746388245617,0.14787142857142857,30.928171428571428,2.837973105765376,0.5864000000000006,68.77581428571429,2.093256997622492,-0.6661857142857153,50.21837142857144,1.3971476785630712,-0.10214285714285662,0.2060142857142857,0.03320052351853457,0.00021428571428571446,41.97042857142857,0.7674717860488218,0.007842857142856628,32.2883,1.5664541327469463,0.8267142857142856,70.45847142857143,2.3933511977380895,-0.004828571428571341,50.47224285714286,2.276917391897187,-0.052885714285713856,0.19495714285714286,0.021537785180379847,0.0036285714285714294,43.7065,0.5180665176082565,0.09547142857142786,30.217057142857147,1.6103430254215345,-0.0098,69.9871,1.328566721445816,0.5096285714285723,50.274157142857135,0.8113009898863032,-0.10942857142857118,0.20331428571428573,0.015254882122502008,-0.007614285714285708,41.66797142857143,0.7400024092626145,-0.1696571428571423,29.703714285714284,2.049834209904608,0.09741428571428555,70.9079,1.9363445130795884,0.2398857142857135,49.70938571428571,1.4774801334576138,0.45422857142857154,0.1941571428571429,0.019254770590069154,0.004842857142857144,43.964285714285715,0.33335285323814046,-0.045271428571429136,30.004014285714284,1.539425307735067,-0.05947142857142903,71.30012857142857,0.9303560764825238,-0.04950000000000086,50.94555714285714,1.513081181846225,-0.13051428571428605,0.20404285714285714,0.0179319879120022,0.00021428571428571446,40.32011428571429,0.748488297456094,-0.20210000000000047,29.31547142857143,2.3941434019389045,-0.39000000000000007,69.52792857142857,2.1745464536421895,0.04798571428571563,50.26981428571428,1.5654240952838527,0.36354285714285745,0.2110857142857143,0.035776641754615486,0.004242857142857144,,,,,,,,,,,,,,,,50.09182221582622,0.10064673007619679,0.202047288568702,0.26338354312475265,70.31895232416176,0.0462441269077151,51.0716,0.2241005052322275,0.1825,0.9985196775395504,68.0019,0.11177330320683675
0,23,0,,,46.2799,0.831538658151217,0.051242857142858,29.073271428571427,1.788423977243924,-0.4150285714285715,69.68234285714286,1.9267118975577313,0.38005714285714426,51.21960000000001,0.889150236649233,0.4090999999999992,0.20500000000000002,0.017757721325290316,-0.00502857142857143,47.0018,0.7921572907784544,-0.2448428571428575,30.453657142857143,2.2485614326031804,0.11248571428571401,70.20045714285715,1.1909016736030547,0.3849857142857149,49.85207142857143,1.2238366798913982,0.40051428571428616,0.2093,0.028083269040480342,0.0006571428571428561,43.73802857142857,0.6503323373842073,0.06064285714285741,29.950942857142856,1.3611800062900556,-0.3036999999999997,71.72198571428571,3.2154190392692126,0.6792000000000006,51.128542857142854,1.22620254832707,0.2843285714285711,0.19849999999999998,0.020673815967708217,0.0020571428571428568,47.302171428571434,0.6932714805286516,-0.21631428571428607,29.83487142857143,1.7605056846583162,-0.07412857142857122,68.87128571428572,2.1184103453836345,-0.20258571428571567,49.405300000000004,1.546177289317111,-0.13760000000000008,0.227,0.03294515644724319,0.0018428571428571422,45.9472,0.5175779103993711,-0.0723857142857146,29.128700000000002,2.5003786239954446,-0.3852428571428571,70.89858571428572,1.785430837294461,0.08581428571428416,50.42618571428572,1.436247609140495,0.496771428571428,0.18927142857142856,0.042734479220948966,-0.005014285714285713,41.883971428571435,0.9117676288658412,-0.2508428571428567,30.56735714285714,1.7929195360799415,-0.7442000000000003,70.38922857142857,1.920747330003175,0.5262857142857139,50.36955714285714,0.7970813004479967,0.08125714285714228,0.19422857142857144,0.02118660852879432,0.0024285714285714266,44.26792857142857,0.5595576160811369,-0.0547142857142861,30.50222857142857,2.33444451116626,-0.5553999999999998,71.14272857142858,2.6041870156309446,0.8130999999999996,50.70932857142857,2.123398162313018,0.050914285714285815,0.18357142857142855,0.034075050221812564,-0.0005142857142857131,41.36091428571428,0.8273557123523884,0.2301000000000002,28.498628571428576,2.501260139552512,-0.37404285714285734,70.45181428571429,1.3917438299109839,-0.17315714285714381,50.42097142857143,1.944753761374694,-0.363585714285714,0.20055714285714288,0.026511875146988835,0.007442857142857144,43.540728571428566,0.700970053364894,-0.023228571428571092,30.2057,1.0399326292281172,0.4344999999999999,71.1218,1.8891515882357561,0.7007428571428562,50.209028571428576,1.5961411035309518,-0.3782999999999999,0.19229999999999997,0.030841854678342526,-0.0022142857142857125,39.64832857142857,0.3945129559103694,0.09631428571428557,30.343342857142854,1.8447100339955316,-0.0438999999999997,70.49194285714286,1.4216591010237984,-0.5743999999999991,49.43158571428571,1.4249962823677547,0.10252857142857152,0.18619999999999998,0.034424990922293654,0.0024285714285714266,,,,,,,,,,,,,,,,50.29330014299398,0.10064673007619679,0.20376132940067598,0.26338354312475265,70.25180587856387,0.0462441269077151,51.0716,0.21334649028502764,0.1825,0.9984173540519824,68.0019,0.1062159649652586
0,24,0,,,46.258399999999995,0.7551510930491063,0.05035714285714273,29.876285714285718,2.5929383148779155,-0.034214285714285655,70.26232857142858,2.6981248653551426,-0.2727000000000004,49.40145714285715,0.9932276255675332,-0.337057142857143,0.22034285714285715,0.020300891371469378,0.003999999999999999,46.521142857142856,0.46810602380652067,-0.07479999999999924,28.76204285714286,2.4797425826465336,-0.615042857142857,70.20528571428572,1.408496212784632,0.18640000000000004,50.48452857142858,1.558541261045386,0.005285714285714148,0.20325714285714286,0.030994024001564,-0.0006571428571428561,43.19768571428572,0.6399566923591126,-0.2535857142857146,30.299328571428568,1.875852002614896,-0.005328571428571698,71.41499999999999,2.3663056628423447,-1.161985714285714,50.40148571428572,2.3261560863568906,0.40691428571428545,0.1916857142857143,0.02896695983193202,0.0035428571428571414,47.19171428571428,0.4896944197782924,0.045271428571429136,28.953928571428573,1.8145179798082836,-0.18027142857142867,68.4121,1.2397913238390195,0.21824285714285654,49.68711428571429,1.5439418722095437,0.06131428571428594,0.20168571428571427,0.03741080185238078,-0.007771428571428572,45.4307,0.6398658635474911,-0.14508571428571418,30.307428571428574,1.9758296465993501,-0.05861428571428563,69.32551428571428,1.163333790489822,-0.4172999999999994,49.76865714285714,0.7809847327938401,-0.28110000000000007,0.20984285714285716,0.018403881578157987,0.0091,40.82038571428571,0.4157923336978612,0.03425714285714321,29.4468,2.301496715907562,0.4546428571428573,70.26234285714285,2.851616731994414,0.5432857142857139,49.291114285714286,1.9073256000908039,-0.7639142857142858,0.21311428571428573,0.044975194221238156,0.006285714285714283,45.13238571428571,0.45698004124408026,0.25344285714285675,30.08881428571428,1.566392151227953,0.4162857142857145,69.61351428571429,2.9389465331580795,0.29795714285714325,50.87239999999999,1.4384139784267063,0.03084285714285682,0.20055714285714288,0.034630904172567124,0.002985714285714286,41.450857142857146,0.41788664674051745,-0.0794857142857148,29.899757142857144,2.1953573815798566,-0.6353142857142855,69.24749999999999,2.252190812668108,0.5233999999999993,49.00268571428571,1.2446482186124772,-0.12672857142857094,0.20151428571428573,0.047856571425159894,-0.015671428571428572,43.97255714285715,0.6218149694166152,0.10898571428571456,29.094199999999997,1.905792298931503,0.00914285714285715,71.21742857142857,2.6399931443814997,0.4364,49.36364285714286,0.437064006972144,0.10675714285714324,0.1846857142857143,0.02884905709443709,-0.0023571428571428554,39.879999999999995,0.5590452843913152,-0.008671428571429171,30.65995714285714,1.9602189646883341,0.42985714285714344,70.37182857142857,2.8707714519006315,0.23522857142857237,50.16634285714286,1.4998893002009102,0.1902714285714282,0.1825142857142857,0.03197657624842641,-0.005499999999999997,,,,,,,,,,,,,,,,49.891727626698085,0.10064673007619679,0.20401767032867207,0.26338354312475265,70.07450275080613,0.0462441269077151,51.0716,0.202139368175515,0.1825,0.9982991602203412,68.0019,0.10044595457734283
0,25,0,,,46.95724285714285,0.8638184007786346,0.2715714285714291,29.486142857142855,2.353232969666164,0.2611142857142857,68.02824285714287,0.7574024554513663,-0.3062571428571427,50.67848571428571,2.113518826056507,0.8099857142857151,0.2001142857142857,0.017018561295580534,0.0005428571428571426,46.68882857142857,0.32832501028871863,0.1394142857142851,30.3988,3.3128368019971433,0.017728571428571222,71.59212857142857,1.1648756424532454,0.5235999999999998,50.70102857142857,0.40820933646959257,-0.09057142857142862,0.20588571428571428,0.03109820083603064,-0.005457142857142859,43.01288571428571,0.30021438133753764,0.016142857142857077,30.03097142857143,2.456536056261803,-1.1928285714285711,69.26110000000001,1.7200238137886195,-0.43961428571428485,49.883942857142856,2.2340750948712005,0.2438999999999995,0.20194285714285715,0.02358727461597722,-0.004242857142857144,47.28308571428572,0.44561439394990326,0.059514285714286075,28.555685714285715,2.2365072534561103,-0.18058571428571416,69.49929999999999,1.963050050304329,0.24522857142857138,50.22514285714286,1.2203003385193545,0.10084285714285711,0.1983285714285714,0.029074313651154655,-0.0027714285714285714,45.02705714285714,0.42552088416102596,0.1550142857142863,29.936085714285714,1.6299579866043221,-0.07104285714285753,69.5735,2.4495621731240402,0.017528571428570672,50.43084285714286,1.7910144693786534,-0.1238428571428573,0.2049285714285714,0.025653896018975095,-0.0017142857142857157,41.037014285714285,0.4828112827616185,-0.06727142857142862,30.570857142857143,2.6784543066584363,-0.8410999999999998,69.68944285714285,2.470326973538209,-0.2158142857142857,49.66064285714286,1.3820094052467198,-0.1807857142857137,0.20517142857142856,0.02320780862021187,0.004742857142857144,45.74131428571429,0.7277786600989948,-0.03758571428571348,30.904914285714284,2.278217202425745,-0.5368857142857146,70.20270000000001,2.2058171547070553,-0.6077142857142864,50.00798571428572,0.73108979710333,0.046742857142856815,0.20298571428571427,0.02782525403127103,0.0028285714285714303,41.60151428571429,0.7197068093527954,0.032328571428571706,29.85297142857143,2.443811350953189,0.5171857142857144,70.30109999999999,1.410111328938273,-0.016671428571427782,51.185385714285715,1.0502865345999763,-0.1976142857142855,0.2149857142857143,0.03027630693966431,0.011600000000000001,45.44447142857143,0.4302221585581666,-0.043099999999999535,29.0245,1.884181058178846,-0.037114285714285496,69.9492,2.704168453825868,0.40311428571428515,49.468799999999995,1.618332494678828,-0.5167857142857143,0.18602857142857143,0.020162648163184735,0.00884285714285714,39.225742857142855,0.5719483189275193,0.09185714285714296,29.51865714285714,1.3740006123932766,-0.7500857142857146,70.20662857142858,1.2013154813430043,0.03819999999999928,50.17485714285714,1.730177825019877,-0.2447571428571434,0.21595714285714282,0.029016825989004954,0.011085714285714286,,,,,,,,,,,,,,,,50.509735918321105,0.10064673007619679,0.20762557324061728,0.26338354312475265,70.22961722351602,0.0462441269077151,51.0716,0.1907710717228833,0.1825,0.9981651125264522,68.0019,0.09461523521456494
0,26,0,,,47.872142857142855,0.5555338779262485,0.20252857142857192,30.300814285714285,2.2335947725796763,0.0479142857142857,69.4161,2.82949436177798,-0.41734285714285796,50.36965714285714,2.188258432983602,-0.10268571428571452,0.18439999999999998,0.02849438541186664,-0.003742857142857143,47.10882857142857,0.32052716324997754,0.027842857142857724,31.276214285714286,1.6091408757766423,-0.5885714285714282,70.60958571428571,1.5910435385081716,-0.013600000000000787,49.968242857142855,1.3956169052395622,-0.30538571428571465,0.17401428571428573,0.02828040715002939,-0.007499999999999999,43.76752857142857,0.6785840078533154,0.10615714285714363,29.76962857142857,2.6048563496632444,-0.40198571428571434,69.3672142857143,2.5123319581805217,0.08057142857142756,50.331185714285716,1.432503608405647,0.18088571428571498,0.19175714285714288,0.03100805578893208,-0.005514285714285717,46.90595714285714,0.4289924896668328,-0.14354285714285758,29.90007142857143,3.3051676521846214,1.0490285714285719,69.74601428571428,2.4145729156026268,-0.7977142857142862,50.101,0.9822087133937695,-0.09654285714285749,0.20391428571428571,0.03618952097736899,-0.008185714285714287,45.204742857142854,0.3105254141888841,-0.10884285714285775,31.143485714285713,0.931648906381488,0.4166714285714289,70.56195714285715,1.9952098050557565,0.015071428571429481,49.38524285714285,1.2653044335351726,-0.10142857142857054,0.19501428571428572,0.0187451708066753,-0.000757142857142857,41.696571428571424,0.5016201009871,0.0944428571428568,30.0389,1.584626326088679,0.5570428571428572,68.61954285714286,2.211494196885209,0.06927142857142801,50.369628571428564,1.782937342995448,0.5368428571428571,0.20445714285714287,0.026203680221351663,-0.0034285714285714314,44.4721,0.6113712347394621,0.017771428571427755,29.881514285714285,2.1925664964667595,0.37,69.30835714285715,1.380268339680303,-0.2810999999999991,51.00814285714286,2.0157957749212865,0.2873714285714288,0.2044,0.0337741518521685,0.006371428571428571,41.8495,0.47016518373885524,0.21275714285714287,30.137285714285717,2.3782949371546134,0.31392857142857117,69.80760000000001,3.145278138734311,0.5890142857142848,49.60778571428572,1.8079418716951616,-0.2413714285714294,0.18655714285714284,0.039869823891545544,4.2857142857142104e-05,45.45465714285714,0.39682126899143483,-0.0655857142857142,30.29725714285714,3.377572940666681,-0.5560142857142861,71.20474285714286,1.3030353677180775,-0.18185714285714433,51.08414285714286,1.751970347786718,-0.3254428571428574,0.21741428571428573,0.020666271117566533,0.010471428571428573,40.37311428571429,0.692265489603047,0.015714285714285632,30.405957142857144,2.830148490719841,-0.06341428571428562,69.90508571428572,2.367836151023841,-0.11909999999999903,49.58101428571428,1.6576543662945122,-0.0023000000000002224,0.21104285714285714,0.023321439145334164,0.003114285714285716,,,,,,,,,,,,,,,,50.06305525635909,0.10064673007619679,0.2000118650807329,0.26338354312475265,70.15696252317213,0.0462441269077151,51.0716,0.17973980217843508,0.1825,0.9980188698439401,68.0019,0.08897869669107729
0,27,0,,,48.06661428571429,0.5997965778177399,-0.0047714285714286165,30.08774285714286,1.690741181510987,-0.2928428571428573,68.97245714285714,2.6479888373739713,-0.5174857142857141,49.73142857142857,1.4734066803548602,0.3945142857142849,0.1809285714285714,0.02403994691381503,0.005842857142857145,46.99837142857143,0.4323449614768456,-0.136571428571429,30.585928571428575,1.1128532513533036,-0.4903142857142854,70.73275714285714,1.5017926863775692,-0.3318857142857143,50.54437142857143,1.4247893068968442,-0.0740000000000001,0.17394285714285715,0.031977693117904264,-0.0040428571428571414,44.92241428571428,0.43295399073713586,0.20160000000000014,31.008999999999997,1.9847962279959046,-0.061471428571428434,69.70088571428572,2.358848387404715,-0.338714285714285,50.836085714285716,1.091614980092275,0.12628571428571433,0.21405714285714286,0.03804855919930286,0.008900000000000003,46.06664285714286,0.6078368225577895,-0.20218571428571458,30.086457142857142,2.3687514368383633,-0.3557142857142855,68.70778571428572,2.0507399960571466,-0.4142285714285724,51.220228571428564,1.5605652754843518,0.05441428571428527,0.20525714285714283,0.04251995049945605,0.0021571428571428575,45.83064285714285,0.866627220622491,0.09637142857142932,30.113157142857144,1.641781731186311,0.0446000000000001,69.46278571428572,2.1849614469738587,-0.07112857142857162,50.66858571428572,1.1874183711291924,0.42062857142857063,0.20211428571428572,0.026645914544349333,0.009942857142857142,41.425000000000004,0.3650881217825252,0.015300000000000378,29.43617142857143,1.8212870986514618,-0.3957285714285718,70.47858571428571,2.0813705015594843,0.6314857142857144,50.49971428571428,1.3408878196038552,-0.17330000000000062,0.1997,0.0219885576304283,0.0008428571428571452,44.67098571428572,0.6202667582812785,-0.17760000000000023,30.124171428571426,1.3146782872808007,-0.2781999999999997,70.29484285714287,1.096004789918251,-0.30859999999999843,51.048342857142856,1.0683067550367624,0.4989857142857141,0.20492857142857143,0.01644796991381361,0.009928571428571429,43.4233,0.35715868088766056,0.20139999999999958,29.202400000000004,1.4376226417248672,-0.7758571428571425,70.85444285714286,0.9351236243712262,-0.8328285714285703,50.29455714285714,0.48358399083358933,0.3236142857142862,0.2250857142857143,0.020662480374778427,0.006328571428571429,45.05755714285715,0.703715529308992,-0.17598571428571372,29.38415714285714,2.4760524636721817,0.10677142857142842,70.48548571428572,1.3155155914807504,0.018942857142858673,50.31514285714285,1.4899652869079127,-0.2168285714285716,0.22005714285714287,0.02114661967808394,-0.003914285714285716,40.67244285714286,0.733492371823933,0.04347142857142826,29.500814285714288,2.1492488629197544,0.11869999999999996,70.95627142857144,1.7231581826346902,0.1934999999999982,49.81192857142857,1.3076012933539674,-0.054557142857143096,0.2144714285714286,0.022248124586558962,-0.0010000000000000009,,,,,,,,,,,,,,,,50.2575072824309,0.10064673007619679,0.2103305439285762,0.26338354312475265,70.31108218698743,0.0462441269077151,51.0716,0.169061161804413,0.1825,0.9978591715978876,68.0019,0.083542231489508
0,28,0,,,47.931985714285716,0.46884479105051846,0.005957142857142677,30.716985714285716,1.9879981450599824,-0.2756714285714286,71.17414285714287,1.86892102103256,0.2954285714285711,49.933014285714286,1.5933627568014588,0.41358571428571417,0.17468571428571428,0.024290493927421282,-0.004314285714285715,46.997299999999996,0.3474153613953513,0.01517142857142874,29.795014285714284,1.8353292269858779,-0.39611428571428575,69.86972857142857,2.7196037368915453,-0.45247142857143025,51.42865714285715,1.171420100927555,-0.00828571428571426,0.19337142857142856,0.030860207078896657,0.008728571428571431,45.95712857142856,0.5732096001588296,0.17470000000000038,29.445228571428572,1.5944947639866722,-0.05285714285714249,70.41921428571429,3.333477438265999,-0.09590000000000032,51.568242857142856,0.9554211913376736,-0.07455714285714217,0.21694285714285716,0.03385128540852651,0.0001999999999999978,44.661728571428576,0.8565316742815277,-0.1894428571428577,30.612957142857145,1.2714889393373292,0.25630000000000003,70.93385714285714,1.7970248067820846,0.8288857142857141,50.060385714285715,0.8588814633552331,-0.6808285714285712,0.19405714285714284,0.012817807553407732,0.005742857142857141,45.376785714285724,0.7808771145931274,-0.2950000000000007,30.984571428571428,1.8905726978125472,0.06048571428571391,69.9292,1.319198390437739,-0.009328571428572527,49.963428571428565,1.4709212688133728,0.14378571428571466,0.2343714285714286,0.034416261383524216,0.0014857142857142847,42.07655714285714,0.7521596104045004,-0.12804285714285765,29.065542857142855,1.214207624828006,-0.6729,68.9582,1.665349074518555,-0.14511428571428553,50.794828571428575,0.92213393407958,0.21577142857142917,0.23715714285714284,0.042272365170911076,0.020871428571428572,45.10368571428571,0.8546417444922702,0.09950000000000005,29.70885714285714,1.9607374342808912,-0.11479999999999992,69.78295714285714,1.7838358265800325,-0.3374285714285727,50.10112857142857,0.9801844158359405,0.1973714285714284,0.2019714285714286,0.0328545640809977,-0.00025714285714285655,43.59665714285715,0.8433928421504049,-0.024928571428571696,30.55154285714286,2.6573621054579433,-0.21692857142857136,71.45904285714286,1.8056097417559327,0.5883857142857148,50.037957142857145,1.716220348961793,0.19040000000000085,0.2086285714285714,0.020593422435793724,0.0009714285714285715,44.408728571428576,0.596076876234196,-0.24662857142857217,29.807942857142855,1.393371429132863,0.3016285714285714,71.0763857142857,1.4758602106666427,-0.0479857142857136,48.643414285714286,0.9150551940158265,-0.4291857142857144,0.19874285714285714,0.024230205470504345,-0.0017714285714285707,42.114157142857145,0.6662709580372095,0.3001571428571422,31.321842857142855,1.8275200480953708,0.04079999999999982,70.18917142857143,1.8673355757284316,-0.5524857142857128,50.03028571428571,1.414116469070091,-0.20014285714285762,0.20968571428571428,0.02231534812421179,-0.0009,,,,,,,,,,,,,,,,50.18485372141451,0.10064673007619679,0.20592301036064314,0.26338354312475265,70.4000933963652,0.0462441269077151,51.0716,0.1592104007794287,0.1825,0.997692912688622,68.0019,0.07854449914914727
0,29,0,,,47.29151428571429,0.7149119815953227,-0.3509428571428574,29.272885714285714,1.3425880907518182,-0.05357142857142857,71.22857142857143,2.5519776401282455,0.550857142857142,50.649071428571425,2.0228556990175095,-0.12958571428571425,0.19592857142857142,0.02351508128029854,0.008528571428571429,46.9828,0.45698319808660653,-0.08404285714285667,29.42152857142857,2.5572306229684556,-0.5535571428571429,69.13191428571429,1.99986761430906,0.5260142857142865,50.086557142857146,1.6089983673672394,-0.8791428571428577,0.1811428571428572,0.023494031663584852,-0.004985714285714288,45.84417142857143,0.7388473448876841,-0.0037285714285713667,30.321671428571427,1.2002520995111823,-0.2602428571428571,70.33184285714286,2.1975721519115154,-0.15968571428571465,50.669285714285714,1.3063841017972198,0.04768571428571481,0.21021428571428571,0.011341138768722744,0.004857142857142858,44.60808571428572,0.9253593706024713,0.07988571428571387,30.663814285714288,1.3834359754232444,-0.26031428571428605,70.27441428571429,2.4455055213108112,-0.37619999999999926,49.440557142857145,0.806786824089131,0.012257142857143728,0.22562857142857143,0.04416400171654563,0.014871428571428572,44.04357142857143,0.6528271331020987,-0.21262857142857122,29.897914285714286,2.116611236882019,-0.24379999999999974,68.68594285714286,2.548671565644355,-0.7212999999999994,50.26201428571428,0.8244148580024139,-0.10798571428571486,0.18711428571428573,0.013439671197792234,0.004071428571428571,41.77854285714285,0.5976274560213125,0.14985714285714277,29.784614285714287,1.6949364997235767,0.23057142857142868,70.30428571428571,1.5404960169034194,0.4201428571428555,49.86278571428572,0.8485275666874493,0.09291428571428538,0.20321428571428574,0.047689042367243695,-0.007471428571428573,45.251485714285714,0.7972242248966954,-0.1922142857142859,30.03691428571429,2.012850188520876,0.16444285714285709,69.33162857142858,1.273606937944745,0.2837142857142863,50.68324285714285,0.601665296924996,-0.057128571428571764,0.17927142857142855,0.032218768561493034,-0.007471428571428573,44.72727142857143,0.59565361778547,0.14578571428571405,30.824585714285718,1.793860461340841,-0.2796285714285714,71.89112857142858,1.6514379529310534,0.5172000000000005,49.73877142857143,2.005513604802438,0.5539285714285711,0.2067857142857143,0.02429673699432564,-0.00010000000000000089,44.520557142857136,0.5182419250285567,0.14991428571428653,31.023442857142857,2.6541793897280384,-0.6145999999999999,70.54672857142857,2.394915829915804,-0.25642857142857167,49.36894285714286,1.2057639899764467,0.1616571428571427,0.21284285714285714,0.02033845759006468,-0.004385714285714286,42.9945,0.3709077827887942,0.03582857142857116,31.399,2.758122472504325,0.9443714285714283,68.05984285714285,1.675388993495015,-0.3356999999999987,49.44287142857143,2.386646617965808,0.591942857142857,0.21578571428571428,0.03187357466467736,-0.0021714285714285702,,,,,,,,,,,,,,,,50.10014246830427,0.10064673007619679,0.20542945842465063,0.26338354312475265,70.46370648267585,0.0462441269077151,51.0716,0.14993354547040613,0.1825,0.9975164260760785,68.0019,0.07385300549197661
0,30,0,,,46.80875714285714,0.8612888595145111,-0.238428571428571,30.92855714285714,2.740341003632666,0.4313285714285716,71.31864285714286,2.6815975430435834,0.9015571428571434,50.68354285714286,2.1528734363304185,-0.2273142857142858,0.1926285714285714,0.020679757758551704,-0.005228571428571428,45.867242857142855,1.1380365648156119,-0.4864285714285706,29.8422,2.7787331058115927,0.466428571428571,69.55337142857142,2.3058903990391997,0.3980857142857153,49.55307142857142,1.3890389287972624,-0.29192857142857165,0.17562857142857144,0.01746555794372795,0.006728571428571429,46.83812857142857,0.47798189196615337,0.28969999999999935,30.257142857142856,1.0175740920725054,-0.42619999999999997,69.13434285714285,1.5283627970883478,0.2032999999999987,49.75172857142858,1.9319352626440613,0.38654285714285763,0.21255714285714286,0.014682286055295363,-0.0010142857142857137,44.16482857142857,0.4978201506375714,-0.2989142857142854,30.097657142857145,1.9025765616282395,-0.06804285714285742,70.34027142857143,1.9154921253768435,-0.06741428571428644,50.120428571428576,0.7734957933828315,0.09954285714285659,0.21857142857142856,0.04723472290189756,0.009185714285714285,43.10122857142857,0.6041055032422825,-0.12995714285714297,29.31517142857143,1.7473594046582523,-0.41687142857142845,70.93828571428571,1.5964069180805263,0.2415999999999993,50.137971428571426,1.4418297029749625,-0.14045714285714336,0.18792857142857144,0.014021734829151906,0.0026285714285714285,43.820928571428574,0.47290951465126374,0.2104285714285723,30.133285714285716,1.7824594987718159,0.45175714285714313,70.07131428571428,1.6481512586618392,0.4402285714285727,50.497699999999995,1.873259242603669,-0.05702857142857149,0.19755714285714285,0.016010502505424153,0.002599999999999999,43.40215714285714,0.6316734094377308,-0.11431428571428524,29.857957142857142,1.6957460569093952,0.008557142857142708,70.50141428571429,1.078610945349824,0.12069999999999936,49.513285714285715,1.3747836101590472,0.0878142857142856,0.20748571428571427,0.033428901097275567,0.008242857142857144,44.81807142857143,0.6098935555058523,0.13519999999999957,32.9279,1.9032822158927178,0.4813285714285713,70.01882857142857,1.0453941102351747,-0.11280000000000102,50.928828571428575,0.8006610367155245,0.5511428571428577,0.19685714285714287,0.020899430386405092,0.0029428571428571438,44.3902,0.46973168582376473,-0.1393428571428572,28.304614285714287,1.3131186445869343,-0.4435857142857138,71.44035714285714,1.626389497073483,0.24569999999999936,49.091271428571424,1.7310362452534143,-0.6420142857142851,0.20548571428571427,0.019171891627365042,-0.006614285714285716,42.85641428571429,0.894590136000026,0.22557142857142867,30.75978571428571,2.270808894372645,0.4854142857142862,69.28801428571428,1.5604140192361733,-0.047642857142855224,49.81655714285715,1.1478789103634417,-0.07224285714285779,0.2050714285714286,0.019378829882607678,-0.0054714285714285715,,,,,,,,,,,,,,,,50.437094491848924,0.10064673007619679,0.202770399544691,0.26338354312475265,70.18806029127994,0.0462441269077151,51.0716,0.14105641758575538,0.1825,0.9973258790180193,68.0019,0.06937728518271118
0,31,0,,,45.44512857142856,0.7587407587889737,-0.4269999999999996,30.42348571428571,3.1309984559926867,-0.6415428571428576,69.80755714285714,2.8380045993955814,-1.1148999999999998,49.968042857142855,1.1221778733889958,-0.25428571428571445,0.2037857142857143,0.013679598991616285,0.005614285714285715,44.79391428571429,0.6708313683498548,-0.21469999999999953,30.41557142857143,1.4811268094644285,0.5913428571428574,69.39334285714287,2.1526012441208686,0.6713714285714291,50.695257142857145,0.7340114914112603,0.3529285714285716,0.17152857142857142,0.023091824980983746,-0.0013142857142857123,46.73695714285714,0.39702404988917855,0.0022999999999992076,28.983428571428572,2.308775629140736,-0.3922,69.3711,1.6617993701607148,-0.01298571428571295,50.181514285714286,1.931567938600281,0.36594285714285696,0.20070000000000002,0.027136691028937145,-0.010614285714285715,44.00888571428572,0.4871334499858171,0.16255714285714312,29.81305714285714,1.94780144081914,0.13258571428571436,70.23960000000001,2.1409836181841966,-0.1511000000000016,50.27674285714286,0.9948613971422263,0.3363285714285717,0.19521428571428573,0.03724779315930145,0.007657142857142858,42.63734285714286,0.5065169587721526,0.018128571428571303,28.789871428571427,3.5525327489526393,1.0731428571428567,70.38265714285714,1.0061211306418059,-0.1624285714285715,50.929857142857145,1.6111458364128097,0.008042857142857176,0.21385714285714283,0.030822548950557818,0.00785714285714286,43.38038571428571,0.682178457659945,-0.16545714285714297,30.16148571428571,1.9913044011640206,-0.8886000000000003,69.8044,2.3959532076677363,0.1398142857142862,50.73274285714286,1.8272964098700384,0.42987142857142807,0.2118,0.04244828225813934,0.0028285714285714303,43.95285714285715,0.541281814637589,-0.02240000000000058,30.37304285714286,1.6045181923318281,0.10577142857142872,69.85701428571429,1.1748733611593538,-0.198914285714285,49.8909,1.5569059155902887,-0.5570428571428577,0.19275714285714285,0.028435767215653975,-0.0029714285714285693,45.07742857142857,0.7334812874556109,0.08582857142857137,30.98168571428571,2.762404349130541,-0.014371428571428575,69.52058571428572,1.7169382443064243,0.3898285714285724,50.133985714285714,1.4667358083270015,-0.2350285714285718,0.19725714285714285,0.02028249303733458,-0.0015285714285714308,45.027342857142855,0.6916617498391986,-0.06117142857142811,29.977057142857145,2.3183153933097804,1.0774285714285716,69.21437142857143,2.5190244697199238,0.4411142857142839,51.11092857142857,1.8430950162831468,0.4659714285714287,0.19104285714285713,0.03548360453048971,-0.0032142857142857134,43.18694285714285,0.746024755749059,-0.2213571428571431,29.877857142857145,1.6280832399451959,-0.047100000000000364,70.06834285714287,1.236977174212968,0.18437142857142824,48.86792857142858,2.086923490623039,-0.10908571428571381,0.20332857142857147,0.02853411492031452,-0.006999999999999998,,,,,,,,,,,,,,,,50.21204319013471,0.10064673007619679,0.20287752709668938,0.26338354312475265,70.11470733183882,0.0462441269077151,51.0716,0.1326920410983147,0.1825,0.9971230892692269,68.0019,0.06517222381477202
0,32,0,,,44.68181428571429,0.5908587011815787,-0.13247142857142893,29.36284285714286,1.700291937538133,-0.18500000000000025,69.35532857142857,2.514473229601154,0.44174285714285794,50.004200000000004,1.747040443149512,-0.4098285714285715,0.20259999999999997,0.037481150818333565,0.00021428571428571446,44.90545714285714,0.6072623509302789,0.046685714285714094,29.875514285714285,1.7651191937360042,-0.34855714285714307,69.5330857142857,2.1449823429177157,0.25752857142857166,50.66668571428571,1.7394993143895967,0.22695714285714327,0.22577142857142857,0.02358267120053169,0.009471428571428572,47.05625714285714,0.5375707142851628,0.17874285714285776,30.602171428571427,2.662243892980949,0.929785714285714,69.83637142857143,1.032712331216915,0.1384857142857133,50.147842857142855,1.24211269464185,-0.11818571428571444,0.19474285714285713,0.02366120996785362,-0.0029142857142857104,44.31361428571429,0.4690960577839389,-0.040471428571428145,30.18712857142857,2.4412752457914864,0.9971571428571424,70.69765714285714,2.3790024960453975,-0.0516285714285719,50.139042857142854,0.9416649613975207,-0.24831428571428557,0.2063142857142857,0.04184461050806225,0.01027142857142857,42.10664285714285,0.8600692391839511,-0.16934285714285732,28.481357142857142,1.8452540022601802,-0.9135999999999994,69.92028571428571,3.100748401288856,-0.2834999999999996,49.73197142857142,1.4673800038552587,-0.21361428571428576,0.20052857142857142,0.02813750251211102,-0.007500000000000002,43.21545714285714,0.8838394779920192,0.01101428571428593,30.10355714285714,2.208312387968947,-0.2157285714285711,69.62637142857143,2.678610866173157,0.3976142857142873,50.099514285714285,1.1557590282704133,-0.17348571428571397,0.20745714285714284,0.036518801419855716,-0.009214285714285711,43.386199999999995,0.417427846060707,-0.1482285714285721,29.741042857142855,2.905189729235783,-0.44481428571428544,69.68087142857142,2.1052980594318784,-0.049657142857142844,49.514585714285715,1.5872054324383946,-0.2651857142857139,0.19825714285714288,0.027172158369849715,0.0011428571428571438,45.04851428571428,1.167460846493432,-0.2557285714285718,29.90255714285714,2.6239626774893665,-0.8355428571428567,70.21074285714286,1.7311042957769078,0.12952857142857152,50.440628571428576,0.6359884661278833,0.22725714285714307,0.20275714285714286,0.025466177382485054,-0.005557142857142856,45.51352857142857,0.6658013460342852,0.2449000000000002,30.021214285714287,2.4033585045574264,0.17882857142857134,70.75311428571429,2.144165852904619,0.4867714285714279,49.75131428571428,1.767969800296948,-0.3497714285714285,0.2001714285714286,0.025530877663835123,-0.0076,42.00341428571428,0.6451916806359967,-0.20028571428571443,30.893385714285717,1.4611045929120166,-0.12382857142857162,69.95528571428571,1.8403185298824418,-0.14585714285714296,50.7259,0.9673545696038183,0.7177999999999999,0.21238571428571426,0.028879082890068214,0.008157142857142854,,,,,,,,,,,,,,,,50.298865853937,0.10064673007619679,0.20435053093666702,0.26338354312475265,70.21631454643756,0.0462441269077151,51.0716,0.12481645087314047,0.1825,0.9969073971455101,68.0019,0.06122361111648595
0,33,0,,,44.72457142857143,0.5639774573340928,0.18918571428571443,29.736957142857143,2.082827993263927,0.3825571428571425,70.51767142857143,2.0638086375391174,0.33854285714285687,49.35498571428571,1.2245938516212789,0.04628571428571401,0.2034857142857143,0.029625069821095144,0.0025857142857142862,45.394442857142856,0.33483594917115134,0.06015714285714223,30.432142857142853,1.9865057428032942,0.25260000000000005,70.27358571428572,2.515430732120301,0.4992285714285722,50.58094285714286,1.308833955418762,-0.3367285714285718,0.21368571428571428,0.01896043499601472,-0.006785714285714284,47.37795714285715,0.37046113092160526,0.1417285714285715,31.562685714285717,2.646042637240639,0.6621428571428568,69.89765714285714,1.4526773131670747,0.3145857142857145,49.56324285714286,1.0742624723612748,-0.4192714285714284,0.2048857142857143,0.024567826424779473,7.142857142857149e-05,44.20871428571429,0.7868922383412865,-0.15157142857142855,30.495057142857142,2.0099106927565598,-0.15879999999999989,70.95514285714286,1.794090541989689,0.42050000000000004,49.66965714285715,1.128505978210645,0.14394285714285765,0.20934285714285714,0.0346827938677984,0.013242857142857143,41.806042857142856,0.7223209417268253,-0.0359571428571428,30.10962857142857,2.041879585671231,0.5433000000000001,71.08161428571428,1.1559550372291185,0.08507142857142876,50.0618,1.5152174046430666,0.4341714285714287,0.1909857142857143,0.021823338315622092,-0.006557142857142857,43.58358571428572,0.8173468244439742,0.16762857142857154,29.177957142857142,1.848778380315983,-0.2730714285714286,71.19565714285714,1.886584160908474,0.6335,49.98575714285714,0.9970111531591752,-0.047885714285714344,0.19287142857142858,0.026072892326815467,-0.012557142857142854,44.54375714285714,0.43757686127587564,0.2322428571428564,29.221842857142857,2.1785349709205306,0.02458571428571434,68.89970000000001,1.084467683551147,0.47797142857142816,48.900842857142855,1.404898887058144,-0.30924285714285765,0.20412857142857144,0.03842580358238956,-0.0024285714285714305,44.35042857142857,0.8971523072371635,-0.05419999999999955,28.883442857142857,1.7270085223270981,-0.23282857142857136,70.26134285714286,1.5906498324659362,0.08974285714285608,49.35765714285714,1.6599892879746458,-0.34185714285714297,0.19720000000000001,0.02561555516998741,-0.004028571428571429,46.122142857142855,0.6713411449160733,0.10888571428571428,30.980928571428574,0.9062333064472,0.02634285714285716,69.63491428571429,1.9848918714702803,-0.704585714285713,49.76465714285714,1.006752769811902,0.14467142857142892,0.2067142857142857,0.037432090892327005,0.0069428571428571395,41.18814285714286,0.5314085743165681,0.04432857142857115,29.383171428571426,2.8563243284066258,-0.10974285714285717,69.56747142857144,1.668893116923449,0.3430571428571442,49.902899999999995,1.0004098093614868,-0.4753285714285716,0.1867857142857143,0.03606186483306285,0.003914285714285716,,,,,,,,,,,,,,,,49.99223401151799,0.10064673007619679,0.20286222316068964,0.26338354312475265,70.2237640456015,0.0462441269077151,51.0716,0.11734181911102609,0.1825,0.9966760105120143,68.0019,0.057485606253718166
0,34,0,,,45.352700000000006,0.43891299441543247,0.25010000000000027,30.499185714285716,1.3896185620864645,0.3653142857142854,70.02298571428571,1.6204176431078692,0.17498571428571502,50.55931428571428,1.081241116231057,0.41361428571428654,0.1946857142857143,0.024891861358780732,-0.0006714285714285728,45.92530000000001,0.4745613483349774,0.1790285714285724,29.764714285714287,1.4968389285742296,-0.21602857142857193,70.95874285714285,2.148744212214131,0.43592857142857205,49.71115714285714,0.7169417406761894,0.10079999999999956,0.22597142857142855,0.02760728854763515,0.0020142857142857146,46.06878571428571,0.6697228915219525,-0.24335714285714363,30.029214285714286,2.721203992983364,-0.11802857142857144,70.94968571428572,1.8407521491938021,-0.12781428571428574,48.992571428571424,1.4948738293629396,-0.033642857142857405,0.2064,0.01668272559665628,-0.0019142857142857175,44.23395714285714,0.3993184813199482,0.13824285714285725,30.19607142857143,1.839264376242382,-0.2590285714285717,71.41427142857142,2.06528926441648,-0.09865714285714132,50.71754285714285,1.2237363344243641,-0.11564285714285713,0.1955428571428571,0.05171746504302197,-0.005900000000000001,41.33931428571429,0.2801910207255579,0.14578571428571405,30.60007142857143,1.7744921561902949,0.4004285714285715,70.91325714285713,1.7484785422924884,0.10034285714285675,49.816185714285716,1.5959275875683927,-0.07341428571428565,0.1869,0.027040401870780998,0.0024999999999999983,43.76891428571429,0.6791071575448566,-0.04825714285714306,29.71697142857143,3.1077768145488815,-0.26568571428571425,69.6543,2.03398842507356,0.13382857142857216,50.0279,1.5486807902211397,0.5449714285714283,0.19775714285714283,0.027405161140611017,0.00025714285714285655,45.015142857142855,0.41047188233875814,0.08470000000000003,29.833314285714287,2.4823376552680845,-0.24800000000000008,69.43271428571428,1.5079440478441506,0.38042857142857095,49.72011428571428,1.3351564707661168,0.45314285714285674,0.19598571428571426,0.05168456986282042,-0.009514285714285713,43.69322857142857,0.5443429057567593,-0.26858571428571515,29.69122857142857,1.8178341001626923,0.3061000000000002,70.15197142857143,2.0309873909950964,-0.2773857142857139,49.364728571428564,1.81695133737287,0.5078571428571428,0.19338571428571427,0.029151754010775452,-0.006285714285714288,45.872499999999995,0.3541912807134382,-0.027271428571428454,30.478357142857142,1.7954842140372835,-0.10724285714285742,69.59397142857144,2.164020052829416,-0.9980285714285709,50.039057142857146,1.6466821711724668,0.2676428571428571,0.2193,0.036508263904674196,-0.001514285714285714,41.48567142857143,0.44901420806878745,0.26568571428571425,30.9574,2.5540698796235044,0.5483857142857147,70.11094285714286,1.6379972068120048,0.01688571428571452,50.29732857142857,1.1090534909166154,0.26015714285714303,0.19357142857142856,0.025342369942168316,0.003699999999999997,,,,,,,,,,,,,,,,49.99423621131217,0.10064673007619679,0.2018406854327051,0.26338354312475265,70.20766202256392,0.0462441269077151,51.0716,0.11030244723777655,0.1825,0.9964295423468995,68.0019,0.05397376844903036
0,35,0,,,45.80952857142857,0.6404857914486969,0.03351428571428577,29.22877142857143,1.346059698669041,0.001071428571428612,68.97407142857142,1.5148870361782363,-0.6872571428571429,50.01744285714285,1.1459833809981028,-0.2527857142857144,0.183,0.03609690660799987,0.00335714285714286,46.13827142857143,0.4187762398319535,0.12475714285714291,30.74601428571429,1.377253067314994,-0.07447142857142859,70.64582857142857,2.504077939890769,-0.5417285714285701,49.09017142857142,1.078154527752998,-0.13502857142857141,0.2308857142857143,0.035378497639641265,-0.0023857142857142888,46.02112857142857,0.6352064565012755,0.10159999999999972,29.307199999999998,2.1031816390094913,0.24241428571428614,71.52957142857143,1.8192091108630772,0.15565714285714144,50.062714285714286,1.414447845661061,-0.10021428571428613,0.18852857142857143,0.02560968008948398,-0.004600000000000001,44.26235714285714,0.531045211060545,0.05647142857142841,29.08832857142857,2.038186206503434,0.1421285714285716,70.06975714285714,1.4021095426262389,-0.07774285714285765,50.39201428571429,1.7055267714390117,0.01445714285714266,0.19619999999999999,0.037962218059539254,0.006557142857142857,42.26651428571429,0.33536345670817036,0.1598857142857142,31.054442857142856,1.6005915342534154,0.05715714285714262,71.90631428571429,2.107591198049404,0.08829999999999975,49.78697142857143,0.8055867917534302,-0.03668571428571405,0.21085714285714285,0.025982356651059715,0.0024285714285714305,44.658928571428575,0.573076588000583,-0.030271428571428567,29.474942857142857,1.7361773400751563,0.0876571428571431,68.81557142857143,2.0411290517049627,-0.36627142857142914,49.94165714285714,1.7722267959238274,-0.014014285714286043,0.2124714285714286,0.021101557153103974,0.008428571428571433,45.85162857142858,0.3692719310317169,0.0009428571428569756,30.12385714285714,1.9017992830099348,0.23298571428571435,71.0293,2.126980807780477,0.18784285714285634,50.2853,1.7479422501902184,-0.2071,0.21078571428571427,0.035416353500015985,0.013485714285714283,42.72494285714286,0.8390370648491491,-0.13004285714285707,30.006114285714286,2.682192950695746,0.6268285714285717,69.24254285714287,2.578014653990652,0.45812857142857005,50.4237,1.8733777017284663,-0.10542857142857238,0.19367142857142855,0.02545831326474154,0.0003999999999999996,45.0834,0.6904870696352269,-0.03584285714285735,29.473657142857142,2.3717682797560706,-0.2088000000000001,69.2152,2.133030667852711,0.951271428571429,48.99714285714286,1.4722069395493493,-0.28337142857142894,0.1862714285714286,0.019224092027602016,-0.0028999999999999976,41.22934285714286,0.46102861753963303,-0.10024285714285648,30.010728571428576,1.7512237613682973,0.343157142857143,69.59892857142857,2.455310948884976,0.17165714285714273,50.056014285714284,1.1756063718050367,-0.1529285714285718,0.18865714285714286,0.030366585646225113,-0.008785714285714286,,,,,,,,,,,,,,,,50.294072708975165,0.10064673007619679,0.20191720511270395,0.26338354312475265,70.07377294385812,0.0462441269077151,51.0716,0.10356684713233005,0.1825,0.9961624807416283,68.0019,0.050621166954539984
0,36,0,,,46.2759,0.6982636226144872,0.1664428571428575,30.111071428571428,1.3597871006329025,0.27640000000000037,70.24,2.334828079324051,0.09161428571428587,49.68588571428571,0.9777772009828996,0.011542857142857648,0.19011428571428574,0.038030971088111334,0.0014285714285714299,46.06794285714286,0.35645185208848934,0.057400000000000215,29.958514285714283,1.1954846861260535,-0.28521428571428536,69.99498571428572,1.518074951408964,0.1056571428571443,49.710585714285706,1.5036806392189443,0.17781428571428495,0.21074285714285715,0.02299455422071778,-0.0018285714285714294,46.08468571428572,0.47656479597411977,0.08881428571428529,30.578800000000005,1.7165053412869833,-0.1540142857142856,72.09818571428572,1.8226235279841656,0.3297142857142867,49.48832857142857,1.601765906444375,-0.16001428571428583,0.1803,0.03837755420381378,-0.005328571428571428,45.54501428571429,0.6415589383903489,0.2696,30.112642857142855,2.16825552065644,0.3573142857142853,70.48992857142856,2.1134037748887486,0.8989714285714285,49.31865714285714,1.1012514000856288,0.28909999999999975,0.1885142857142857,0.028356505930234782,-0.011014285714285718,41.876371428571424,0.3867119458300021,-0.04585714285714256,30.801628571428573,1.1929690575957372,-0.2111142857142855,70.00372857142858,2.6567630716810027,0.4488571428571423,50.11548571428572,1.1540082299367864,-0.1090285714285711,0.19398571428571426,0.03181176032913146,-0.009728571428571432,43.87672857142858,0.9147979006576901,-0.1986142857142852,31.130785714285715,2.387863555167084,0.43959999999999966,70.3089,1.8045771536105857,0.8034571428571431,50.99221428571428,1.630347942852097,-0.1594857142857141,0.1903857142857143,0.02719126260225443,-0.01238571428571429,45.70818571428571,0.38202321233424597,-0.03927142857142891,30.898085714285713,1.665073349163707,0.11270000000000024,69.79972857142857,1.5410462222294161,-0.38337142857142836,49.8585,1.3494483663087606,-0.05787142857142819,0.22325714285714288,0.026153448283980727,-0.0011285714285714271,42.08408571428571,0.4977348572237144,-0.12602857142857207,31.162142857142857,1.6933140148410986,0.12260000000000001,71.03737142857143,2.4843347987702957,0.22422857142857058,49.84907142857143,1.6151866143104696,-0.6245857142857147,0.21462857142857145,0.028335649765252446,0.0018857142857142842,44.10221428571428,0.9799555592450869,-0.20014285714285762,30.85045714285714,1.8403763825706312,0.628428571428571,69.51608571428572,2.4593739619590447,0.15755714285714362,50.43684285714286,1.1678693403761486,0.21831428571428546,0.19145714285714285,0.017472536272949098,0.0032857142857142846,40.485528571428574,0.7042683501675104,0.07565714285714316,30.058171428571427,2.4599618477490517,0.014585714285714297,70.28027142857142,2.2425881927766036,0.4336285714285708,51.32002857142857,1.8366768112674956,0.2028571428571431,0.1867142857142857,0.0358384071712378,-0.0038571428571428567,,,,,,,,,,,,,,,,50.13137274024545,0.10064673007619679,0.20752992364061873,0.26338354312475265,70.3380135356024,0.0462441269077151,51.0716,0.09719186882721106,0.1825,0.9958757807620938,68.0019,0.04745496589733054
0,37,0,,,47.192371428571434,0.4647622607824982,0.2193714285714289,31.136599999999998,2.087793489947381,0.26455714285714244,70.80082857142857,1.8647169845263394,0.02411428571428636,49.89485714285714,1.3068821916520172,0.08195714285714217,0.20417142857142853,0.029633242273147363,-0.008185714285714284,45.11808571428571,0.6128549241830807,-0.1179857142857149,29.310799999999997,2.278474173652188,-0.4491571428571431,68.96498571428572,2.2949290413348695,0.04912857142857214,49.50147142857143,2.3095436192130268,0.23442857142857118,0.19865714285714284,0.033873286285944104,0.003514285714285712,45.994771428571426,0.5421275486890266,0.12134285714285653,29.124614285714284,2.271268601779311,-0.5648714285714286,70.82201428571429,3.1325587349792805,-0.05732857142857232,49.121542857142856,1.2227377789985907,0.442457142857143,0.17694285714285712,0.029049891402141047,0.004857142857142858,45.46007142857143,0.322168463769487,-0.13261428571428574,29.887985714285715,1.1145639392883095,-0.8112142857142857,69.19302857142857,2.9464713481916114,-0.3930428571428572,49.59649999999999,1.3691190245312443,0.1649571428571426,0.18735714285714283,0.024068503425490956,-0.005842857142857142,42.5594,0.39292483165785325,0.003700000000000005,29.864214285714286,2.0541135025671164,-0.13984285714285707,69.33398571428572,2.693469102247544,0.22690000000000055,49.682157142857136,0.9960646194853356,0.3744285714285717,0.2027857142857143,0.03983024096384686,0.014771428571428574,44.507328571428566,1.2046677684660778,0.5906285714285714,29.138,2.3227195812954484,-0.3044714285714285,69.68288571428572,1.4019243577175515,-0.38955714285714294,49.65631428571429,1.8038138257855605,0.0925857142857142,0.19825714285714285,0.018642322561209713,0.00245714285714286,46.011585714285715,0.50207490619314,0.04397142857142861,28.89197142857143,1.4844954279869567,-0.42842857142857127,69.57115714285715,1.8511961357071542,0.05365714285714367,50.27318571428572,1.7714736092009065,-0.0726857142857144,0.20864285714285716,0.025302559629601193,0.0036714285714285716,42.5918,0.833700045979897,0.18050000000000008,30.06057142857143,1.9922360450126586,0.4538428571428576,68.9555,2.1495922939013563,0.2462285714285721,50.00671428571429,1.7752995309980757,0.3108571428571431,0.19195714285714285,0.03075076460528301,-0.007242857142857142,44.35347142857143,0.4234677937943534,-0.018757142857143298,29.539914285714282,1.9067521438548745,0.09519999999999992,69.90915714285714,2.333042226976909,0.3095428571428564,50.03892857142857,1.4541028880542584,-0.35602857142857197,0.19997142857142855,0.02942038489923354,0.008157142857142854,40.38124285714286,0.560773203880614,-0.10365714285714286,29.06822857142857,2.1665532216820527,0.48107142857142854,70.60948571428571,1.2758151007997283,-0.07170000000000089,49.139942857142856,1.37848258707068,0.20252857142857092,0.22435714285714287,0.035520175353492535,0.0019714285714285723,,,,,,,,,,,,,,,,50.17600763868749,0.10064673007619679,0.20145808703271095,0.26338354312475265,70.0315135461447,0.0462441269077151,51.0716,0.0912292474341786,0.1825,0.9955715415827033,68.0019,0.04449962314854623
0,38,0,,,46.79354285714286,0.298018449412991,-0.04999999999999919,31.02722857142857,2.518682073832985,-0.6465857142857142,68.82752857142857,3.9730986273160753,-0.13159999999999986,49.77442857142857,0.9672156080114712,-0.07704285714285675,0.17862857142857144,0.027123895632554577,-0.017285714285714283,45.731100000000005,0.7424155080996457,0.16641428571428513,29.67152857142857,2.5691212451694394,-0.30985714285714294,68.84912857142858,3.034649688027913,0.30150000000000027,49.06965714285714,2.327765208561738,-0.47064285714285703,0.20834285714285714,0.03897323257240619,0.01191428571428572,46.39261428571428,0.6336487971228024,0.223,30.24818571428571,1.9340485080340208,0.1436000000000003,71.03774285714286,1.5931517398509851,0.6859571428571424,49.86275714285714,1.5113725813060699,0.10925714285714301,0.186,0.03861804414173937,-0.000614285714285714,45.331599999999995,0.6708098215341095,0.1393428571428572,30.67732857142857,1.8303919950967626,-0.14037142857142879,69.45274285714285,2.675051254871623,0.24625714285714245,50.598528571428574,1.799068655086353,0.06254285714285755,0.19137142857142855,0.019409766810012392,-0.0009285714285714294,42.55395714285714,0.4342947726185872,-0.14585714285714296,29.74614285714286,1.949903560741009,-0.2598714285714284,69.69491428571429,1.7040731649283238,0.1182142857142858,49.60501428571428,1.0671443348622396,0.05760000000000076,0.19758571428571428,0.037275480259433766,0.004700000000000002,46.0233,0.63842474628317,0.04951428571428502,30.189942857142857,0.6326237846122256,-0.007371428571428648,70.84024285714285,1.7677024295745765,0.1617999999999995,50.83445714285715,0.9324454065469895,0.4878285714285714,0.19482857142857143,0.02847055287402016,0.0025714285714285696,47.44852857142856,1.0799386737439751,0.319114285714286,29.60158571428571,1.9875951301581778,-0.08424285714285672,69.12157142857144,1.0899851386055244,-0.5691571428571426,49.66885714285714,1.236543491427023,-0.21592857142857216,0.21671428571428572,0.024981021367658816,0.0001285714285714263,42.99437142857143,0.44707517531297125,-0.031071428571428732,29.93347142857143,1.5709256631195703,-0.2635285714285719,71.143,1.823435793586768,0.26995714285714356,49.498828571428575,1.5808963340610545,-0.42489999999999994,0.19408571428571428,0.03662341821710208,0.0023000000000000004,44.735571428571426,0.632431977144082,0.11160000000000078,29.799014285714286,2.266937826987873,-0.6010285714285715,70.36947142857143,1.9217690432813637,-0.5742000000000006,49.765971428571426,2.1008827309128244,0.6038428571428572,0.20579999999999998,0.03144746942654267,0.0015857142857142856,40.760371428571425,0.8294139893408649,0.06522857142857166,29.856157142857146,3.355885113675741,-0.0039857142857141325,71.25068571428571,2.160390410264301,0.7325714285714285,49.80122857142857,1.104669131028654,0.013614285714285959,0.1973,0.022120277273729363,-0.007628571428571429,,,,,,,,,,,,,,,,50.0322052001364,0.10064673007619679,0.20202815864870227,0.26338354312475265,70.35356452284636,0.0462441269077151,51.0716,0.08562077832385738,0.1825,0.9952469040974815,68.0019,0.04172514143029899
0,39,0,,,46.11214285714285,0.9902896880158517,-0.12232857142857208,28.815085714285715,2.5131329487504863,-0.4132714285714287,68.46935714285715,2.3704824437633714,-0.5159571428571427,50.60398571428571,0.9167746223010542,0.06784285714285788,0.17085714285714285,0.03273982575512871,0.008342857142857143,46.2015,0.4276920504290042,0.18774285714285707,29.104642857142856,2.5416415036069044,0.06058571428571418,69.75312857142856,2.1949961789749026,0.8552000000000005,50.26308571428571,1.0482613262422842,-0.13081428571428586,0.20737142857142857,0.03212697279471545,0.006757142857142858,46.245042857142856,0.37226678989279305,0.036942857142857326,30.727414285714286,2.7980594665044776,0.3373571428571428,70.47331428571428,2.8181374359841023,0.2619571428571419,49.22795714285714,1.4548235126148696,-0.22765714285714214,0.19875714285714288,0.03333200949752132,0.016457142857142854,45.338228571428566,0.6682924627094364,-0.011285714285714375,29.267957142857142,2.3016284306675328,-0.6093428571428571,69.8958,1.9295307719753352,-0.1185142857142856,50.72971428571429,1.3868124115257334,-0.12241428571428514,0.1973714285714286,0.021541720318621792,0.0028857142857142853,42.18461428571429,0.47889892958945995,0.14709999999999976,28.877714285714287,1.3477583962869426,-0.4339285714285711,70.58758571428572,1.337759322435128,-0.17178571428571437,49.50691428571429,1.3805498426696696,-0.04688571428571464,0.1934857142857143,0.017394676251795232,0.0024857142857142855,46.20898571428571,0.44356208294739363,-0.09802857142857135,29.662814285714287,1.1178748087756505,-0.08161428571428583,71.27770000000001,1.4733196677345508,-0.13172857142857147,50.53608571428571,1.5323778868462226,0.11454285714285715,0.22612857142857143,0.03953575235512431,0.009800000000000003,48.686099999999996,0.4770962586315584,0.0736857142857141,28.984814285714286,1.9678078085596833,0.11010000000000021,69.70015714285714,2.3378002743727078,0.6332428571428567,49.866600000000005,1.0879517804878638,-0.06629999999999926,0.21011428571428573,0.028176256468371172,-0.006514285714285715,42.917385714285714,0.4126127782341282,-0.18298571428571467,29.341528571428572,1.918174177626807,0.03867142857142828,70.40084285714285,1.2725490781068234,-0.402942857142857,49.71684285714286,1.5428457298740352,0.10758571428571376,0.19647142857142857,0.041211354191359885,-0.005657142857142856,44.42861428571428,0.6122542049089483,-0.28687142857142944,31.6599,1.8766445232559672,0.7590714285714287,71.11608571428572,1.7121354944714127,0.4169000000000003,49.94515714285715,1.7011557687419232,-0.09654285714285749,0.2047142857142857,0.020309392619461356,0.006685714285714287,41.22324285714286,0.3516650719892069,-0.03680000000000051,30.155242857142856,1.9392101363331202,0.018985714285714193,70.0525,2.383408385764702,-0.17552857142857192,50.281528571428574,1.6150739629237751,0.18478571428571453,0.21171428571428572,0.03460690820108171,0.005842857142857142,,,,,,,,,,,,,,,,50.09393362651827,0.10064673007619679,0.20266709797669258,0.26338354312475265,70.24430169645858,0.0462441269077151,51.0716,0.08045030502585902,0.1825,0.9949077466416938,68.0019,0.03917189639463743
0,40,0,,,44.62760000000001,0.41919071236538713,-0.18127142857142786,29.22622857142857,1.5851817179893548,0.4488285714285719,69.1182,1.3796578742572272,0.020928571428569853,50.498871428571434,1.5219102718998567,0.304314285714285,0.19675714285714285,0.020377999341025993,0.0012714285714285703,45.47362857142857,0.7356610558183917,-0.21045714285714365,29.584,1.9835045836431404,-0.2485999999999997,69.49038571428572,1.3365393801763121,0.37378571428571455,50.58864285714286,0.8214525018874467,0.06267142857142918,0.2065857142857143,0.027925820105619704,0.00044285714285714165,45.88321428571429,0.2373893596924441,-0.03485714285714282,30.92995714285714,2.268606536222305,-0.08115714285714302,69.3969,1.633311244068302,-0.32238571428571355,50.86758571428572,1.4458919916192268,0.16245714285714286,0.19115714285714286,0.030326328338197917,-0.01324285714285714,44.88975714285714,0.36423486862699955,-0.0826428571428569,28.435571428571425,2.5021673090304852,-0.5281714285714288,70.6577,2.41677373303053,0.2355714285714287,49.83927142857143,1.0102788141800167,-0.3461999999999991,0.20434285714285713,0.016347258398363405,0.00502857142857143,42.75307142857143,0.2375226214791041,0.03975714285714308,29.868414285714287,2.5387549917420604,0.08660000000000016,70.90347142857142,2.3282584877359476,0.41222857142857094,49.876200000000004,0.7437273290662081,0.36208571428571495,0.19287142857142858,0.014059601023940478,0.001185714285714286,46.13605714285715,0.44203424021660004,0.11061428571428523,30.159085714285716,1.3157810993582955,0.1840285714285714,69.65407142857143,2.2983463415495438,-0.4243000000000003,50.33331428571429,2.060572085148989,0.5310857142857149,0.20542857142857143,0.032068505540780175,-0.00474285714285714,48.61541428571429,0.8997824837678563,-0.3803857142857134,30.4442,1.8057441900778775,-0.04892857142857159,70.09365714285714,1.9265616979973617,0.13277142857142873,50.351485714285715,1.532094087002691,0.5326142857142854,0.1839714285714286,0.02676650358723981,-0.010128571428571428,42.65151428571428,0.5322835629894884,0.09107142857142898,29.082485714285713,2.142272818315915,0.04997142857142884,69.20702857142858,1.10171375246973,-0.45195714285714167,49.82304285714286,1.0995909297812592,-0.28438571428571385,0.18852857142857143,0.03152082456015996,-0.0025428571428571405,43.1834,0.45430645677434256,-0.10042857142857084,28.94014285714286,1.9172605333801256,-0.22664285714285728,68.53785714285715,1.7521691745349868,-0.2552428571428586,48.90342857142856,0.8472038296937321,-0.3134142857142856,0.19988571428571428,0.038335946080731646,-0.006100000000000002,41.514428571428574,0.4850238575379333,0.14848571428571436,29.8651,1.1242826839070754,0.48051428571428595,69.32552857142858,1.6682993853166441,-0.6896857142857138,50.14007142857143,1.3463499652941742,0.28198571428571434,0.2048,0.024265682214463596,-0.002271428571428571,,,,,,,,,,,,,,,,50.12400302706364,0.10064673007619679,0.20053985087272488,0.26338354312475265,70.06854441338902,0.0462441269077151,51.0716,0.07563060676726537,0.1825,0.9945500883230981,68.0019,0.03679579994931185
0,41,0,,,44.47748571428571,0.6632651994202405,0.17221428571428582,31.01577142857143,2.8222435990504,-0.25265714285714275,69.7115857142857,2.3800926896716916,0.4173571428571421,51.83175714285714,0.6937401167034891,0.5200285714285714,0.21772857142857144,0.027379354404716078,0.004585714285714284,44.230399999999996,0.679881082739462,-0.10752857142857104,30.757885714285717,1.7989991980992885,0.5902,71.1742,3.3803285900436544,-0.09235714285714332,49.57805714285714,1.463192737198509,-0.32865714285714326,0.19915714285714287,0.044186870491239025,0.012100000000000003,46.22488571428572,0.33849957867306474,0.11282857142857138,29.878371428571427,2.512174381363873,-0.5942857142857143,70.06768571428572,1.6842359092761117,-0.06781428571428551,50.7871,2.1730685539117354,0.17874285714285673,0.1989285714285714,0.021766006698957018,0.006585714285714286,45.16514285714286,0.7049412714477833,0.17418571428571486,29.37737142857143,1.4331213215847771,0.11414285714285757,70.78237142857144,3.4479821841738967,0.29608571428571345,49.861642857142854,1.4886309424626276,0.2718285714285713,0.21345714285714285,0.02414427862820078,0.007500000000000002,42.83425714285715,1.0150163461034303,0.061142857142856756,29.624385714285715,1.1926750625220248,0.002314285714285396,69.89905714285715,1.901226285722993,0.16821428571428498,49.701842857142864,0.624731624665444,-0.04419999999999951,0.18562857142857145,0.02015702642469172,0.0018,46.411071428571425,0.5923695291350346,-0.1023142857142858,29.654685714285716,1.5620960986535168,-0.04647142857142888,70.19842857142858,3.6970612305425785,-0.2658857142857138,49.495099999999994,1.130300193163968,0.34275714285714337,0.21460000000000004,0.022538263760399486,-0.002414285714285714,46.48118571428572,0.34563299142613224,-0.10869999999999992,29.565185714285715,1.6066143796075776,0.3196857142857143,70.32270000000001,2.2361605212208353,-0.2724571428571413,49.55022857142857,1.270103470475656,-0.23472857142857098,0.20422857142857143,0.035738388057554915,-0.004171428571428572,41.99431428571428,0.4253366056378458,-0.18895714285714252,30.703028571428572,1.4086839706079286,-0.05590000000000016,70.4382,2.5323262987485156,-0.030785714285715114,49.95354285714286,1.0855471506068008,0.3434285714285719,0.2172,0.04165469161251029,0.012185714285714288,43.318914285714285,0.6269819094376547,0.2228285714285708,29.74591428571429,2.173164418099829,0.12337142857142831,69.58279999999999,2.1602062470977743,0.4509142857142844,49.40965714285715,0.8700005418718211,0.06418571428571442,0.19357142857142856,0.027737802982314888,0.00592857142857143,41.94882857142857,0.49784573820374695,-0.08199999999999973,30.371828571428573,1.5045073775317925,0.1919714285714283,70.11647142857143,0.9345832987921308,0.2693142857142874,50.3553,1.295173885365729,0.19331428571428586,0.20412857142857144,0.0332148919555528,0.0081,,,,,,,,,,,,,,,,50.160952714174456,0.10064673007619679,0.20821860076060827,0.26338354312475265,70.24980153844437,0.0462441269077151,51.0716,0.07112659748848736,0.1825,0.9941723228387546,68.0019,0.03457875783082975
0,42,0,,,45.803200000000004,1.0407907698796703,0.43905714285714276,28.990257142857143,1.5823000461955838,-0.9968714285714283,70.8245,1.4746274783823297,0.6563999999999989,50.308057142857145,1.7814979959359518,-0.27332857142857137,0.21827142857142862,0.027272618398051052,-0.009042857142857139,44.07784285714286,0.8221484169686998,0.1922142857142859,30.65028571428571,2.0123952125336997,-0.15024285714285668,69.81881428571428,2.9295098204469827,0.2669857142857158,49.39624285714286,1.579023491335851,-0.5110571428571424,0.22782857142857144,0.04578754249377285,0.021800000000000003,45.810542857142856,0.6644789659503426,-0.13705714285714216,30.280114285714287,1.915667173970625,0.4555428571428572,70.20445714285714,2.2326080360997156,-0.09411428571428562,50.908028571428574,2.4472174005826166,-0.0007714285714288037,0.19132857142857146,0.02642011318962083,0.001328571428571429,44.7171,0.9020318065345106,-0.15051428571428613,29.36847142857143,0.9225211085466991,0.04322857142857168,70.75674285714285,2.391096372557325,0.2675142857142845,49.799057142857144,1.8866138209829393,-0.4566428571428562,0.1928285714285714,0.03705143786169519,-0.0028999999999999976,42.870285714285714,0.47292039297883753,-0.011771428571428544,30.759642857142858,1.7253123252106417,0.527,68.81368571428571,2.1197763446715054,-0.5703428571428556,49.55825714285714,1.3508692755125542,0.1616571428571427,0.2120142857142857,0.0314799633932142,-0.004028571428571429,47.13204285714286,0.45235484912161816,0.09072857142857162,30.661085714285715,3.2937797494816174,-0.08108571428571411,69.99102857142857,1.5231844938749082,-0.024814285714285234,51.29188571428572,1.1318270619204442,0.11022857142857134,0.20724285714285715,0.02668163270509371,0.004171428571428572,47.09308571428572,0.5796527938592401,0.2569428571428572,31.401685714285716,2.4828996794263207,-0.11255714285714292,70.14884285714287,1.6635451089536961,-0.15141428571428758,50.47501428571429,1.5230938496238335,-0.33421428571428485,0.2003714285714286,0.03524158123040242,0.0022857142857142837,41.738214285714285,0.5029629324601246,0.15559999999999974,30.770885714285715,1.82534170812719,0.053100000000000085,70.008,1.8909935968514995,0.09537142857142962,50.24178571428571,1.460802653142663,-0.13437142857142806,0.18747142857142857,0.04296834937042668,0.0031714285714285672,43.843342857142865,0.5617527714134004,0.19578571428571426,28.968171428571427,1.1689847300318001,-0.620471428571429,70.47948571428572,2.66255147207128,0.07659999999999911,50.46357142857143,1.8356101880249762,0.09734285714285765,0.22564285714285712,0.0368390579477298,-0.002385714285714285,41.528328571428574,0.5089040895699085,0.04135714285714341,28.54577142857143,1.9483684471152298,0.127085714285714,69.46387142857142,1.7993235318811607,0.025671428571428123,50.11157142857143,0.854858424368791,0.28808571428571483,0.19090000000000001,0.016101345699454234,0.0018714285714285714,,,,,,,,,,,,,,,,50.24256561366381,0.10064673007619679,0.20025672805672917,0.26338354312475265,70.18646607322059,0.0462441269077151,51.0716,0.06693670165446385,0.1825,0.9937755689830059,68.0019,0.03251929462560843
0,43,0,,,46.63222857142858,0.6229983833962404,0.13987142857142792,30.110442857142857,1.9064836373606333,0.14022857142857145,69.28671428571428,2.2675529265624497,-0.3077571428571438,50.74362857142857,1.4013015910387085,-0.18864285714285753,0.21072857142857143,0.031272976315327675,-0.0001571428571428557,44.951457142857144,0.2800938465182517,0.2505428571428569,28.396942857142854,2.1046853968049075,-0.19664285714285715,69.57795714285714,1.7711640681175203,0.06039999999999931,49.52861428571429,1.5039118850834399,-0.14985714285714277,0.19357142857142856,0.06063655977174487,-0.006742857142857142,45.68627142857143,0.578447893689874,-0.0770142857142864,29.803657142857144,2.4038863990471353,0.09179999999999973,70.25401428571429,2.608302334487913,-0.08905714285714136,50.10037142857142,1.5325920480396158,-0.8040285714285714,0.20097142857142858,0.030515663425292067,0.01132857142857143,44.004342857142866,0.514612811918201,-0.13334285714285699,28.565114285714287,1.11332959394863,-0.24887142857142866,70.0425857142857,1.9476571245374883,-0.6345999999999999,49.417971428571434,1.6001776335918798,0.15055714285714267,0.17527142857142855,0.026135653444144077,-0.011757142857142855,41.93747142857143,0.5657061566876905,-0.13585714285714293,29.58122857142857,2.49055883669662,0.17741428571428589,70.01344285714286,2.0329672048979686,0.3148142857142854,49.96102857142857,1.4333576533374046,0.15634285714285717,0.19395714285714288,0.019686446872815802,-0.0038000000000000017,46.8405,0.7482123740400984,-0.02535714285714314,27.45212857142857,1.9459881026651513,-0.19308571428571447,70.06982857142857,1.4752813988233948,0.4372000000000002,49.852199999999996,1.7525430066049463,0.41764285714285776,0.19078571428571428,0.03846389772983789,-0.008185714285714284,47.55518571428571,0.47108442777858145,0.06920000000000012,30.688,1.974806890981167,-0.4897857142857142,70.73285714285716,1.6704415173411766,0.028400000000000807,50.40537142857143,1.2826436095220122,-0.1151999999999995,0.18547142857142854,0.023517420088501512,-0.0019571428571428556,41.530899999999995,0.40295737574463586,0.008799999999999792,29.482557142857143,1.2387690554970936,0.451157142857143,71.35855714285715,2.1190687072840326,0.8061857142857158,51.003600000000006,1.383720802763353,0.06477142857142885,0.1984857142857143,0.0408780066609348,-0.0019714285714285723,44.60225714285715,0.20346085501622135,0.09990000000000013,30.925142857142855,3.112662950410326,0.2975999999999997,69.67911428571428,1.9669487109299018,-0.8742285714285722,49.76647142857143,2.0159475172685086,-0.1690571428571427,0.20848571428571425,0.009545230671462606,-0.011742857142857142,41.60224285714286,0.6487697636222705,0.08212857142857136,30.581942857142856,1.8532211055862835,-0.28792857142857137,69.34547142857143,1.546017374540569,-0.14787142857142857,48.65494285714286,2.108013549811854,-0.3371000000000005,0.1815,0.04156128005728411,-0.0026285714285714285,,,,,,,,,,,,,,,,50.45826522664237,0.10064673007619679,0.20320656172068438,0.26338354312475265,70.38529955753992,0.0462441269077151,51.0716,0.06305533631537157,0.1825,0.9933613230830539,68.0019,0.030614024495121156
0,44,0,,,47.072942857142856,0.5424036622822412,0.20171428571428557,30.375785714285715,2.5513862679130432,0.23608571428571423,68.1685,1.0879203831162845,-0.0010857142857137855,49.35122857142858,1.7394335444949576,-0.6096857142857145,0.19921428571428573,0.0219613621747702,0.008742857142857144,45.43834285714286,0.7791558356264036,0.19322857142857178,29.66308571428571,2.425295728654251,0.5553285714285714,70.40737142857144,1.0544776949028194,0.23072857142857117,50.356857142857145,1.622631566167686,0.060928571428571034,0.17765714285714287,0.04116482548417838,0.006242857142857141,46.004157142857146,0.3035913418677962,0.1796428571428572,29.75192857142857,1.5164786565310686,0.28670000000000023,70.26655714285714,3.4467671601357543,0.26144285714285537,49.37928571428572,1.7761440711351348,-0.14315714285714268,0.19622857142857142,0.025088756730569733,0.0037714285714285723,43.52807142857142,0.4252184917358866,0.10889999999999946,30.034314285714284,1.489622012937692,0.712342857142857,69.84365714285714,2.3710164029075953,0.0905142857142859,49.8612,2.403622831616203,0.012842857142857156,0.18798571428571428,0.03003206223196762,0.010614285714285712,41.6784,0.6879771798541626,-0.09827142857142844,30.751542857142855,1.4201592455978609,0.5712142857142852,70.41698571428572,2.2118023521015706,0.016742857142856695,49.49915714285714,1.5307822715386972,0.27718571428571437,0.21462857142857145,0.02844853331226514,-0.002257142857142858,46.71304285714286,0.7172133570450827,-0.12557142857142928,30.40742857142857,1.7490846984582817,0.119371428571429,71.26771428571429,2.386007461869198,0.7204428571428565,50.17324285714286,1.4670818289574425,0.39168571428571397,0.19758571428571428,0.03728643312571069,0.011371428571428569,47.40231428571428,0.6003791952553648,0.1225428571428578,29.813657142857142,2.5042143730500452,-0.38098571428571404,70.814,2.4484789005965726,0.575957142857143,49.820142857142855,1.986179497475115,0.4000857142857147,0.19974285714285717,0.028123943366395024,0.0003999999999999996,41.60155714285714,0.7414034008941967,-0.09670000000000048,29.58764285714286,2.1934405621132824,-0.13697142857142858,70.61944285714286,2.541779104523145,-0.3238714285714285,49.66541428571429,0.42424542986579533,-0.106028571428572,0.19601428571428572,0.023819979608963343,-0.0018,44.34165714285715,0.34296546403967304,-0.08464285714285731,30.226357142857143,1.7481557833491437,-0.7452714285714279,70.23721428571427,1.7811019935503123,-0.09891428571428662,49.379799999999996,1.2157309310315194,0.27860000000000035,0.20784285714285716,0.007873342607147591,-0.0005285714285714259,41.643899999999995,0.4406720095490774,0.04665714285714273,30.564128571428572,2.259667760766523,0.056214285714286154,69.10278571428572,1.449309914440528,0.2710857142857139,49.10001428571429,2.1779186719040973,0.41467142857142797,0.21238571428571426,0.039041833485439166,0.01795714285714286,,,,,,,,,,,,,,,,50.079372173469665,0.10064673007619679,0.20254466648869446,0.26338354312475265,70.2764847106332,0.0462441269077151,51.0716,0.05946208554842255,0.1825,0.9929299870852432,68.0019,0.028852357103351087
0,45,0,,,47.205642857142855,0.4630021521085919,0.07798571428571474,30.645185714285713,2.446547887281568,0.1841857142857139,68.52157142857142,1.6506266403139664,-0.1695285714285717,50.17774285714285,1.6616900230961031,0.1733714285714285,0.19244285714285714,0.032211429500663115,-0.0058857142857142875,46.064014285714286,0.7272150471229696,-0.17687142857142796,32.73114285714285,1.9664653305335316,0.10927142857142817,70.38182857142857,1.0346260302065187,-0.22402857142857208,49.497642857142864,1.2773005739411885,-0.1534714285714287,0.2014,0.018626593891530634,0.0031428571428571417,46.20695714285715,0.5488317679614941,-0.05220000000000015,28.771685714285713,2.0702893593477434,-0.6741000000000003,71.68305714285715,1.9771694151463408,-0.15318571428571406,50.3535,1.3216429018460314,0.7414571428571425,0.19765714285714284,0.033466443748071756,-0.0018428571428571422,43.73432857142858,0.44387358077965877,-0.12374285714285703,31.118985714285714,1.8482921986062097,0.06895714285714304,71.38317142857143,2.1360393720733004,-0.25682857142857074,49.9335,1.710458901386805,0.14581428571428542,0.1849,0.01794751607697705,-0.004185714285714285,42.868857142857145,0.6574357531529733,0.07490000000000054,31.623299999999997,2.6852006157206505,0.3332857142857146,69.40824285714285,2.1190138436367105,-1.272742857142857,50.65718571428572,1.2060477000358534,-0.05497142857142835,0.19324285714285713,0.0229489184307859,-0.006728571428571429,46.474399999999996,0.6296208568125875,-0.22711428571428524,30.125742857142857,1.6992105037900476,-0.26995714285714306,71.86104285714285,1.9580987571768476,-0.030685714285713823,49.502785714285714,1.3436508381129773,0.17957142857142827,0.203,0.02339344637571247,-0.0058,47.81688571428572,0.5238955539311202,-0.17420000000000005,29.554057142857143,2.3559976689696445,0.9963571428571433,68.89312857142858,2.2554631044896927,0.17250000000000146,49.96072857142857,0.9440973497019807,0.21729999999999958,0.1988285714285714,0.02106827902208401,0.007914285714285716,40.8817,0.6238903482720967,-0.3558428571428576,28.3603,2.3037286341928263,-0.2585571428571427,69.51599999999999,2.6185809388547536,0.22669999999999998,50.54128571428571,1.2393452941352905,0.33237142857142843,0.19412857142857143,0.033201943431357274,-0.004142857142857143,45.31158571428572,0.5550094936983605,0.07272857142857093,29.506957142857143,3.386846692651397,0.3094000000000001,68.48132857142858,1.533973600070862,0.06958571428571401,49.19847142857143,1.6230049391117212,-0.029700000000000313,0.2063857142857143,0.03351379957427631,-4.2857142857142104e-05,40.650357142857146,0.5709682999290481,-0.1532428571428568,29.825800000000005,2.681319301513085,0.3308571428571427,70.19081428571428,1.8097948856418695,-0.08094285714285832,50.22971428571429,1.416268242516902,-0.03328571428571487,0.19514285714285715,0.044245898384025636,0.0041142857142857136,,,,,,,,,,,,,,,,50.32736585343157,0.10064673007619679,0.20203963660070212,0.26338354312475265,70.11403220783214,0.0462441269077151,51.0716,0.056157584705199,0.1825,0.9924849828260601,68.0019,0.027234097320843267
0,46,0,,,47.51752857142857,0.41687254932532036,0.11177142857142895,29.101714285714284,1.8033101317933786,-0.7835571428571428,68.29321428571428,1.5640849619170627,-0.12401428571428548,51.117242857142855,0.9851137156983937,-0.11778571428571435,0.19054285714285712,0.021634606316644395,0.0027285714285714296,46.880985714285714,0.5649382043746053,0.20474285714285706,30.84055714285714,2.6410234353731887,-0.42981428571428537,69.11238571428571,3.0813137265505275,-0.09217142857142895,49.06302857142857,1.1293667852891367,-0.30297142857142895,0.20759999999999998,0.022131726849329687,0.010857142857142859,46.50165714285714,0.3895002261750118,0.20050000000000015,29.36247142857143,2.009237900892007,0.3401000000000001,69.80082857142857,0.9146096721447834,-0.3020142857142868,50.59281428571428,1.8847920888244551,-0.019171428571428555,0.19115714285714283,0.017468243294891432,0.008085714285714288,44.219657142857145,0.9639931376953407,0.3484285714285714,30.117314285714286,2.2054750708396655,-0.13671428571428582,70.57081428571429,2.1899482143256908,-0.3555428571428568,49.439228571428565,1.3542921247085913,-0.027599999999999625,0.1974,0.03796770557548449,9.999999999999691e-05,43.09012857142857,0.46357754372662197,-0.12180000000000035,29.886357142857143,2.1146954956976245,0.7241285714285718,68.60327142857143,1.3692097157538006,-0.5109285714285708,49.617200000000004,1.5029935484448076,0.12131428571428618,0.19999999999999998,0.024285798319182532,0.00552857142857143,45.247571428571426,0.6105768548794689,-0.15157142857142855,29.194699999999994,1.9336209495831007,-0.4341000000000003,68.99517142857142,2.0398123130280688,-0.3042000000000006,49.5566,1.378256761274845,-0.5392714285714278,0.2117,0.021913466179497996,-0.003657142857142859,47.31968571428571,0.8300517181249312,-0.3066571428571428,31.371985714285717,2.046213856881854,-0.3952999999999999,69.23662857142858,2.2096682818274496,-0.07879999999999907,50.98254285714285,1.3329060367697256,0.21468571428571437,0.20361428571428572,0.03141228149261738,0.008742857142857139,40.17242857142857,0.4970473743834125,0.034599999999999555,30.42725714285714,2.478396557492477,1.0920857142857143,70.56207142857144,3.287591012537035,-0.7230285714285714,50.22254285714286,1.5704751646738004,-0.12751428571428494,0.18585714285714286,0.018934787838161587,0.007785714285714285,45.561457142857144,0.6715609723054713,-0.14434285714285774,30.503442857142858,1.5508952187442329,0.12385714285714298,70.31624285714285,1.3094719786454119,0.43221428571428483,50.24954285714285,1.3092800424370605,-0.06359999999999998,0.19635714285714287,0.021814968648679264,0.004114285714285717,41.013014285714284,0.512856358800344,0.028942857142856684,30.881128571428572,1.960979826272476,0.2815857142857143,70.49931428571428,2.3844265036752024,0.2939857142857148,48.85110000000001,1.231003732731909,0.0882714285714284,0.18537142857142858,0.03953638468911532,0.00915714285714286,,,,,,,,,,,,,,,,50.23711720331479,0.10064673007619679,0.19982439186473575,0.26338354312475265,70.26803829938466,0.0462441269077151,51.0716,0.053119242882776516,0.1825,0.9920273804976123,68.0019,0.025747733993137352
0,47,0,,,47.83248571428572,0.298950338287031,-0.0368857142857146,30.995128571428573,2.503922642384865,0.42071428571428576,68.38632857142856,1.9166724922064315,-0.11961428571428558,50.99348571428572,0.8504502972515133,-0.18068571428571342,0.1931857142857143,0.02791179132979634,-0.0022142857142857125,48.13412857142857,0.6010562583604421,0.2010857142857146,30.10922857142857,1.9013553908674956,-0.2676000000000001,69.54459999999999,2.3766552421417897,0.655385714285714,50.37475714285714,1.6446843647106868,0.09727142857142874,0.214,0.029426122181943622,-0.0018142857142857127,47.50841428571429,0.8362617840296329,0.042071428571428475,30.157357142857144,1.1121603988891051,0.32511428571428574,68.97962857142856,1.860693769999303,-0.2505571428571431,51.4669,1.6312914352336723,0.4306999999999996,0.19295714285714285,0.028723907414257767,0.007400000000000002,45.536899999999996,0.6164305773293826,0.2560857142857143,31.94262857142857,2.3117531966844966,0.532157142857143,69.0135,1.2313868820696026,-0.4090285714285703,49.08482857142857,1.0183950816756218,-0.11068571428571415,0.1974142857142857,0.022857706838280416,0.003457142857142857,44.352957142857136,0.5839077206120803,0.05874285714285727,30.61237142857143,1.7147075501031983,-0.21545714285714265,70.62388571428572,1.8984470578419053,-0.04327142857142974,50.92658571428571,1.3206565216190842,0.25728571428571456,0.1898142857142857,0.021471564806462142,0.007271428571428572,45.431357142857145,0.720157917536613,0.13714285714285626,29.33322857142857,2.066319050642374,-0.4068714285714289,68.55528571428572,1.8068350408274199,-0.1780857142857144,49.46025714285714,1.3395199747883355,-0.05235714285714315,0.21514285714285714,0.02663411703954524,0.001699999999999999,46.787928571428566,0.3842371651049418,-0.08247142857142872,30.698642857142854,2.08789721638554,0.29809999999999953,70.22850000000001,1.7314265775173057,-0.09288571428571604,49.9848,2.0893596124171707,-0.7171571428571427,0.20059999999999997,0.023969424968766712,0.0045,39.913985714285715,0.6113662280191998,-0.27312857142857083,30.4725,2.6071356415294966,-0.08355714285714251,70.03994285714285,2.069387346420159,-0.8533285714285727,49.37838571428572,0.8228335340529195,0.05679999999999958,0.2060142857142857,0.034831328263094284,0.004857142857142853,45.97398571428572,0.7096977394839485,0.015085714285714655,30.156757142857145,1.1413027320524483,-0.34332857142857115,70.29444285714285,2.1238513294306203,0.5806999999999992,50.81842857142857,1.1335650190356037,-0.08909999999999993,0.19212857142857143,0.019491426686769633,-0.004514285714285713,41.64478571428572,0.7443120255837472,0.2465285714285719,30.5411,1.906162364542954,0.03442857142857138,71.36924285714285,2.087395562143692,0.9465285714285707,49.187557142857145,0.989241930060792,0.23615714285714212,0.1908,0.023792645922637506,0.01164285714285714,,,,,,,,,,,,,,,,49.998103086066195,0.10064673007619679,0.20522285528865378,0.26338354312475265,70.19116880617669,0.0462441269077151,51.0716,0.05028677581465094,0.1825,0.9915514293334852,68.0019,0.02436342450372143
0,48,0,,,48.259328571428576,0.6281773308928235,0.19785714285714256,31.592728571428577,2.1549893825834885,0.29324285714285736,69.69215714285714,1.7684085084779404,0.845642857142857,50.004471428571435,1.9296096666720557,-0.14264285714285713,0.19222857142857144,0.024316846991726662,-0.0016285714285714276,48.01781428571428,0.5142482196649323,-0.1446857142857151,31.455157142857143,3.10246218717603,-0.5054000000000001,69.46521428571428,2.524006096419334,0.6800142857142849,50.507485714285714,1.1133908140279813,0.3100142857142854,0.20864285714285716,0.03544257595711966,0.01005714285714286,47.31032857142857,0.4685681939492023,-0.08411428571428559,30.02307142857143,0.6659742605493865,0.27062857142857155,70.22722857142857,2.9609019761519857,0.6488999999999996,49.6831,1.8858964588050156,-0.5464857142857146,0.1876142857142857,0.04001830533524325,0.0023857142857142888,45.2278,0.4006224739909386,-0.1037857142857145,30.875314285714285,1.9464156659773149,-0.8056000000000003,70.2240857142857,2.568528317557543,0.09011428571428683,50.919628571428575,1.5211538336782895,0.14318571428571403,0.19080000000000003,0.029539860076400953,0.0029428571428571438,44.14601428571429,0.6991005421934497,-0.2813142857142858,30.486557142857144,1.7911878766683789,0.16548571428571432,70.65331428571429,2.97416187545814,-0.6506428571428577,50.420700000000004,0.6511356438305035,0.18087142857142777,0.2101714285714286,0.022724268546036697,0.0020000000000000018,45.16632857142857,0.657260513328757,0.030400000000000205,30.072857142857142,1.5779079471007718,-0.42657142857142866,69.22088571428571,2.882221856732852,0.3141999999999996,49.97442857142857,1.3627636145155697,0.034442857142857566,0.21118571428571428,0.034467251537821125,-0.00825714285714286,47.09949999999999,0.38738976496580885,0.10155714285714217,30.60925714285714,3.2051978502931457,0.029499999999999766,71.27055714285714,2.1333277204539183,0.03771428571428511,50.27804285714286,1.7521222273357062,0.2286142857142853,0.20982857142857142,0.02839986586152096,0.0006857142857142855,40.2942,1.0670548751901885,0.08029999999999912,29.932571428571432,2.1900853405855387,-0.3414285714285715,69.53937142857143,1.746996714091859,-0.29912857142857013,50.11327142857142,2.599503497281943,-0.1555714285714284,0.19182857142857143,0.029975196095311577,-0.0062428571428571455,47.47512857142857,0.6854140055817876,0.253071428571428,29.557514285714284,1.7652753802438694,-0.3008428571428569,69.44965714285715,1.7625848876552528,0.1525571428571421,49.275400000000005,1.2507637879845241,-0.16282857142857157,0.20785714285714282,0.021929117412157608,0.004157142857142855,42.59827142857143,0.7487563994479332,0.20600000000000002,29.726342857142857,1.9912037580796207,0.028014285714285898,71.67268571428572,1.9900192515220958,0.647114285714285,48.93697142857143,1.3741654651875763,0.21021428571428555,0.21232857142857142,0.03434655316455663,0.014285714285714282,,,,,,,,,,,,,,,,50.206178160434575,0.10064673007619679,0.20142365317671146,0.26338354312475265,70.1174730267571,0.0462441269077151,51.0716,0.04763708736732323,0.1825,0.9910554388966205,68.0019,0.02306961271057627
0,49,1,3.0,4.0,48.765142857142855,0.684347479616263,0.0315571428571429,31.161228571428573,2.709235216633577,-0.22558571428571433,70.69515714285714,1.4500596641255623,-0.060185714285714606,50.58318571428571,0.5862674089200774,-0.08295714285714288,0.1985142857142857,0.03140893867311384,-0.002385714285714285,47.7138,0.4666579368231214,-0.03281428571428587,29.280800000000003,2.109710602586673,-0.7719285714285716,68.93054285714285,2.0189576137677183,0.009471428571428322,49.497257142857144,0.9135228128097481,0.1386714285714287,0.2176857142857143,0.0356761558360497,0.006714285714285713,47.20227142857142,0.5386262176879474,0.03784285714285675,29.99494285714286,2.5519036847401764,-0.17255714285714266,69.863,1.8980258120829512,-0.15261428571428684,49.917185714285715,1.8162747923782219,-0.3437285714285717,0.2239142857142857,0.03502149000120857,0.0019714285714285684,44.25494285714286,0.28283495102919426,-0.06905714285714229,30.9101,2.054980239969882,0.49539999999999956,72.00412857142858,3.635632120972551,0.527785714285715,53.39435714285714,1.714393312377108,0.5396571428571428,0.28235714285714286,0.02419516874246058,0.011957142857142857,44.468942857142856,0.8109434440968883,0.047599999999999705,31.2723,2.482624845467642,-0.027800000000000175,69.04034285714286,2.3552967299665037,-0.631057142857143,49.43435714285714,1.3741282155815353,0.05814285714285664,0.18582857142857143,0.03709293348180651,-0.006071428571428569,45.087271428571434,0.6131271774391711,-0.026057142857143032,29.986085714285714,0.9744057238963004,0.3315571428571426,68.87480000000001,1.9857081751019263,-0.14501428571428626,50.11307142857142,0.6257927338298576,0.11309999999999983,0.21577142857142856,0.03634105640941642,0.007400000000000002,46.89844285714286,0.4701089833120986,-0.1140428571428568,30.1773,0.7586250237545761,-0.07315714285714289,70.47465714285714,1.129716304885318,0.17197142857142872,49.849085714285714,1.110122255172207,0.15102857142857168,0.19917142857142858,0.033178241579169286,0.006857142857142855,41.38115714285714,0.6325570721477946,-0.02542857142857104,29.000357142857144,0.8913214942939979,0.18892857142857114,69.16108571428572,1.995171243635181,-0.19000000000000178,49.890571428571434,2.1897610689405678,-0.7536285714285721,0.19605714285714287,0.025032103197218408,0.003985714285714287,47.596228571428576,0.9781088482616203,-0.19638571428571389,30.78861428571429,2.3368552725322616,0.9470142857142859,69.15402857142857,1.8813185745768195,0.4483285714285716,49.84931428571428,1.8111362192728808,-0.05708571428571422,0.20941428571428572,0.030454470310691106,-0.0001857142857142851,42.81091428571428,0.6173886820810995,-0.11492857142857105,28.9115,2.459284295616623,-0.15475714285714304,70.72922857142858,0.9824265141548393,-0.29442857142857043,50.62951428571428,2.0990033511396144,-0.015371428571428274,0.20414285714285715,0.02706017104792313,-0.005885714285714284,,,,,,,,,,,,,,,,50.14312302388606,0.10064673007619679,0.20255614444069428,0.26338354312475265,70.06178055418201,0.0462441269077151,51.0716,0.04517774125988996,0.1825,0.9905435381717949,68.0019,0.02186975222016502
0,50,0,,,49.89552857142858,0.4984786545555763,0.15495714285714257,28.052614285714288,2.447110417362084,0.08321428571428566,69.62084285714286,1.6513853980391933,-0.2737571428571418,50.21372857142857,0.9638246325867078,-0.04577142857142848,0.18760000000000002,0.03428614880677033,-0.0099,48.11107142857143,0.7238312411841892,-0.057728571428571386,28.83317142857143,1.0651787232107661,-0.13805714285714288,70.24997142857143,1.061191485570582,0.09631428571428557,49.91452857142857,1.115583509072403,0.41854285714285716,0.21615714285714285,0.036673644357715515,0.005599999999999998,47.61245714285714,0.660517190937275,0.0740000000000001,29.628014285714283,2.546413662014723,-0.40168571428571453,69.6195857142857,1.754542597971068,-0.05191428571428552,49.925914285714285,1.564027569480543,0.3439000000000009,0.19934285714285713,0.02696898571463493,-0.001328571428571429,43.65121428571429,0.9091541113007586,-0.33112857142857166,29.551457142857142,1.6429791618247753,0.05007142857142861,74.99028571428572,1.5048004556845254,-0.08151428571428555,56.41327142857143,2.0110953447595286,0.35882857142857155,0.34248571428571434,0.03440772338547471,0.015528571428571432,43.5835,0.786311481962856,-0.09692857142857138,29.906457142857143,2.302828541784466,-0.0900428571428569,69.70585714285714,1.7718686584669472,-0.19552857142856997,49.742642857142854,0.9906055889491042,0.0092571428571426,0.22905714285714285,0.024002003884596865,0.007771428571428572,45.33525714285714,0.47842507548972496,-0.22041428571428515,30.875985714285715,1.6074976811062063,-0.0018428571428574156,68.77135714285714,2.725368891763174,0.08514285714285766,50.23982857142857,1.0222886900060482,-0.2759714285714289,0.2154714285714286,0.04136696404482349,0.002614285714285712,47.51324285714286,0.3805578880942457,0.035685714285714355,30.823485714285717,0.9888703646561876,0.1669142857142855,69.84437142857143,1.540407368971242,0.3592999999999985,50.3379,1.2713287655048202,0.42325714285714305,0.2019,0.021903120021281672,0.007528571428571428,40.577085714285715,0.5048201971286724,-0.07011428571428573,30.433428571428575,2.6183965415971118,-0.29680000000000006,69.98535714285715,1.8731322162420603,0.3854857142857132,50.71488571428571,1.2431755419470387,0.05172857142857116,0.19935714285714284,0.034183419818329945,-0.009957142857142855,47.92865714285715,0.8154675281848215,0.2090285714285715,30.679342857142853,2.2673868783669,-0.5832714285714283,71.12645714285713,1.6770894488739787,0.5418857142857141,49.570685714285716,1.179772848798458,-0.7280999999999997,0.19218571428571427,0.0326906423191423,-0.008714285714285714,42.50302857142857,0.6568161328567582,-0.07149999999999933,30.31472857142857,2.5816950160145287,0.3896285714285713,70.09454285714286,2.5220293937338227,-0.3939000000000001,50.73107142857143,2.4602354756637403,0.25267142857142894,0.22327142857142857,0.018732388554383098,0.01072857142857143,,,,,,,,,,,,,,,,50.376518847166736,0.10064673007619679,0.20343994674468086,0.26338354312475265,70.18313251698828,0.0462441269077151,51.0716,0.042898398437035884,0.1825,0.9900172487079546,68.0019,0.02075857797163203
0,51,0,,,49.84765714285714,0.4119905777932263,0.08990000000000009,29.16577142857143,2.4495786336390655,0.6302000000000001,69.53611428571428,1.8184605590338767,-0.0195285714285721,50.92637142857143,0.9883849464560375,0.09857142857142824,0.19408571428571425,0.03092493215144419,0.004514285714285716,46.87567142857142,0.2877198736868908,-0.26591428571428516,28.247642857142857,1.6642824578549722,0.018185714285714534,71.08284285714286,1.3456688731594353,-0.038928571428570535,50.24408571428571,0.8228252941918487,0.24995714285714346,0.2056,0.03621178445386722,0.004257142857142856,47.82864285714287,0.5044110719677517,0.16768571428571427,29.143628571428568,2.513148639133968,-0.15374285714285715,69.75552857142857,1.8780863733369886,0.0288571428571426,50.57671428571429,1.5912681331028393,0.3295428571428565,0.2172285714285714,0.027247428887004578,0.0023000000000000004,42.77704285714286,0.5247984846811033,-0.08235714285714327,30.31797142857143,2.366203699116854,0.2000857142857139,77.36158571428572,1.9023442962377604,0.04675714285714402,59.06600000000001,1.5296888114903728,0.4245571428571426,0.37670000000000003,0.018564841322597496,0.00541428571428572,43.876,0.5164024302808266,0.08404285714285667,29.467857142857138,1.8536287383194838,-0.04769999999999998,69.48955714285714,1.83992370662233,0.14710000000000076,50.1461,1.3171362129002695,-0.30968571428571423,0.19947142857142855,0.03154545473258745,0.0105,44.99581428571429,0.7353707442024244,-0.01602857142857163,28.072185714285716,1.374816718001096,-0.5701,69.63914285714286,1.1575595547776627,0.1025428571428567,49.77054285714286,1.3023396150225282,-0.11339999999999963,0.21532857142857145,0.023342787200454858,-0.0010857142857142851,48.22208571428571,0.6828554835606688,-0.036542857142857245,30.125128571428572,1.021109476197781,-0.12148571428571435,69.49249999999999,2.388228478042525,0.5716857142857147,50.34715714285714,1.6693250321184179,0.45265714285714254,0.18301428571428574,0.02437891360523338,-0.009957142857142859,40.11315714285714,0.5666106154356055,0.055171428571428906,29.59864285714286,1.38564891158999,0.35078571428571387,70.02174285714285,2.46562652474455,-0.3296285714285716,49.98721428571429,2.2251753649458794,-0.26375714285714275,0.20429999999999998,0.03494557673487928,0.0013857142857142837,48.60295714285714,0.38302569912544876,0.13184285714285693,29.721814285714284,2.287051844936724,0.24499999999999997,70.7397,2.013014759012097,0.0737714285714292,49.47197142857143,1.6890977460509495,0.05157142857142917,0.18857142857142858,0.029832516615583227,0.006728571428571429,42.33998571428572,0.18889336876097643,0.1019285714285709,31.115000000000002,1.7481416742739593,0.4700857142857145,71.10589999999999,1.4513312922968429,0.944742857142858,50.183699999999995,1.3988296155477145,-0.44734285714285704,0.2097,0.02796414370820845,-0.003942857142857141,,,,,,,,,,,,,,,,50.17048642107323,0.10064673007619679,0.20476373720866073,0.26338354312475265,70.18848934205053,0.0462441269077151,51.0716,0.04076068683220337,0.1825,0.9894707658302223,68.0019,0.019717205361741173
0,52,0,,,50.0332,0.41105375966318947,0.13455714285714343,29.9129,2.1245138165393778,0.39788571428571423,69.42434285714286,2.8507160029584995,-0.523771428571428,49.48562857142857,1.2260667827301361,-0.29247142857142855,0.20101428571428567,0.027486689419391582,0.008571428571428567,46.92447142857143,0.7093778300133138,0.23468571428571444,30.157614285714285,3.036433431636834,0.1216857142857144,69.47354285714286,0.8018769956736039,-0.2958285714285722,50.7231,1.9409338542739283,-0.3091857142857139,0.2207285714285714,0.04159734423757189,0.0012142857142857114,47.145100000000006,0.8731199669384183,-0.23472857142857098,29.79747142857143,1.358717749343459,-0.16245714285714286,69.18398571428573,1.507423127314214,-0.22007142857142778,50.264914285714276,1.3114951587514803,-0.045328571428570844,0.20497142857142858,0.027025464182613142,-0.004471428571428571,43.01714285714286,0.35069518035410124,0.0485428571428577,30.451371428571427,2.636694494194251,-0.5070285714285713,78.14815714285714,2.2411122646705866,0.0025857142857148574,59.6053,1.094811855982008,0.20474285714285706,0.3825142857142857,0.02124770015565568,-0.0038714285714285734,43.180099999999996,0.7826631757446024,-0.15242857142857144,30.53894285714286,1.5450869898456994,0.3083714285714286,69.84631428571429,2.197260994532862,0.1751571428571432,50.78065714285714,2.0968426096213246,0.7798999999999998,0.20025714285714286,0.03495868309604259,0.0020142857142857146,44.84177142857142,0.6631724152746521,-0.3913142857142863,29.362,1.4034778824999907,-0.09294285714285724,69.81617142857144,2.212548305095475,-0.04422857142857189,50.66852857142857,2.1562410963791536,0.6240428571428568,0.20747142857142856,0.027232377438490062,-0.006242857142857141,48.04215714285714,0.4633334791027275,0.061671428571428474,28.42285714285714,1.7869004345113757,-0.16251428571428558,68.95765714285714,1.124706259217839,-0.3908857142857138,49.686457142857144,1.7032476790503905,-0.4817428571428571,0.19874285714285714,0.037563717296652914,0.0028285714285714303,40.89327142857143,0.6101251284624866,-0.07644285714285713,30.345957142857145,2.7218285415367185,1.1018857142857144,70.26334285714286,1.601514251010758,0.6751000000000005,49.97694285714285,0.793946677170833,0.13698571428571427,0.1867857142857143,0.011035311288681253,-0.003642857142857142,48.88485714285714,0.740185161197666,0.0013428571428570585,30.041857142857143,2.3522827188762268,0.09508571428571397,70.60647142857142,1.3599551067522175,0.14339999999999975,49.46725714285714,1.0024382455745535,-0.20042857142857123,0.19934285714285718,0.042248386838744434,-0.010285714285714283,42.27288571428572,0.4943065561253851,-0.0712142857142857,30.570685714285712,2.093928823550417,0.2566714285714283,68.76628571428571,1.7955329890487595,-0.6292000000000014,49.912528571428574,1.5201081986866227,-0.2651999999999991,0.18891428571428573,0.03340206723000982,0.0011999999999999986,,,,,,,,,,,,,,,,50.167578175311576,0.10064673007619679,0.20007308082473196,0.26338354312475265,70.22405849220877,0.0462441269077151,51.0716,0.03874153478358039,0.1825,0.9888998523782178,68.0019,0.01873426025262998
0,53,0,,,50.44148571428571,0.6173107116856149,-0.05724285714285721,29.785700000000002,2.854322845556669,-0.39688571428571456,68.53412857142857,2.511264565721292,0.2362714285714296,48.28182857142857,1.465652277672823,-0.34024285714285646,0.21337142857142855,0.029470307898273554,0.003514285714285716,45.0552,1.2629521051885948,-0.4598714285714282,28.934228571428573,1.6092249135471774,-0.2065571428571426,70.2049,1.24937166341055,0.16255714285714312,50.20465714285714,1.539009276403864,0.11502857142857133,0.21084285714285717,0.026299357225533036,-0.008714285714285714,47.18004285714285,0.7066333935337491,0.24024285714285704,29.310985714285714,1.651091116432366,-0.3603714285714287,69.30282857142858,1.8204890668116602,-0.0033142857142861104,50.866142857142854,1.7714617569088298,-0.5065999999999998,0.1927142857142857,0.026117007777272046,0.0006000000000000014,43.30674285714286,0.4958092538368769,-0.12309999999999986,30.959585714285716,1.3002874213400877,0.23542857142857138,77.28064285714287,2.4166230969799467,-0.08644285714285616,59.43774285714286,1.400204868173202,-0.3536857142857142,0.3758571428571429,0.019407804026802027,0.0025857142857142862,42.98698571428571,0.7359319045232396,0.07821428571428564,29.97742857142857,1.6747882321000993,-0.09942857142857164,69.5604,1.526687840828539,-0.005200000000000061,50.90374285714285,2.455293851970377,0.007900000000000367,0.19382857142857143,0.03667277438308138,0.001328571428571429,45.02197142857143,0.589544849055498,0.2862428571428574,30.945185714285714,2.3347100101358365,0.10457142857142847,70.59360000000001,2.77420413692526,0.05272857142857187,49.77041428571429,0.957528618246885,-0.6361142857142852,0.2052857142857143,0.047566319616980705,-0.008314285714285717,48.259928571428574,0.40614669235953565,0.014971428571428191,30.033157142857142,1.8899244824922878,0.5647571428571426,69.38581428571429,2.0782261662521755,0.1538714285714288,49.930842857142856,1.0910939752639075,0.3795428571428567,0.19902857142857142,0.022825111484628464,-0.0017428571428571413,41.308699999999995,0.8420820130290347,0.1888714285714284,31.226457142857146,2.7235287697257684,0.6328428571428572,69.57515714285714,1.4890021410967063,-0.8064857142857136,48.78518571428571,1.097112857197832,-0.4499571428571433,0.19917142857142858,0.01889785828127226,0.0025857142857142862,48.76951428571429,0.7457140368545905,-0.13629999999999956,29.354728571428574,2.0292858068084487,-0.2947857142857145,68.19662857142858,1.4776114179245468,-0.7734714285714281,50.80701428571428,1.6048574603669739,0.037399999999999115,0.18819999999999998,0.04447392494484829,0.005971428571428572,42.5933,0.2732046241677046,0.036828571428570864,29.250014285714286,2.008891761169611,-0.7994714285714285,69.60142857142856,2.602167190833051,-0.05907142857142844,50.291999999999994,1.3408954893403784,0.18599999999999994,0.1994857142857143,0.030253067534352553,-0.0005714285714285719,,,,,,,,,,,,,,,,49.830144814846705,0.10064673007619679,0.20339020895268162,0.26338354312475265,70.12274151783717,0.0462441269077151,51.0716,0.03685101415000893,0.1825,0.9883092915539635,68.0019,0.017814525468706172
0,54,0,,,49.86212857142857,0.8462663365518368,-0.15088571428571385,29.765357142857145,1.813032211386177,0.16871428571428584,70.66278571428572,2.3738836698741927,-0.08045714285714414,48.38984285714286,2.008241673585063,0.23527142857142888,0.19998571428571427,0.028409295929996112,-0.005,44.256871428571436,0.637000726620201,0.009557142857143422,29.915014285714282,2.487424508354345,-0.13175714285714285,71.03834285714285,1.8443603451757833,0.5662142857142852,50.064228571428565,0.836225086752542,0.3116285714285709,0.2123,0.03226866385003681,0.0033285714285714307,47.386514285714284,0.4948369341797853,-0.14388571428571392,29.564928571428574,1.1967860498216074,-0.10365714285714286,69.61885714285714,1.8731661848833072,-0.8877285714285718,49.50287142857143,1.534002734367697,-0.8524428571428574,0.19890000000000002,0.04287924906058866,0.01278571428571429,43.59250000000001,0.6012923997522579,0.011171428571427913,30.482157142857144,2.3992810922282124,0.013214285714285876,76.87192857142857,2.11457142522563,-0.22535714285714295,59.96248571428572,1.3943562426536769,0.5224000000000005,0.36747142857142856,0.027974673920392337,0.00035714285714285747,43.41547142857143,0.6405797340801884,0.059171428571428715,29.7566,1.3984901715779225,0.41115714285714283,70.22574285714286,2.772825040073278,0.1600142857142848,50.24865714285714,1.7095877113670002,0.09802857142857135,0.20029999999999998,0.0456521996549273,0.008785714285714286,45.491342857142854,0.4712038265874774,0.027728571428571262,28.869428571428568,2.886375674159722,-0.4012571428571426,69.50098571428572,1.3722320144306612,-0.7320857142857145,50.68134285714286,1.5770533925194898,-0.27588571428571385,0.1899714285714286,0.04176488613998259,-0.00654285714285714,47.60115714285713,0.8709923303474504,-0.15484285714285712,29.805814285714288,1.3160957999939902,-0.5320571428571428,68.85734285714287,1.4451853028327484,-0.16331428571428472,49.94298571428572,1.891618472304064,-0.4543857142857145,0.20227142857142857,0.024435951266233078,-0.004114285714285717,42.11308571428572,0.6743085382539403,-0.1573999999999996,28.641014285714284,1.7408694948488277,-0.29854285714285717,69.30698571428572,2.5593126723325694,0.9173714285714283,49.65634285714285,1.739467689512312,-0.5380285714285711,0.1838142857142857,0.012841005746102143,5.714285714285878e-05,48.05721428571429,0.5521744694948453,-0.1235428571428575,31.10152857142857,2.1336481533703875,0.12930000000000014,71.08862857142857,0.606865470304802,0.4087428571428567,50.02088571428572,1.8509025811106605,-0.12308571428571469,0.1968142857142857,0.02491301056151376,-0.0018714285714285714,42.97991428571429,0.364043227417435,-0.02872857142857096,30.001585714285714,2.1904385241533655,0.49874285714285704,69.04912857142857,1.2860346829361713,-0.03805714285714146,49.930257142857144,1.1564515134051905,-0.0704428571428569,0.20652857142857145,0.04452316678935117,0.005242857142857145,,,,,,,,,,,,,,,,50.076803694945816,0.10064673007619679,0.19927727615274404,0.26338354312475265,70.08326043418236,0.0462441269077151,51.0716,0.03509297746538735,0.1825,0.9877037525231944,68.0019,0.016959756418485874
0,55,0,,,48.740814285714286,0.6933079148270705,-0.17798571428571414,29.090957142857143,2.4268613508378567,-0.32528571428571446,70.12738571428572,1.3528502275179137,0.19558571428571472,50.24635714285715,1.1638183361348975,0.03991428571428506,0.20529999999999998,0.027178668105703744,0.00035714285714285747,44.93205714285715,0.6421995195089056,0.13027142857142898,30.014914285714287,1.188895105309345,0.038514285714285786,70.42251428571429,1.6864550062468762,0.24332857142857126,49.95301428571428,1.225421919760123,-0.20168571428571422,0.21161428571428573,0.026834891998505115,-0.00757142857142857,46.486285714285714,0.5720590220963312,-0.23952857142857095,30.963885714285716,1.6967087792042155,0.1156714285714285,69.80895714285714,2.6251951094836574,-0.12550000000000036,49.96214285714286,1.3640050890143816,-0.3089000000000003,0.20831428571428573,0.04586027433307345,0.005771428571428571,43.536828571428565,0.3577215337579055,-0.11271428571428592,29.523714285714288,2.0218407903266096,-0.04651428571428541,76.42045714285715,2.5328854197384403,-0.6722714285714285,58.56931428571428,2.211125104577802,-0.42987142857142807,0.35231428571428575,0.03723597850517696,-0.0011571428571428566,43.11744285714286,0.9744489619901991,-0.3419714285714284,30.12458571428571,1.5722516512193305,0.6933571428571424,70.12314285714287,1.2583642091451008,-0.21995714285714232,50.141557142857145,1.0409660366811955,0.38598571428571454,0.19212857142857143,0.03169225532553744,-0.006885714285714285,44.771057142857146,0.3996490746360131,-0.06884285714285758,30.387757142857144,1.886164942289977,0.4645857142857141,70.6602,1.3736002608716278,0.04831428571428579,50.10944285714287,1.0711917691013317,0.06341428571428562,0.20337142857142856,0.02234813297837311,-0.001414285714285717,46.92034285714286,0.34648912853178593,-0.016228571428571165,30.521957142857143,1.3941950758497803,0.2128857142857145,69.84528571428572,2.363474649344742,0.45869999999999933,49.35699999999999,1.3301613310673146,0.2021714285714284,0.18932857142857146,0.02722644023039097,0.008185714285714287,42.042300000000004,0.3069489968495286,0.07317142857142857,30.877042857142857,1.9180161563945803,0.5675,68.67984285714286,2.2178228099175614,0.05065714285714153,49.08232857142857,0.965162723265445,-0.3973714285714282,0.22514285714285714,0.018531222044867943,0.0086,47.84795714285714,0.6273921337758361,-0.07108571428571407,29.358471428571427,2.3000986317360863,0.545257142857143,70.36315714285715,2.4860520247018827,0.0145142857142864,50.2425,1.2699749682573347,-0.1091714285714279,0.20011428571428572,0.025202475313047402,0.0023857142857142888,41.996657142857146,0.43914433791611784,-0.21231428571428626,30.36672857142857,1.052259354459529,0.4076999999999999,69.67198571428573,1.0890812954484106,-0.012871428571427503,49.82071428571429,0.7566293245453197,-0.024157142857142894,0.21584285714285714,0.037505415481983315,0.00322857142857143,,,,,,,,,,,,,,,,49.91427765468307,0.10064673007619679,0.21034584786457597,0.26338354312475265,69.99093039090266,0.0462441269077151,51.0716,0.03344624882225581,0.1825,0.9870795901712238,68.0019,0.01615955369236374
0,56,0,,,47.713185714285714,0.7544181586462877,-0.2795571428571435,29.448342857142855,1.1842264899603683,0.4131,70.41247142857142,1.8501053661114488,0.11157142857142942,49.35017142857142,1.123857419358678,-0.29497142857142833,0.19860000000000003,0.03820868138700068,-0.000857142857142854,44.65429999999999,0.36797941518561306,-0.05185714285714279,30.188485714285715,2.234499863077907,-0.46722857142857116,69.3775,1.8313803027589437,-0.0031714285714282858,51.05958571428572,1.3496989706703013,0.5469428571428574,0.1910285714285714,0.03321639727030992,0.002128571428571428,46.07959999999999,0.5904659572461272,-0.18212857142857178,30.150757142857145,2.1743931451151695,-0.013642857142857321,69.03317142857144,2.8613520526225935,-1.018414285714286,49.00938571428572,1.2436321273170574,-0.6252999999999999,0.20038571428571425,0.02984060033865641,0.010457142857142856,43.975271428571425,0.32770062411822715,-0.02097142857142842,30.301214285714284,1.4301539968695298,0.3705714285714287,76.1463,1.1219677060116788,0.039499999999999806,55.48398571428572,0.8626174324469974,0.03647142857142833,0.30844285714285713,0.03154720574751626,-0.008271428571428572,43.52762857142857,1.1327060926740509,-0.08892857142857176,31.053714285714285,3.2988909961927844,1.1433571428571427,69.56561428571429,2.1979676570479607,-0.5838857142857137,49.68515714285714,1.6453947488441456,-0.18725714285714293,0.18962857142857142,0.012415274770179504,-0.0007285714285714276,45.07364285714285,0.7898746796321977,-0.05725714285714239,29.6515,0.8212749986048031,0.24692857142857147,69.9001,1.393039764926538,-0.37370000000000153,50.4717,1.075828781296873,0.021871428571427844,0.19505714285714287,0.018087735913490912,0.004614285714285714,47.035671428571426,0.7309726116947624,0.017857142857142856,29.722528571428573,1.5819297442409401,-0.6217571428571433,70.87192857142857,0.9033603502373604,0.14192857142857104,49.58034285714285,1.4254230727017734,0.27111428571428625,0.20018571428571427,0.043946157532880684,0.0009,42.1954,0.42685529163903424,0.12957142857142806,31.010814285714286,1.6940675777829557,0.41485714285714287,69.23545714285714,2.3551480440778967,-0.0048714285714299066,50.07288571428571,1.1164417605777763,0.2746857142857136,0.19367142857142855,0.026728743223086906,-0.010457142857142856,46.09375714285714,0.6599302105957274,-0.24102857142857204,30.752599999999997,2.119243884030321,-0.06931428571428556,70.78545714285715,0.7952350404279042,-0.24815714285714258,49.70565714285714,1.423360050323632,-0.00932857142857151,0.2112285714285714,0.02905441528613259,0.0030142857142857115,41.776485714285705,0.3905445788834121,-0.06817142857142906,31.77597142857143,1.8191840292782337,0.5515428571428568,69.70195714285714,2.1906331747215937,0.27085714285714296,48.888714285714286,1.4433531554780759,-0.343671428571429,0.2055,0.05723207142852687,-0.004842857142857144,,,,,,,,,,,,,,,,50.19474337494336,0.10064673007619679,0.20191720511270395,0.26338354312475265,70.07272976159236,0.0462441269077151,51.0716,0.031899945615491684,0.1825,0.9864356544480984,68.0019,0.015408545040867564
0,57,0,,,46.90014285714286,0.5938809949733576,-0.08308571428571351,30.85044285714286,1.2827676197154563,0.5840714285714286,70.2163,1.720827283605206,0.0033142857142861104,49.629757142857144,1.5237877070610655,0.16488571428571472,0.18398571428571425,0.023357470508842113,-0.00935714285714286,44.17242857142857,0.936060079472114,-0.058200000000000376,28.771414285714286,1.8465943720161893,-0.5725142857142858,69.62755714285714,1.6172542892787571,0.25898571428571415,50.87027142857143,1.4825254958057912,-0.042028571428571936,0.19662857142857143,0.017560439846970026,0.001085714285714289,46.13742857142858,0.7981347248726498,0.14028571428571418,29.4335,1.4122687586527702,0.3480714285714284,70.66498571428572,3.16561098074735,0.03269999999999941,49.51935714285714,1.1631130797091194,0.11455714285714334,0.19888571428571428,0.029735132339340407,0.00307142857142857,42.12102857142857,0.43690934496070216,0.0456714285714282,31.720042857142857,1.5499461440720608,0.6904285714285717,72.6307,1.138706220526735,-0.15969999999999882,53.971028571428576,1.7966681679470313,-0.5304428571428568,0.2626857142857143,0.02239965986136243,-0.000471428571428575,43.70654285714285,0.5193276482052926,0.036671428571428875,30.224642857142857,3.5271425804547696,0.08795714285714291,69.06751428571428,1.9727924062342868,-0.018914285714286296,50.47127142857143,2.6415798251010285,-0.896642857142857,0.2004,0.027141051318375197,0.0007142857142857149,44.371185714285716,0.7214795063586626,0.05218571428571498,30.478571428571428,1.9627987549366568,0.19625714285714274,69.26952857142857,0.4576637292243187,-0.47002857142857124,50.52571428571428,1.098123579002822,0.03960000000000008,0.20447142857142858,0.03112703617359645,0.006442857142857143,46.82600000000001,0.3914396505212859,-0.2045571428571427,29.01282857142857,1.7494642119939152,-0.23894285714285704,70.36284285714287,2.31885372174641,0.20277142857143002,49.41005714285715,1.6830447071277077,0.31424285714285716,0.19811428571428571,0.023522005907336323,-0.010542857142857144,42.232000000000006,0.9787437849952906,0.08095714285714349,30.132057142857143,1.2760595229810276,-0.02131428571428578,69.84551428571429,2.3902005072298964,-0.060528571428570946,49.95854285714285,1.6505907173465468,0.07600000000000051,0.19081428571428574,0.024098024024902135,0.011814285714285713,45.45708571428571,0.43284425770509366,-0.2770714285714289,30.547,1.6735438775245544,0.09572857142857114,69.62192857142857,2.447665525702946,0.2094999999999995,49.72521428571429,1.4083738914419663,-0.312971428571429,0.18889999999999998,0.024938858567838767,-0.004928571428571429,40.57438571428571,0.7374966292094174,-0.08319999999999997,29.599171428571427,1.6277600219465793,-0.8148571428571424,70.59671428571428,1.9537961215956274,-0.1140428571428568,50.06761428571429,1.905901282358367,0.005271428571428974,0.2119,0.02381959977273624,0.006514285714285715,,,,,,,,,,,,,,,,50.16236841099863,0.10064673007619679,0.2011520083127156,0.26338354312475265,70.16254438956994,0.0462441269077151,51.0716,0.0304615363729011,0.1825,0.9857788240370382,68.0019,0.014710280554013433
0,58,0,,,46.573885714285716,0.524193629710112,0.022385714285713374,29.494942857142856,2.4679688131856934,0.41137142857142905,70.24274285714286,2.221850466658492,0.11087142857142851,49.82725714285714,1.8482262865218722,-0.15644285714285747,0.19837142857142856,0.023566269276638737,-0.00614285714285714,44.98258571428572,0.8176190706938106,0.13924285714285695,31.009042857142855,2.733792208549094,0.3255000000000002,70.2398,1.4007308461418764,0.295971428571428,49.67202857142858,2.162903094388262,-0.2577857142857139,0.17637142857142857,0.027849219874514455,0.0005714285714285719,46.73095714285714,0.5373144915755319,0.0817142857142861,30.38998571428571,1.0463759162439077,0.0783142857142859,71.27961428571429,1.8538050899239868,-0.051042857142858465,50.29861428571429,1.1731584084975877,0.03782857142857158,0.19952857142857142,0.01966568197696282,0.001942857142857143,42.94804285714286,0.5544242114033759,-0.052285714285714234,29.625314285714285,1.630864184441857,0.05761428571428594,71.98108571428571,2.585395024896869,-0.15799999999999922,50.50688571428572,1.2821891155737168,-0.5790999999999998,0.2197428571428571,0.032788252832524144,-0.01027142857142857,43.612314285714284,0.6584391351992033,-0.1558000000000003,29.13194285714286,1.989043184429108,-0.5062857142857143,69.82847142857143,1.383028879807378,-0.2655142857142851,49.349828571428574,0.49904208143982853,0.3920428571428565,0.1934857142857143,0.029414249866996513,0.003171428571428571,44.12175714285714,0.5200911229686498,0.0749999999999998,30.354985714285714,2.0222808290216565,-0.36992857142857155,70.24052857142857,1.89111848713424,0.36459999999999987,49.9905,1.5199320883951544,-0.38370000000000054,0.20581428571428573,0.030947074636731502,-0.004714285714285714,46.350614285714286,0.47901756901889975,-0.06662857142857145,30.916671428571426,1.5912465477462243,-0.11984285714285699,69.45387142857143,1.6524278226439173,-0.02371428571428526,49.06547142857143,0.9191955934662323,-0.654985714285714,0.20609999999999998,0.041875211442252286,-0.002414285714285714,41.63720000000001,0.39591907843269636,0.04877142857142859,30.223457142857143,2.5846874452289024,0.252442857142857,69.26285714285714,1.5814584585725264,-0.6040714285714281,50.363499999999995,1.6932032482841703,0.3199571428571427,0.20015714285714287,0.042027842245463,0.007399999999999998,43.60018571428572,0.5817666268313142,0.06260000000000028,29.6687,2.02519761587191,0.30207142857142905,69.06632857142857,1.0740580581985473,-0.04831428571428579,49.73219999999999,1.9697742366407083,0.11768571428571407,0.18558571428571427,0.032464310073855356,-0.010214285714285716,40.831585714285715,0.7866427957435733,0.21674285714285751,31.351828571428573,2.6299606269006444,0.0276999999999999,68.36627142857142,2.907083388159825,-0.593357142857144,49.30958571428572,1.3888506416320898,-0.725128571428571,0.18398571428571425,0.041822220113691896,0.0009285714285714294,,,,,,,,,,,,,,,,50.277027719212164,0.10064673007619679,0.2036542018486776,0.26338354312475265,70.07676368011195,0.0462441269077151,51.0716,0.02911924268324887,0.1825,0.9851082551493089,68.0019,0.014058971918653592
0,59,0,,,46.288900000000005,0.6214623667877542,-0.10715714285714333,29.470757142857142,2.036944756947815,0.44017142857142844,70.0174,2.8374774154754707,-0.11592857142857074,50.76681428571429,1.457478025481657,-0.10758571428571376,0.204,0.023530405861353073,0.0008142857142857118,46.16142857142857,0.5388319859175059,0.19854285714285627,30.854257142857143,2.4812841425742445,-0.4328428571428568,70.26345714285715,1.9157955543821656,-0.3573285714285715,49.6034,1.1250163139558045,-0.5302142857142859,0.1987142857142857,0.02627733044352303,0.013371428571428574,46.82418571428571,0.6496282332446012,-0.16157142857142862,29.930042857142855,1.2424292801566172,-0.2000714285714287,68.8588,1.0629708117661245,-0.22831428571428652,51.14192857142857,1.6730000973443997,0.4604714285714288,0.21092857142857144,0.015682869028094747,0.006657142857142857,43.19961428571428,0.6275850604460252,0.0552428571428568,29.938814285714283,2.795922002624872,-0.05644285714285705,70.20484285714285,2.436625415649677,-0.6426857142857146,50.50534285714286,1.2642955388374568,0.05537142857142844,0.20882857142857142,0.02128573186320812,0.005571428571428573,43.212328571428564,0.5616618309810084,0.10938571428571464,29.270785714285715,3.3586949332682723,-0.7723142857142855,67.80351428571429,2.344658564644818,-0.45924285714285623,49.27917142857143,1.2399621428553727,-0.029328571428571593,0.21637142857142858,0.024691544725925774,0.005014285714285713,44.09441428571428,0.5783194112502972,-0.06205714285714338,30.37257142857143,1.1710188394645475,0.2125142857142858,69.39691428571429,1.545478604864868,-0.2726571428571439,48.95337142857142,1.5388913690426462,0.13312857142857126,0.19032857142857143,0.013983766098076418,0.0016000000000000022,45.8249,0.6966564098129798,0.10658571428571406,32.23871428571429,1.5655049892698052,0.2905857142857146,69.92337142857143,1.5963573886761722,0.009371428571429061,50.26654285714285,1.9639718547348242,0.1565571428571429,0.19662857142857143,0.024867496475366888,-0.0015857142857142895,41.71375714285715,0.6436641434196286,0.040428571428571605,31.245685714285717,1.9070939256965682,-0.21848571428571364,69.80202857142858,2.1767453722735697,0.7261285714285707,50.794428571428575,1.88911220746174,0.49520000000000003,0.1908857142857143,0.011649238683483125,-0.002185714285714287,43.08744285714285,0.6645720774978829,-0.18205714285714286,29.70152857142857,1.4684165164265275,-0.007414285714286198,69.47937142857143,1.5832422900642764,0.28605714285714207,51.378442857142865,1.606416300192504,-0.10679999999999978,0.18842857142857142,0.02547140319951729,0.007542857142857141,42.24830000000001,0.18202975947175185,0.08051428571428586,29.6472,2.077854515279302,-0.6208000000000001,69.15022857142857,2.3062465109020893,-0.08695714285714473,50.25422857142858,1.4923792354428613,0.2795428571428573,0.20574285714285714,0.04898315551094609,-0.003700000000000001,,,,,,,,,,,,,,,,50.399040561215244,0.10064673007619679,0.20117113823271532,0.26338354312475265,70.15614227905186,0.0462441269077151,51.0716,0.02786723889840414,0.1825,0.9844255035472299,68.0019,0.013451732361400579
0,60,0,,,45.927099999999996,0.5740011120780113,0.16348571428571393,31.210514285714286,2.0524312700052088,0.8072000000000001,69.77725714285715,1.9557358537194725,0.5551428571428565,49.596114285714286,1.306907005654386,-0.24887142857142866,0.19459999999999997,0.02581472448042009,-0.0021571428571428575,46.28618571428571,0.6200012511509518,0.011485714285714923,30.41568571428571,1.9548376210728708,0.4430285714285717,70.29035714285715,3.668987061782008,-0.42189999999999983,49.70037142857143,1.7982802263220778,0.27558571428571405,0.1898857142857143,0.039955326243669945,-0.001228571428571428,46.26235714285714,0.6610019209682627,-0.12448571428571446,30.174742857142856,1.2642118240985194,0.22074285714285732,68.87622857142857,1.6484558903352586,0.17304285714285836,50.442071428571424,2.092159255979574,0.29102857142857225,0.1915142857142857,0.025505844334937987,-0.01092857142857143,44.248828571428575,0.6271506191079832,-0.024814285714285234,29.743385714285715,2.237039728769969,-0.15288571428571376,69.75698571428572,1.619160593670289,0.2740000000000009,48.88701428571428,1.7878623021444613,-0.6602142857142864,0.19132857142857143,0.021498272355836855,-0.0023000000000000004,42.52961428571428,0.8667072601299228,-0.2044857142857148,30.4056,2.5927710485116036,1.0787000000000002,70.23085714285715,1.778215881960737,0.19909999999999936,49.97118571428571,1.9753669072086917,0.02289999999999992,0.20677142857142858,0.022189690871041716,0.0010142857142857137,43.60675714285714,0.6084204682543363,-0.04015714285714215,28.811199999999996,1.244524423223602,-0.012014285714285628,69.60434285714287,1.3746249874748881,-0.16495714285714363,49.70601428571428,0.9227548634903424,0.11541428571428522,0.20928571428571427,0.022479207323763985,0.00031428571428571535,46.16135714285714,0.47819473319698125,0.0712142857142857,31.03381428571429,0.8588929879571183,0.0978285714285713,71.71037142857143,2.6446284015681583,0.8899857142857144,50.33357142857143,1.531730035737701,0.06657142857142873,0.19598571428571426,0.032505713783447854,0.001942857142857143,42.81221428571428,0.9840604307809069,0.3004000000000003,29.00362857142857,2.041544426583547,0.22635714285714265,70.68434285714287,1.9537683570109496,-0.4344428571428572,49.756742857142854,2.3218759957249953,-0.3545571428571423,0.20147142857142858,0.03160209456590468,0.003399999999999998,42.07405714285714,0.46002695159053714,-0.23328571428571468,29.463885714285716,1.605017370029114,-0.4025999999999996,70.30491428571429,1.3571860870059156,0.012642857142858637,49.73144285714285,1.7431502420017249,-0.5515857142857143,0.21921428571428572,0.018563353555812713,0.0010714285714285723,43.6669,0.7441581059604454,0.258342857142858,30.44825714285714,2.028879087786432,-0.4596142857142859,70.14338571428571,2.4537251947658905,0.3292428571428587,50.23104285714286,1.2990539684159486,-0.4247428571428579,0.20801428571428573,0.03636607524288857,0.012242857142857142,,,,,,,,,,,,,,,,50.10523088717514,0.10064673007619679,0.20400619237667225,0.26338354312475265,70.28603950303912,0.0462441269077151,51.0716,0.026683388407623503,0.1825,0.9837219754327907,68.0019,0.012877777519397511
0,61,0,,,45.755657142857146,0.6881757160715682,0.021642857142856946,30.768957142857143,3.166671930095873,0.12292857142857169,69.9951,2.564296032052474,-0.8289142857142865,50.175871428571426,1.6762124444853614,-0.0844857142857143,0.2171857142857143,0.03706446764631541,0.015314285714285716,46.43522857142857,0.8402786873300502,0.021371428571428503,29.23418571428572,1.9332985753443603,-0.5135428571428571,68.89501428571428,1.9514655496392186,-0.6197142857142849,50.22477142857143,1.6726099582332228,0.0840285714285715,0.19737142857142856,0.03683095230399362,-0.014714285714285711,46.221242857142855,0.7867192910162205,-0.05948571428571471,30.97814285714286,1.619367130349761,0.03165714285714267,69.4549,1.9505910967362192,-0.0611714285714271,50.403557142857146,2.031082366504093,-0.17581428571428553,0.19245714285714285,0.02568747146910696,0.009942857142857142,44.411928571428575,0.7886255315722107,0.2264571428571429,29.895042857142858,1.7488590879552848,-0.5886142857142858,70.40758571428572,1.4784979206708708,0.264085714285715,49.70958571428571,1.6822388707005411,-0.13354285714285755,0.1980142857142857,0.029782177476439086,0.00595714285714286,42.32067142857142,0.3979196724394421,-0.07912857142857124,31.037571428571425,2.302815732036367,-0.42325714285714305,69.2487,1.4069693410543638,-0.13455714285714343,50.4611,1.6022547550248758,0.05462857142857201,0.20692857142857143,0.02761338529805898,-0.003328571428571427,42.60424285714286,0.594356172277383,-0.12934285714285718,29.51897142857143,1.3956659661421875,-0.0334857142857139,70.06137142857143,1.0735142161987834,-0.21369999999999884,49.952285714285715,1.0767575499751427,0.025528571428571314,0.2152857142857143,0.04441979395762771,-0.006514285714285715,45.12202857142857,0.7468485136767262,-0.307228571428572,30.0036,1.8023949252776401,-0.229257142857143,70.32314285714286,1.9522956263991302,-0.39754285714285637,50.95157142857143,1.4196365623100966,0.29238571428571447,0.20085714285714285,0.027876086355085667,-0.004414285714285716,43.11334285714286,0.6073314192903564,-0.2476857142857146,30.102485714285713,1.1514296641257293,0.24418571428571414,71.06562857142858,2.459635025577522,-0.08101428571428519,49.874942857142855,1.5737015503340959,0.2707857142857141,0.1881,0.03520937375188596,-0.009014285714285713,41.7604,0.47210217467460425,-0.047885714285714344,28.93964285714286,1.7043821498880707,-0.6324142857142852,70.8735,1.7560435434997987,-0.21884285714285617,50.00454285714286,1.6280671749625957,0.21541428571428664,0.19528571428571428,0.0329158233767808,-0.0019714285714285684,43.8212,0.5919897296406136,-0.055585714285715175,29.171942857142856,1.0887198749863858,0.14424285714285748,69.13484285714286,1.3835495700760347,-0.0382142857142875,50.227042857142855,0.9910770031589707,0.1767857142857149,0.1956142857142857,0.028246854017832942,-0.005585714285714285,,,,,,,,,,,,,,,,50.13869796009851,0.10064673007619679,0.20042507135272664,0.26338354312475265,70.34217364552511,0.0462441269077151,51.0716,0.02556759075365797,0.1825,0.9830002949355473,68.0019,0.012337020086238814
0,62,0,,,45.50771428571428,0.34005294405733777,-0.04142857142857131,30.313085714285712,3.1437881636801217,0.0734571428571432,69.18034285714285,1.379565608995698,-0.7273142857142858,51.00732857142857,1.5640723307169249,0.3208142857142856,0.204,0.047992360503174535,-0.004457142857142858,46.15777142857143,0.4357359969612438,0.1091,30.2903,3.0326876473957225,0.22834285714285738,70.33355714285715,1.2975428122122796,0.013442857142856772,50.98914285714285,1.5522382826713184,0.32651428571428504,0.18125714285714284,0.03907193609838389,-0.001999999999999998,45.484342857142856,0.6934323900162995,-0.11384285714285726,28.8076,1.8340682984374628,-0.3786142857142859,68.41878571428572,1.9928003357324338,0.41941428571428424,49.55817142857143,1.9452634617743456,-0.28128571428571447,0.20752857142857145,0.03259078163559508,-0.003028571428571428,45.07434285714286,0.43867090115919916,0.16615714285714286,30.315685714285717,2.1184688585773204,0.5219714285714291,70.45124285714286,1.9038225913995601,-0.2088857142857157,49.88777142857143,1.6595938717192789,0.750157142857143,0.21262857142857142,0.020019466716650013,0.010600000000000002,41.750614285714285,0.5752177455207315,-0.08885714285714284,30.49358571428571,1.0102608053180449,-0.743228571428571,70.27338571428571,1.9926296623880893,0.3861857142857141,50.62847142857142,0.6306311777740774,-0.07227142857142914,0.1910857142857143,0.03091576882279935,-0.014657142857142856,41.86421428571429,0.7037827728987429,-0.13118571428571357,29.399957142857147,2.105483584086359,0.03097142857142846,72.26682857142858,1.4585555454106254,0.42749999999999894,49.53734285714285,1.3791562334232756,-0.1752285714285711,0.18521428571428572,0.043681705879823736,0.001757142857142858,44.942628571428564,0.5168272784155946,0.15412857142857206,29.8741,2.0116840689664057,-0.1838,70.65122857142856,1.125215272313541,0.05599999999999942,50.30238571428571,0.9953202104994358,0.06968571428571428,0.20934285714285714,0.038582675608916255,0.012057142857142862,43.15351428571429,0.7573875613550345,0.08628571428571519,31.938800000000004,1.3884618035798582,0.3379285714285715,70.92615714285715,2.328828752010461,0.49748571428571403,50.80634285714286,0.8309531030833577,0.21411428571428612,0.20442857142857143,0.03766509056963821,-1.4285714285712712e-05,41.75307142857143,0.5854127111535178,0.106028571428572,31.13065714285714,2.5877665691074987,-0.03394285714285721,70.6174857142857,1.7053806978978385,0.4953714285714292,50.21971428571429,1.9111491764805135,-0.31094285714285724,0.21159999999999998,0.02790579390258122,0.004528571428571425,44.519400000000005,0.5468376389142118,-0.049657142857142844,29.648785714285715,0.6116432713833239,-0.2807285714285709,69.51837142857143,1.2494260091663487,0.24150000000000002,48.918299999999995,0.9896534578662249,-0.14094285714285654,0.20824285714285715,0.02290981282790255,-0.008642857142857143,,,,,,,,,,,,,,,,50.40241396450484,0.10064673007619679,0.20479817106466022,0.26338354312475265,70.32164020104813,0.0462441269077151,51.0716,0.024524950924347182,0.1825,0.9822676658737629,68.0019,0.011831896508631154
0,63,0,,,45.78874285714285,0.53674859682221,0.01357142857142841,30.066785714285714,2.7469353932631724,-0.3567428571428571,70.03527142857142,0.8873475769849349,0.21947142857142815,51.010442857142856,2.003924120201111,0.38951428571428537,0.19731428571428572,0.031157151590575388,0.007257142857142859,46.236285714285714,0.8649524754355522,0.04159999999999948,30.83751428571429,1.3635473459919956,0.4496285714285716,70.518,1.6150230019001541,0.11208571428571597,50.077728571428565,1.2127871820924019,0.2269999999999998,0.20177142857142855,0.03188273902316198,0.012614285714285717,45.14267142857143,0.7243550204935327,-0.0061571428571422105,29.913271428571427,1.4449540439223734,0.28002857142857146,69.39194285714285,2.186345780716558,-0.3661571428571416,49.82685714285714,0.7658588226236701,0.13869999999999902,0.1965857142857143,0.030753505413823788,-0.0014714285714285719,44.353371428571435,0.5593491417539463,-0.0033428571428574727,30.086942857142855,2.104542337308471,0.2378,70.95457142857143,2.4706894481191206,0.7393000000000001,50.6591,2.1012227051569576,-0.030985714285714647,0.21485714285714286,0.022833298574878143,0.0017714285714285707,40.482371428571426,0.7268528065440671,0.05134285714285726,30.72117142857143,2.0705065094595114,-0.20649999999999988,70.48028571428571,1.813339199220287,0.20708571428571482,49.864514285714286,1.4388158481063205,0.39154285714285614,0.1918857142857143,0.02900600102113536,-0.012857142857142857,41.9548,0.647278240017745,-0.06011428571428569,30.333942857142855,2.6416949728391663,-0.5633142857142859,69.73662857142857,2.297782592496688,-0.2680571428571434,50.13777142857143,0.9646274578203211,0.3745428571428572,0.21628571428571428,0.01608513066690589,0.005085714285714289,43.70334285714286,0.6392442904378264,-0.10641428571428589,29.60914285714286,1.2804921604043564,-0.3419857142857146,70.95571428571428,1.9603140593865518,-0.10828571428571568,52.076,1.571357264702481,0.016000000000000267,0.2155142857142857,0.0215564706891326,0.003314285714285718,43.19608571428571,0.7236718580235877,-0.1547142857142855,29.084342857142854,2.6740166490737964,0.45968571428571436,71.92607142857143,2.1501204537686767,0.466785714285714,51.57384285714286,1.7443816639496659,0.7078428571428564,0.20641428571428572,0.03988071499573986,0.018357142857142857,41.67758571428571,0.43518262231049765,0.0047428571428562395,30.147885714285714,2.0219186864861354,0.15962857142857143,70.21427142857144,1.5319183101745772,-0.24778571428571589,50.60861428571429,1.5269456172685096,0.4455428571428572,0.1882714285714286,0.028857622579699465,-0.010557142857142857,44.997842857142864,0.7896372265311032,0.06975714285714218,28.855214285714286,1.6947088003828665,-0.15950000000000028,70.7968,2.1524383653584307,0.5382999999999986,50.06115714285714,1.30736697074332,0.08782857142857077,0.18944285714285716,0.02926151381039938,0.001942857142857143,,,,,,,,,,,,,,,,50.61972342701488,0.10064673007619679,0.20532998284065215,0.26338354312475265,70.46885088554286,0.0462441269077151,51.0716,0.02354162919006894,0.1825,0.9815183868881839,68.0019,0.011355668753496443
0,64,0,,,46.199200000000005,0.3442181527269832,0.12807142857142903,29.14625714285714,2.3591929466501527,-0.0428285714285716,70.96888571428572,1.3030412853892681,0.01868571428571337,50.35711428571428,1.868072430277231,-0.17058571428571515,0.21075714285714287,0.027645364719536436,0.001042857142857143,46.05315714285714,0.327665163732742,0.14045714285714236,30.01162857142857,1.427485032862889,0.010585714285714485,70.52187142857143,1.4380320623619205,0.18491428571428514,49.26305714285714,1.4640035802064237,-0.06907142857142848,0.1971285714285714,0.017334812207973935,0.005528571428571426,44.7081,0.5795305916572051,-0.12454285714285719,29.681299999999997,2.4133422426170714,-0.26278571428571446,69.67141428571429,1.9330139053030995,0.17207142857143,49.7437,0.6645831701149497,-0.09014285714285718,0.19588571428571427,0.023211234964374963,0.0003714285714285702,44.25094285714285,0.8271628555029051,-0.09338571428571438,31.029,1.6334229897161823,0.3127142857142857,69.70202857142857,2.2848553132267253,-0.10512857142857156,49.46375714285715,2.5575392443110476,-0.4062428571428569,0.2089142857142857,0.030901317586333448,0.002314285714285713,40.67977142857143,0.8017084106546033,-0.24041428571428622,30.14677142857143,1.5073744665413877,0.07568571428571451,70.48352857142858,2.27224650563738,-0.23242857142857076,49.89062857142858,0.9283993011527703,0.1083428571428574,0.2105714285714286,0.03152341533345854,0.0019142857142857136,42.30995714285714,0.798993097294499,0.0963714285714283,31.20272857142857,1.4875670076943732,0.3860857142857143,71.08131428571429,1.715703149759712,-0.2882000000000013,50.34448571428571,1.8056132526361282,0.19488571428571383,0.19578571428571429,0.023519667555149722,0.003700000000000001,43.21755714285714,0.5553268102574447,0.025914285714286223,29.212085714285713,1.6829527508009263,0.039314285714285954,69.99627142857143,1.83296017115692,0.2566714285714288,50.73517142857143,1.0401124373744288,0.03351428571428577,0.1965142857142857,0.02136121318117089,0.0006857142857142855,43.4337,0.5859370301776118,0.07909999999999988,29.99365714285714,3.150402309154166,0.0812428571428571,69.81907142857143,1.5595942129437814,-0.23628571428571377,51.53478571428572,1.0471903686031687,-0.015214285714285276,0.20354285714285716,0.03367733447205789,-0.003271428571428572,42.10544285714286,0.4416899095402988,0.06738571428571508,29.824985714285713,1.461516832413673,-0.38424285714285694,70.13774285714285,0.8558506175287247,0.10255714285714289,49.50494285714285,1.3977819940381684,-0.26288571428571367,0.1964,0.03834405647120122,0.001657142857142857,44.3529,0.5029770140539189,-0.12898571428571465,29.946357142857142,2.240125718835978,-0.0679714285714285,70.33162857142858,2.3352794905637957,-0.1230000000000006,51.305757142857146,1.4702308003135907,0.16031428571428563,0.2032857142857143,0.03343154341693034,0.005157142857142856,,,,,,,,,,,,,,,,50.60866481239408,0.10064673007619679,0.20456096005666383,0.26338354312475265,70.15865138478382,0.0462441269077151,51.0716,0.02261671228500358,0.1825,0.9807553243526032,68.0019,0.01090786686392944
0,65,0,,,46.101485714285715,0.42007031724306093,-0.014485714285715037,30.842885714285718,1.9562876291831974,0.4624428571428574,69.27104285714286,2.4364928434515,-0.30175714285714356,49.65231428571428,0.9580798391027662,-0.07740000000000029,0.21314285714285716,0.02468541115334163,0.0018142857142857127,46.22638571428571,0.3521279380595696,-0.07344285714285702,30.980257142857145,1.0802716924569165,0.3208142857142861,70.3374857142857,1.3674778236209832,0.41501428571428634,50.16408571428571,1.0101156013522612,0.4499428571428571,0.21542857142857144,0.021813276865685724,0.005414285714285713,45.163799999999995,0.5325485048330373,0.027442857142856627,29.95584285714286,2.0190044666098395,0.570771428571428,69.61968571428572,0.7073736669977356,-0.10408571428571431,49.59305714285715,1.8035837739134373,-0.3009999999999999,0.18755714285714284,0.02050584121194541,-0.0032428571428571424,43.464285714285715,0.47706906008988237,-0.15274285714285643,29.655257142857145,2.7624980409387536,-0.5049142857142854,70.67447142857144,3.153686728108413,0.6308285714285721,49.18071428571428,0.9663020980845491,0.19794285714285667,0.21875714285714284,0.026157462742836188,-0.004685714285714289,39.888799999999996,0.8641222617971023,-0.17425714285714275,30.327071428571426,1.2749225698243718,0.18771428571428572,70.14057142857142,1.9875619987934794,-0.49951428571428586,50.00175714285714,0.7860009051248683,-0.190728571428571,0.20944285714285718,0.028060818302564492,0.0072,41.816428571428574,0.5375024828297006,-0.1436142857142865,29.816157142857143,1.7722639775694895,-0.16285714285714295,69.69825714285714,1.1483860556698307,-0.40055714285714267,49.72410000000001,1.239262924752664,-0.15581428571428546,0.20344285714285712,0.02265677655381557,0.00042857142857142893,42.29654285714285,0.3838611027321338,-0.07928571428571425,29.260771428571427,0.7528907749783146,-0.6593714285714286,69.22645714285714,3.1559748973743558,-1.0712428571428572,49.40857142857142,1.6003491772259497,0.2983999999999999,0.20032857142857144,0.041593016813150856,0.007057142857142857,45.09037142857143,0.4432909605597589,-0.08128571428571364,28.707114285714283,1.0139669577597732,-0.7874142857142858,70.13101428571429,2.511491823882504,-0.02009999999999934,49.62661428571429,1.342199822963049,0.5866714285714291,0.20674285714285714,0.028831398228485672,-0.0038999999999999985,43.112199999999994,0.48312745040289534,0.28581428571428497,30.510014285714284,2.35317793591882,-0.5104285714285715,69.72255714285714,1.9045785840593579,-0.012485714285712593,50.30251428571428,0.583444968637867,0.16842857142857173,0.20498571428571427,0.04674595984579593,0.012385714285714286,43.6414,0.20019199950696695,0.0710714285714289,30.642085714285717,2.1594749179901394,0.012842857142857156,70.1772,2.619274295169114,0.7443714285714285,49.06738571428571,2.53962497653266,-0.022357142857143027,0.2123142857142857,0.026442354192433386,0.004357142857142857,,,,,,,,,,,,,,,,50.06838636611411,0.10064673007619679,0.2054179804726508,0.26338354312475265,70.20457664275774,0.0462441269077151,51.0716,0.021742573502012308,0.1825,0.9799757092526374,68.0019,0.010484774169426937
0,66,0,,,45.216,0.7449015080309652,-0.26207142857142834,29.099085714285714,1.1279109397888014,-0.16058571428571408,69.75654285714286,1.4544086643227951,0.23081428571428628,49.906214285714285,1.3990461839274158,0.22375714285714363,0.1985857142857143,0.04302531923458669,0.010128571428571428,46.63885714285714,0.46123013726767403,0.06577142857142856,31.032314285714286,2.014288044139126,-0.07610000000000028,70.9309,1.6542454473263002,0.16519999999999868,49.84159999999999,1.0931133716743986,0.008442857142856244,0.21778571428571428,0.025228385373849072,0.00021428571428571446,45.803628571428575,0.873127903410619,-0.09529999999999969,31.139142857142854,2.678510914579942,-0.12032857142857115,69.21747142857143,1.6936889331813338,0.10751428571428587,50.26667142857143,1.7859125209206126,0.406328571428571,0.19414285714285714,0.017217225593656238,-0.002328571428571426,43.205685714285714,0.47797125934690976,0.0952142857142856,31.59718571428571,3.5477380307404243,0.8936571428571425,69.55151428571429,1.5260713705769642,-0.5764714285714295,49.55624285714286,1.9153323853031645,0.01754285714285686,0.2031285714285714,0.028472309020386753,-0.0024285714285714266,39.44652857142857,0.35744464240065676,-0.01754285714285686,30.151714285714288,1.6324993225405056,-0.4184571428571426,71.11865714285715,2.5356636553094942,0.01610000000000054,50.12602857142856,1.4982262342675585,0.23661428571428594,0.2075142857142857,0.022269068875268288,0.0026714285714285707,40.993100000000005,0.38465588517598387,-0.10561428571428573,30.36374285714286,2.2131623105540763,-0.19585714285714267,71.02611428571429,2.631303495372975,0.5928428571428555,50.215999999999994,1.373292345666654,-0.4631428571428578,0.21547142857142856,0.03794525505188216,-0.0016857142857142865,42.34471428571429,0.3749704896328413,0.02500000000000061,28.97822857142857,0.7732752306784082,-0.05959999999999965,69.42498571428571,2.819380206374302,0.8217428571428574,50.07691428571428,1.1155890797072099,-0.28944285714285706,0.2160714285714286,0.02136435616361322,0.0072,44.76457142857142,0.3224263001794204,-0.22365714285714336,29.220228571428574,2.219536310970008,-0.4081999999999998,70.28194285714285,2.2035147604506506,0.004600000000000445,49.78241428571429,1.9287779632266346,0.07458571428571455,0.1971285714285714,0.03216539104305092,-0.0012142857142857153,44.11722857142856,0.44274556543681803,0.15884285714285692,30.3444,1.4783455730421242,0.28721428571428576,69.8296,1.886794516280744,-0.17842857142857074,49.92951428571428,1.1927083974839736,-0.16879999999999942,0.21345714285714287,0.03985824285903145,-0.0016000000000000022,43.0751,0.6041750463786291,0.055442857142856336,29.3143,2.4580146134634577,0.19464285714285776,69.88201428571428,1.5818038789397812,-0.5583285714285731,51.10827142857143,2.0735991743137063,0.473,0.18050000000000002,0.03403258242723681,-0.014857142857142859,,,,,,,,,,,,,,,,50.11249947915524,0.10064673007619679,0.2028430932406899,0.26338354312475265,70.22679684565638,0.0462441269077151,51.0716,0.02091574910358491,0.1825,0.9791796033018849,68.0019,0.010084693697273467
0,67,0,,,44.99708571428572,0.6232025337684234,0.047085714285714175,29.5224,1.293656613376725,0.533257142857143,70.94579999999999,1.8386924085702268,-0.05435714285714255,50.751285714285714,1.3632967314914437,0.6386857142857139,0.20405714285714288,0.045220860125346915,-0.0026714285714285707,46.636,0.3982552364169011,-0.02667142857142884,31.128714285714288,1.2312902939986008,0.6687714285714286,70.35578571428572,2.1957869883245,0.23514285714285726,49.34114285714286,1.267182664887175,-0.01688571428571452,0.20804285714285717,0.02893779864599588,-0.0029142857142857143,45.468042857142855,0.5342406850135349,-0.0664428571428571,30.398314285714285,1.3302445457240564,-0.2619714285714281,69.70755714285714,2.7514870245360656,-0.3832857142857153,50.44734285714286,1.9615029950331142,-0.001385714285714609,0.20272857142857145,0.027617730674677824,-0.0030571428571428533,44.065885714285706,0.708034390474882,0.1374285714285719,29.580471428571425,3.027600196368009,0.18754285714285654,71.09932857142857,3.1338201946475053,0.0982285714285719,50.07322857142857,1.049065011831093,-0.18921428571428578,0.20581428571428573,0.04086067500549613,0.006471428571428568,40.2876,0.6319229462521737,0.06920000000000012,30.0045,1.68965509695519,-0.11177142857142895,70.08948571428571,0.80045818426836,-0.23780000000000104,50.10581428571429,1.2398678967650185,0.044228571428570874,0.18277142857142858,0.019183127507067025,0.000757142857142857,40.53218571428572,0.4435483379472682,-0.1953571428571428,29.68087142857143,0.9615323130543164,-0.46091428571428594,69.87355714285714,2.131840669356782,-0.3383428571428563,49.70312857142857,1.440660337847711,-0.3952999999999999,0.22258571428571425,0.022497587172215575,0.008742857142857144,41.70951428571429,0.7557149339723493,-0.08360000000000005,30.1164,1.5597769178101282,0.3270714285714286,70.29124285714286,1.2039303992301749,-0.1359000000000005,49.6595,1.2246162310427944,-0.18752857142857135,0.20277142857142857,0.019454195287539312,0.00024285714285714386,44.903957142857145,0.5227619817120975,-0.009728571428570578,30.477714285714285,2.830015967816324,0.21208571428571435,69.65504285714286,2.1198048438926005,0.254642857142857,50.1205,1.5744578368441855,0.1331571428571426,0.19892857142857143,0.03442245944562525,0.0012142857142857153,44.157071428571435,0.5376134755075531,-0.1922142857142859,30.767042857142858,2.125323406650629,-0.19499999999999978,70.25247142857143,1.6301521981238891,-0.08017142857142849,50.17002857142857,1.3429253636673868,0.001014285714285888,0.20308571428571429,0.025733339501603048,-2.857142857142939e-05,44.074299999999994,0.5862608406957304,-0.05777142857142792,29.7895,1.5586072308313998,0.5111714285714289,71.10215714285714,2.41051049631761,0.5096571428571427,51.172514285714286,2.0304510536894926,0.40660000000000046,0.23832857142857142,0.02380824187025135,0.0035714285714285704,,,,,,,,,,,,,,,,50.20822485355752,0.10064673007619679,0.20332516722468258,0.26338354312475265,70.13450255660757,0.0462441269077151,51.0716,0.020135887627274678,0.1825,0.9783701289441282,68.0019,0.009707436792827064
0,68,0,,,45.212157142857144,0.49440724056585605,0.08292857142857153,30.836985714285714,2.002260395510165,0.37432857142857096,70.3962142857143,1.2035459545701583,-0.40022857142857254,50.709628571428574,1.16312306129416,0.06301428571428554,0.2058,0.034147035010378295,-0.0026714285714285707,46.90314285714286,0.5605499230136408,0.1293999999999999,31.484014285714288,2.1162411853949514,0.007157142857142925,67.50811428571429,1.6906320952322014,-0.5880142857142842,49.74577142857144,1.7538037088134077,0.5431714285714284,0.19332857142857146,0.0243846751250122,-0.002971428571428573,45.91155714285714,0.6008347106515629,0.15635714285714236,30.680442857142854,0.9516169202243039,0.00554285714285742,69.5909,1.7457178962630857,0.056085714285714516,49.90334285714285,1.4697604531092294,-0.062485714285714825,0.21137142857142857,0.04203176236632289,0.007642857142857146,43.8573,0.6595331328547549,-0.14592857142857188,30.730557142857144,1.7424680196559814,-0.49241428571428514,71.17997142857143,3.0645007547256116,0.42951428571428657,50.79897142857143,1.6764629608339228,-0.11362857142857154,0.1956571428571429,0.0212681183263324,-0.010842857142857142,40.908371428571435,0.8237315272876777,0.1409,29.0837,2.352999318600286,0.2409857142857145,70.52937142857142,1.5067268539391152,-0.08839999999999902,49.50387142857143,1.0382650074592674,-0.15097142857142792,0.19908571428571428,0.027731896711875075,0.0029428571428571438,40.535642857142854,0.3334280924842522,-0.054500000000000375,29.765557142857144,1.7794136842015589,-0.15842857142857117,69.47417142857144,1.8341363678074571,-0.023699999999999073,50.14797142857143,1.913781027803571,0.17815714285714332,0.20335714285714285,0.020653075408024052,0.0016285714285714317,41.594971428571434,0.4998347517408883,-0.09818571428571435,30.204557142857144,2.0564283526356433,0.2900571428571429,69.79639999999999,2.5286047226352517,-0.7210857142857147,50.66831428571429,1.7792965383624435,-0.05075714285714282,0.2092142857142857,0.019046471989271375,-0.0019714285714285723,44.75868571428572,0.3560868781093832,2.8571428571361984e-05,30.06818571428571,2.2366584178401836,0.5278428571428572,70.67122857142856,2.101258952560198,0.191828571428571,50.704171428571435,1.74325637884419,0.3763857142857146,0.2288142857142857,0.03300239529546464,0.0025285714285714278,43.66807142857142,0.3869232168194056,0.07695714285714265,28.804914285714286,2.054668062752521,-0.2964285714285713,69.36165714285714,2.3463565797900623,-0.27285714285714235,50.7398,2.3736850465047583,0.1517000000000002,0.21135714285714285,0.027494475635592625,-0.011085714285714286,44.22734285714285,0.34780482485210734,0.16564285714285734,30.772485714285715,1.4568593462520252,0.05788571428571438,71.70400000000001,1.3420895424673147,0.2531000000000014,52.43937142857143,1.766932388552158,-0.16507142857142906,0.24845714285714288,0.046610615999035404,0.011800000000000001,,,,,,,,,,,,,,,,50.373485211114954,0.10064673007619679,0.21132912575256102,0.26338354312475265,70.28410877457145,0.0462441269077151,51.0716,0.01939341741377374,0.1825,0.9775403620910881,68.0019,0.009348357434483916
0,69,0,,,46.19848571428572,0.626387030061004,-0.049957142857143665,31.39722857142857,1.7930281804015846,0.5967,69.94252857142857,2.5197997405312056,-0.5037285714285714,50.24812857142857,0.8124322222279694,0.17911428571428648,0.2102,0.024240049504899965,-0.009757142857142857,47.17715714285714,0.5883066004988988,0.01028571428571366,30.379885714285713,2.2360608499684975,-0.0009142857142856135,68.8956,2.923489056475769,0.07208571428571377,50.940371428571424,1.3756651490754828,0.4681285714285711,0.21307142857142855,0.028960301234950216,0.0005142857142857171,46.6481,0.26946002795709056,0.07657142857142876,29.05657142857143,2.4998577417620336,-0.36161428571428594,68.70637142857143,1.5126621606892188,-0.26129999999999953,49.69112857142857,1.3135207455718558,-0.0341857142857143,0.22369999999999998,0.011290113669341507,0.010414285714285713,43.52672857142857,0.49628255296834717,0.1262999999999995,29.231642857142855,3.1774141744806386,0.5430857142857144,70.09757142857143,3.2418747172554894,0.33458571428571254,50.937314285714294,1.8618835708574715,-0.15905714285714265,0.2009285714285714,0.02652261389115076,-0.0033857142857142857,41.57635714285714,0.44046305504235594,0.308171428571428,30.3431,1.415645054383317,-0.018099999999999943,70.44094285714286,1.792306990870731,-0.16547142857142813,50.54917142857143,1.621587435934546,0.3175000000000005,0.19801428571428573,0.02268585672259501,0.013542857142857143,40.25854285714286,0.595926941431889,-0.10498571428571372,29.9621,1.6718135791209734,0.09351428571428601,69.97717142857144,2.8684099426419976,-0.3251428571428566,49.849671428571426,1.3705925807404704,0.1519285714285711,0.17387142857142854,0.016121074642189374,-0.0014000000000000004,42.16804285714285,0.3471453675201927,0.13054285714285743,30.756428571428568,1.9984357063415759,0.10397142857142835,68.97258571428571,2.140648854458647,-0.30157142857142916,49.4233,1.0103409968917108,-0.05462857142857099,0.18710000000000002,0.03874545134593221,-0.005871428571428571,45.076928571428574,0.6425381304228839,0.1962285714285719,28.850500000000004,1.012562982403279,-0.06892857142857167,68.70432857142858,1.9976835432689652,-0.33707142857142813,50.208000000000006,1.5187255600228537,-0.10459999999999983,0.18324285714285712,0.026730809760951556,-0.004185714285714285,44.339571428571425,0.7142425678395388,0.27232857142857164,29.23785714285714,1.786926481286724,0.46918571428571454,70.19147142857142,1.3793966902411132,-0.39098571428571305,50.304742857142855,1.31436753847268,-0.3948999999999998,0.20257142857142857,0.023400691890463034,-0.003328571428571427,45.13984285714285,0.8388153985574117,0.24549999999999983,30.521871428571433,1.2546842812892203,0.01721428571428569,72.73152857142857,2.0357971859645034,-0.1642857142857151,53.37544285714286,0.6854807944240925,0.3417428571428565,0.27504285714285714,0.0317075625649393,0.00487142857142857,,,,,,,,,,,,,,,,50.23299954798049,0.10064673007619679,0.19912423679274638,0.26338354312475265,69.99453525865168,0.0462441269077151,51.0716,0.018687051043427202,0.1825,0.9766911989048913,68.0019,0.009006819979526844
0,70,0,,,45.42644285714287,0.918169748026259,-0.30967142857142804,30.944642857142856,2.7352166415460455,-1.0165857142857138,70.78981428571429,1.5106154269355425,-0.0021857142857137596,50.21077142857143,1.4420644827402624,-0.30527142857142814,0.1894,0.031115858764730664,-0.006842857142857143,46.4715,0.7987921089579589,-0.1576285714285715,30.633685714285715,2.1969041827296816,0.2632142857142859,71.4750142857143,2.44091557305069,-0.16758571428571298,50.230028571428576,1.4867195271405227,-0.4023285714285712,0.20611428571428572,0.04076094652856791,0.0025285714285714278,47.57201428571428,0.41282397955455935,0.08539999999999992,30.970514285714284,1.6363722288735623,0.12410000000000007,68.7042,2.4690518828084627,-0.32318571428571374,50.383557142857136,0.9877033627852109,-0.15409999999999968,0.20589999999999997,0.02369191141859725,-0.012657142857142855,43.584585714285716,0.5894307322282002,-0.15978571428571392,29.888857142857145,1.4959700652721915,-0.5417571428571429,70.31218571428572,1.405061989650762,-0.1411857142857136,50.36467142857142,1.8890623121136383,0.01271428571428552,0.19901428571428573,0.03400952947687034,0.0067714285714285715,41.59277142857143,0.7936636351215747,-0.06902857142857195,30.304671428571428,2.1410622493786193,0.4117571428571435,69.05695714285714,1.7670029568520638,0.26040000000000013,50.15772857142857,1.777091150086062,0.2361999999999997,0.19178571428571425,0.033173102988788616,0.00962857142857143,39.766128571428574,0.4906877714475944,-0.07072857142857154,30.805742857142857,2.1078705968007223,0.05110000000000018,71.26732857142856,2.422219396692746,-0.19959999999999972,49.69267142857143,1.324840842911877,0.18478571428571453,0.20227142857142857,0.04477755071036214,0.009742857142857145,42.102114285714286,0.9143187107142401,-0.06448571428571423,30.194985714285714,1.3606838041080083,-0.14702857142857187,71.38267142857144,1.806013366242849,-0.4855571428571425,49.58112857142857,1.497748101555937,0.11494285714285724,0.19528571428571428,0.0547266671307334,0.009814285714285715,45.11587142857143,0.35435345684874425,-0.06711428571428561,30.243614285714283,1.7916322645645482,0.05132857142857158,71.05787142857143,1.977820547736268,-0.7357714285714293,50.3727,0.9504964667653352,0.05235714285714214,0.2226,0.04481034106840381,0.002142857142857141,44.8119,0.5124357097885385,0.2444428571428574,30.352728571428575,1.1292266051214883,0.6401857142857145,69.38768571428571,1.5912962770737877,-0.4240714285714274,50.076342857142855,1.1686501213753882,-0.3470857142857144,0.2126142857142857,0.022698049003635482,0.007171428571428571,46.21884285714286,0.3340739431976714,0.09154285714285695,30.339057142857143,2.4161029764596345,0.22004285714285743,73.22865714285714,1.9124981881099392,0.08421428571428383,54.58898571428572,1.841591094161742,-0.14031428571428656,0.3088714285714285,0.042005147076904885,-0.009442857142857145,,,,,,,,,,,,,,,,50.27963260136864,0.10064673007619679,0.2096648227125863,0.26338354312475265,70.34103161332692,0.0462441269077151,51.0716,0.018015495001626174,0.1825,0.9758236615259854,68.0019,0.008682187059037255
0,71,0,,,44.60441428571429,0.5938475433662092,-0.09981428571428605,28.645914285714287,2.2313138636452075,-0.2476142857142857,70.78307142857143,1.1080266839662982,0.34394285714285744,49.90284285714286,1.594392072083833,-0.09332857142857165,0.18205714285714286,0.043265954943151975,-0.016200000000000003,46.25112857142857,1.0053989004608141,0.06694285714285744,29.508785714285715,1.7678355413975864,-0.5333428571428571,70.5151857142857,1.9656340829602603,-0.012814285714284779,49.859771428571435,1.1581738293743489,-0.22530000000000022,0.2093,0.030388045895275054,0.002985714285714286,47.52850000000001,0.8108164074972151,-0.14919999999999942,29.849871428571426,1.4799264077584893,0.05324285714285689,70.35632857142858,1.7989706192840456,0.6547428571428578,50.62744285714286,0.9064771165656814,0.4013857142857142,0.21777142857142856,0.020701667749701575,0.01052857142857143,43.495085714285715,0.36246186663113356,0.0027857142857143913,30.223657142857142,2.8682122230041642,0.17402857142857137,70.49102857142857,2.9938929811167965,0.6636428571428569,49.76942857142858,2.205627163049453,0.20182857142857102,0.19474285714285713,0.023017881247909773,-0.0077,41.908,0.8522501119586068,0.045371428571428396,29.71468571428571,1.4108371432457822,0.18838571428571424,69.8030857142857,1.504642656833193,-0.13477142857143015,49.59354285714286,0.7089154553663057,0.20384285714285763,0.19074285714285716,0.04169879523211118,-0.0002428571428571399,39.73554285714285,0.478491740985217,0.02630000000000012,30.72937142857143,1.069341173673858,-0.08801428571428563,70.36032857142857,1.4415189786174338,-0.16322857142856964,49.69274285714285,1.6653720804043488,0.40581428571428546,0.2192,0.02936931505273284,0.012185714285714284,42.4153,0.5607290759956445,-0.2825571428571436,30.06358571428571,1.307898577143947,-0.2684285714285711,69.87438571428571,0.8607899210000858,-0.3327999999999999,50.09782857142857,1.0738126771994987,-0.1835000000000002,0.1957142857142857,0.012298567473684215,-0.002742857142857142,45.50264285714286,0.5994637210513825,0.07165714285714334,29.323228571428576,1.5191911847145483,-0.1421285714285711,69.29912857142857,2.1458720191057976,0.14099999999999926,50.22361428571429,2.1148860350923475,-0.33722857142857116,0.1951,0.03627078714337474,-0.02005714285714286,44.73441428571429,0.618088527716737,-0.04871428571428587,29.879114285714284,1.6479569315049363,-0.42458571428571446,69.20327142857143,1.0603655057170378,-0.2038428571428556,49.82658571428571,1.379255728558744,-0.1472285714285714,0.20980000000000001,0.03164522080820431,-0.005828571428571429,45.74415714285715,0.4147421080506802,-0.13052857142857124,29.33532857142857,1.569124600655044,-0.3623428571428577,74.56845714285714,1.8633297738699728,1.041328571428571,55.05887142857143,2.3272300299673048,-0.3426714285714283,0.29775714285714283,0.04238654885467265,-0.00029999999999999867,,,,,,,,,,,,,,,,50.237420566919965,0.10064673007619679,0.20229980351269816,0.26338354312475265,70.0821036796538,0.0462441269077151,51.0716,0.017380201952313278,0.1825,0.9749428400957819,68.0019,0.008375149543565458
0,72,0,,,44.96995714285714,0.6613460563053492,0.33938571428571457,30.05822857142857,1.3852032506871605,-0.08539999999999992,71.03332857142857,2.0662704822251037,-0.04107142857142979,49.4673,1.3885938475066313,-0.48637142857142884,0.19114285714285714,0.03220672068284594,0.001371428571428575,46.722699999999996,0.8978038984099805,-0.23477142857142855,29.819614285714284,1.7428537072175148,0.09772857142857104,70.93928571428572,1.8209888974844313,-0.2239285714285728,50.08448571428572,1.3436524729613837,0.5661714285714287,0.20362857142857144,0.020196510778326467,-0.00011428571428571359,47.73688571428571,0.5303937795907928,0.018099999999999943,30.6005,1.3023194398201132,0.09847142857142899,69.799,1.539820563139228,-0.4093285714285721,50.16405714285714,1.1529902874080062,0.07444285714285773,0.20187142857142856,0.0232998365005503,-0.0025857142857142862,43.450628571428574,0.35436138669551054,-0.03707142857142896,30.143757142857144,1.386128124016857,-0.305928571428571,69.40398571428571,3.069728865023951,0.25650000000000056,50.46321428571429,1.9000448437065203,-0.12630000000000052,0.2088,0.025111020157161018,-0.0019142857142857136,42.518142857142855,0.5599277597964105,-0.11121428571428586,29.686628571428574,2.1567744409297043,-0.1683000000000001,69.19324285714286,2.2423014701099464,0.2790000000000004,49.80337142857143,2.137995981220334,0.36268571428571456,0.1888857142857143,0.04708274378054849,0.0047285714285714275,40.7903,0.5487312699921155,0.16477142857142826,30.12714285714286,1.6701260060816987,-0.4292285714285714,69.6443,2.570870431714964,-0.3937999999999988,50.030899999999995,1.8798383884436891,0.45787142857142776,0.20172857142857145,0.032911584297210375,-0.002457142857142856,42.74835714285714,0.5828669969991093,-0.11087142857142851,29.172642857142858,1.4781558790793885,-0.23877142857142836,70.60358571428571,2.5838062197906226,0.1141285714285719,49.61425714285714,1.655003137818954,0.2537714285714279,0.17075714285714286,0.05319206886817042,-0.020071428571428573,45.1141,0.4802123106845947,-0.1901285714285714,29.467557142857142,2.3397911779025473,-0.5454857142857144,69.01291428571429,1.2245968893594434,-0.0206857142857148,49.43604285714286,1.5950884320910201,0.24871428571428567,0.20927142857142858,0.03488350681366559,-2.857142857142939e-05,45.41222857142857,0.31549024134019565,0.09628571428571522,31.048699999999997,2.1367087291751425,0.5560857142857145,68.5201,2.028650330474282,0.02371428571428526,50.5947,1.5088636596238971,-0.3783142857142861,0.20195714285714286,0.024346790147290305,0.0058571428571428585,46.07614285714286,0.5745511722411243,0.0019285714285715017,29.283728571428572,1.9630543715634032,-0.2683,75.3057142857143,1.5213166462294927,0.419785714285715,58.159299999999995,1.6671168445355797,0.602885714285715,0.35658571428571434,0.02062211018716239,-0.0015857142857142856,,,,,,,,,,,,,,,,50.014428092872905,0.10064673007619679,0.20609517964064053,0.26338354312475265,70.0399662669634,0.0462441269077151,51.0716,0.01677633381915887,0.1825,0.974045384707992,68.0019,0.008083358930485642
0,73,0,,,44.94112857142857,0.7130074770863999,-0.045157142857142674,29.54847142857143,2.315641804996542,0.006785714285714205,69.76020000000001,2.6927385316810963,0.02891428571428532,49.86414285714286,1.2324042638370676,-0.041657142857142206,0.19340000000000002,0.019274162325074777,0.0010142857142857176,45.953185714285716,0.4786354020499073,-0.11227142857142931,30.15645714285714,1.3712581970063367,-0.3866428571428574,69.09785714285714,1.7448581411843533,-0.3085571428571439,50.196157142857146,1.3088014324273203,0.19038571428571466,0.1924,0.0365384728744923,-0.005771428571428571,48.08522857142857,0.6547322040710067,0.04772857142857134,30.7104,2.258901778888741,-0.09001428571428605,70.90744285714285,1.869197346328973,0.268500000000001,50.11388571428572,1.0528076643410655,0.09928571428571331,0.18598571428571428,0.023841170872493513,-0.005285714285714287,45.148500000000006,0.4905392950622428,0.05512857142857135,29.204700000000003,2.071138512187597,0.15045714285714343,70.03731428571429,3.588949413328079,-0.9804142857142851,49.866685714285715,2.08193522668114,-0.0163571428571428,0.2061714285714286,0.02446846366827571,0.0108,43.60592857142857,0.799850466679731,0.0376571428571434,29.636514285714288,2.9324905526580314,0.39447142857142886,69.94078571428571,2.263998369720136,-0.30938571428571443,50.59484285714286,0.967343647757564,0.3118142857142863,0.1979714285714286,0.020074171986719645,-0.0081,41.15542857142857,0.6279441554640102,-0.21252857142857096,28.159214285714288,2.2529380391158726,0.28444285714285705,69.89022857142858,1.915908905031945,-0.007371428571427633,49.470757142857146,1.388152573095001,-0.6724285714285715,0.19854285714285713,0.022806640636947408,0.0038285714285714273,42.38645714285714,0.4650509966918414,0.09408571428571426,30.092457142857143,0.890711039670223,0.0030285714285714755,68.56348571428572,2.1156768762648612,-0.3177999999999993,50.721000000000004,2.0373757287255585,-0.17124285714285747,0.1725142857142857,0.019499267385505108,-0.008042857142857142,45.1197,0.41651422544698863,-0.015371428571429289,28.15235714285714,1.8722821385118649,0.38130000000000003,70.73808571428572,2.22835767882133,1.0393714285714282,50.58147142857143,1.6682522528225892,0.05462857142857099,0.2067142857142857,0.043228286594598764,-0.008685714285714284,45.14738571428571,0.9308756942229868,-0.07034285714285662,30.631400000000003,1.594298499863367,0.26841428571428594,68.6659,1.3778385935951074,-0.09487142857142926,49.92467142857142,1.6552533499078526,-0.26554285714285747,0.20091428571428574,0.01646768842019922,-0.0030857142857142867,45.23305714285714,0.7896358208210018,-0.3667142857142857,29.636200000000002,2.4908075812207158,0.7853,75.60178571428571,1.7552901891410642,-0.4673714285714295,56.390885714285716,1.9300534918569976,-0.20475714285714325,0.33978571428571425,0.043022994958953446,0.006557142857142857,,,,,,,,,,,,,,,,50.338744011049826,0.10064673007619679,0.2054103285046509,0.26338354312475265,70.29395170401448,0.0462441269077151,51.0716,0.01620347378975798,0.1825,0.9731338789762319,68.0019,0.007806604845794111
0,74,0,,,44.9746,0.47170256518293346,0.12820000000000067,30.718742857142853,2.221563571644328,0.12450000000000015,70.6528,2.3571932900521757,-0.19717142857142886,49.199799999999996,1.0561454161240742,-0.23924285714285734,0.2031,0.023876697147358246,0.006985714285714285,46.25275714285715,0.29812010922448023,0.12197142857142852,29.949585714285714,2.2998616381777905,0.22372857142857125,69.78971428571428,3.0385321760287214,1.0057142857142867,50.07545714285715,1.8287980404782647,-0.3689857142857136,0.1912,0.02784361087694402,0.001614285714285715,48.04191428571429,0.7146255509672841,-0.04601428571428556,30.400900000000004,1.0895922111811867,-0.5352571428571424,70.32827142857143,2.0019473725301955,-0.2201428571428567,50.40691428571429,2.294642528026675,0.2654142857142848,0.19004285714285715,0.03255763387916152,-0.00037142857142857415,44.720000000000006,0.5445634826783157,-0.05559999999999933,30.008428571428574,1.6919205957671217,0.3412285714285715,67.84172857142858,1.3776735519393826,-0.5582142857142856,50.06732857142857,0.9006621595886347,-0.3439714285714288,0.18839999999999998,0.02807893635212504,-0.012942857142857141,43.04748571428571,0.4802276315408935,-0.006657142857142568,31.485828571428573,2.487970198585066,0.31260000000000027,70.9028,1.8698734404589261,0.4505000000000012,49.49905714285715,1.3320407949923683,-0.1544857142857146,0.18148571428571428,0.02023638872357032,-0.008157142857142854,41.023042857142855,0.41276401190544376,-0.11941428571428503,30.622757142857143,2.0909140535956334,0.1733857142857147,70.50572857142858,1.5976303699691352,-0.24528571428571613,48.7027,1.206736088242291,-0.4586428571428566,0.20294285714285712,0.023156774181137513,-0.0051142857142857144,42.68902857142857,0.6197102218359107,0.03391428571428585,30.930600000000002,2.1390971195031594,0.018928571428571468,70.56472857142857,1.211549994448306,0.03159999999999944,48.90491428571428,2.0963658041386966,-0.7791285714285721,0.21075714285714287,0.029631394226555197,0.006442857142857143,44.73807142857142,0.3181771870840971,-0.08141428571428529,30.069142857142857,3.2107146747814985,-0.15591428571428573,70.65842857142857,2.0584796968590795,-0.333042857142857,49.960414285714286,1.2902916923814678,-0.1218999999999996,0.19477142857142857,0.03782687379301099,-0.002185714285714287,44.890185714285714,0.5831331106717743,0.0929857142857143,29.42535714285714,1.7136009063344937,-0.5269428571428573,70.70125714285714,3.569733362525038,-0.6486714285714287,49.263914285714286,0.7417125710781742,-0.3995428571428568,0.1989857142857143,0.02340359150297441,-0.0025000000000000022,45.35691428571429,0.4480083832122128,0.19665714285714334,31.512742857142854,1.731452215970899,-0.018742857142858123,73.41477142857143,2.759964169884749,-0.21947142857142815,55.19224285714285,1.8395721530266715,-0.3308000000000005,0.30805714285714286,0.03342882275037861,0.006714285714285713,,,,,,,,,,,,,,,,50.162898286095675,0.10064673007619679,0.20221180588069948,0.26338354312475265,70.28222431628492,0.0462441269077151,51.0716,0.01565511123032403,0.1825,0.9722006326567422,68.0019,0.007541734351350364
0,75,0,,,45.30305714285715,0.47822378254393316,0.09797142857142863,29.993242857142857,2.0371069640196002,-0.42957142857142877,69.81975714285714,1.7889662190374722,-0.4192142857142857,50.039257142857146,1.0792537018037627,0.14541428571428636,0.19140000000000001,0.02136063357362473,-0.004885714285714287,46.723571428571425,0.47539477529849966,0.09669999999999947,30.53587142857143,1.729185291511839,0.06168571428571466,70.79404285714286,2.163679372316997,0.2922857142857132,50.09084285714285,1.4097661932121253,-0.5385285714285715,0.183,0.015847397262642504,-0.0014285714285714299,47.918085714285716,0.5812718567319598,0.04939999999999957,30.496885714285714,2.567775875103189,-0.031785714285714306,70.79118571428572,1.9613398145387007,0.3885714285714284,49.42588571428571,1.02881026664876,-0.2889571428571419,0.17775714285714286,0.013565502465550914,-0.0018571428571428547,46.496185714285716,0.8084520856317798,0.16402857142857183,30.43392857142857,2.808029296923552,0.5733142857142853,70.30634285714285,2.7657321935050048,0.061385714285713835,49.11158571428572,1.436275279358379,0.028014285714285898,0.21615714285714285,0.0243947984307352,0.0016285714285714276,44.52237142857143,1.033271272406804,0.4388571428571422,32.443014285714284,1.461364868229324,0.8417857142857146,68.93842857142857,2.130781601286493,0.05807142857142976,50.231385714285715,1.5232236971070432,0.15002857142857096,0.20747142857142858,0.036593292385614415,0.005557142857142856,40.25374285714286,0.5161163623877394,-0.051414285714286176,29.348785714285718,2.189577186299195,0.1718285714285714,69.41962857142858,1.5547373129826374,0.16292857142857184,50.689328571428575,1.2901860004333927,0.6097714285714285,0.18782857142857143,0.03295298237821649,-0.004071428571428571,42.52344285714286,0.5518081727594203,-0.0897428571428571,30.5691,1.984334938125783,0.04892857142857159,70.28128571428572,2.0279100460232313,0.278257142857143,50.01967142857143,1.5168005996332188,0.6593285714285722,0.195,0.022424614452278453,-0.004785714285714286,44.26341428571428,0.4102120729108392,-0.016457142857143076,28.74947142857143,3.44304666233958,-0.5528428571428573,69.9397,1.906927683474172,-0.09247142857142876,49.439885714285715,1.9408455918564682,0.1331285714285723,0.2001,0.034160649876722224,-0.006914285714285714,44.594371428571435,0.5011995102226094,0.05888571428571408,29.745299999999997,1.7102139778401777,0.15924285714285752,69.84245714285714,2.7439771299200406,-0.7385285714285723,50.26107142857143,1.733070837862048,0.41850000000000065,0.17195714285714286,0.028616886456709015,-0.006971428571428573,45.6273,0.5804610983231504,0.2135857142857144,30.34051428571428,1.7234235061146648,-0.6475285714285717,73.3885142857143,1.6668200317056558,0.07590000000000023,53.61904285714286,1.4012303056687014,-0.35105714285714285,0.2857142857142857,0.03338005535103471,0.0012571428571428614,,,,,,,,,,,,,,,,50.015516157003475,0.10064673007619679,0.2036388979126778,0.26338354312475265,70.1764107215823,0.0462441269077151,51.0716,0.015131889231842938,0.1825,0.9712489603357208,68.0019,0.007289051605099157
0,76,0,,,45.962471428571426,0.3196470225854576,0.06228571428571428,29.9663,1.9264268158086557,-0.3570857142857144,69.44611428571429,1.5963031316436112,-0.06624285714285552,50.2962,1.1715899880077574,-0.1131857142857139,0.20511428571428572,0.03890276033785728,0.005728571428571424,46.960542857142855,0.5399811535513174,-0.18614285714285778,30.217414285714284,2.0038793704782987,-0.11322857142857094,69.5286,2.9205524403212957,0.17804285714285786,51.43584285714285,1.4897590877466487,0.0451428571428575,0.19278571428571428,0.020498327457903438,-0.0009285714285714294,46.415757142857146,0.9853301119542208,-0.22687142857142817,30.39062857142857,1.6189391029460163,0.6409714285714279,69.80539999999999,1.2312091360391828,-0.6532285714285706,50.88838571428572,1.2296338512318874,0.28362857142857123,0.1990714285714286,0.023359988176774486,0.000614285714285714,46.64347142857143,0.7476735065397548,-0.13437142857142806,31.187757142857144,3.541311829373006,-0.3291142857142856,71.30542857142858,1.5970460541409963,1.0828142857142862,49.76328571428571,1.1522101651879904,-0.04844285714285742,0.19745714285714283,0.03128033765497977,-0.0007142857142857149,47.24911428571428,0.604693295339865,0.15011428571428503,29.282414285714285,1.510558889317238,-0.27811428571428565,69.68715714285715,2.535158993605194,0.9398428571428578,50.781214285714285,1.5019066986428544,0.29217142857142875,0.1923,0.040871709857390144,-0.010071428571428573,40.911342857142856,0.45668918992126556,0.1546142857142852,29.950914285714283,1.461401846890579,-0.2746428571428576,70.06085714285715,1.7411237260814214,0.1764142857142872,48.58374285714285,0.7031079809366068,-0.49541428571428575,0.19495714285714286,0.038807939786546154,0.016499999999999997,42.62717142857143,0.5175271899922211,0.04902857142857085,30.201114285714283,1.3778291420788853,0.08085714285714271,71.68124285714285,1.7156294110881034,-0.007485714285713081,50.1672,1.1122160386663784,0.32015714285714225,0.2084,0.017627818923508485,0.006471428571428572,44.84394285714285,0.47620805277061623,0.32121428571428573,28.508342857142857,2.1134947502948513,-0.5742142857142858,69.18381428571429,2.2111211307303296,-0.3955857142857135,50.075671428571425,1.2005584252259505,0.3000571428571429,0.18605714285714287,0.01699449490696482,-0.003985714285714287,45.34634285714286,0.6738650232233218,0.10770000000000023,29.823714285714285,0.9599976882412244,-0.17897142857142864,69.21618571428571,2.172212436993419,-0.20621428571428574,51.010828571428576,1.0313621457638371,0.4521714285714284,0.20637142857142857,0.02706416537820908,0.011614285714285716,46.540214285714285,0.4637151547682707,0.24712857142857153,29.80414285714286,1.948655525276451,0.20202857142857159,72.96842857142857,1.5758525213508137,0.06567142857142828,52.9234,1.0593061313900507,0.15884285714285692,0.25002857142857143,0.034411321503527006,-0.007800000000000001,,,,,,,,,,,,,,,,50.19553212031682,0.10064673007619679,0.19987795564073493,0.26338354312475265,70.06512672955463,0.0462441269077151,51.0716,0.01463230672286427,0.1825,0.970278690292136,68.0019,0.007047825614737542
0,77,0,,,46.07398571428571,0.3820890708923265,-0.0389714285714291,29.170914285714286,1.585383891920801,-0.08752857142857147,70.72357142857143,2.0057673558303524,0.2288428571428572,50.99921428571429,1.55079475907098,-0.19115714285714347,0.21544285714285713,0.02177926055852659,0.0030571428571428577,46.92248571428571,0.5204849899488365,0.03268571428571424,29.644757142857145,2.42358617126021,0.27332857142857186,69.01957142857144,1.8750703868693708,-0.6950999999999985,50.289471428571424,2.0929853341692644,0.06537142857142848,0.20802857142857142,0.03264780310555456,0.008714285714285711,45.73124285714287,0.613535836652582,0.07274285714285712,30.10797142857143,1.611704609737044,-0.475128571428571,68.31861428571429,2.6641880642005473,-0.11645714285714145,50.6114,1.4667310398752178,-0.18207142857142905,0.18782857142857143,0.020301700609038926,0.0018,45.93268571428571,0.5571254060762112,0.04652857142857109,29.571671428571427,1.9204836775443446,0.0018571428571430967,68.5204,2.639417071375034,-0.370671428571427,49.32214285714286,1.708123797091764,0.5686285714285718,0.20535714285714285,0.02074583148031288,0.001614285714285715,47.394,0.19301309972925337,-0.11308571428571465,29.63792857142857,2.055891286615367,-0.11722857142857127,70.44600000000001,1.8317849782839921,-0.28575714285714227,50.70907142857143,0.9013879773516064,0.01308571428571424,0.18891428571428573,0.04256807992582521,0.008642857142857143,41.42391428571428,0.6949688420562231,0.1547000000000003,28.962071428571427,2.434801641280244,-0.7901571428571427,68.94887142857142,2.6319301508677757,-0.5974714285714303,50.69354285714286,1.105825160769338,0.13404285714285688,0.22279999999999997,0.039369827702611916,-0.0034142857142857148,42.0537,0.5241330556263606,-0.028214285714286445,31.036157142857142,1.9846315315923377,-0.30164285714285705,69.8802857142857,1.057634264807684,0.12938571428571372,49.648857142857146,1.4049104963866013,0.17432857142857067,0.19528571428571428,0.031031942068962277,0.005185714285714286,45.0464,0.5363022561948908,-0.05047142857142818,30.238500000000005,1.172679244294929,0.5259857142857142,69.26172857142856,1.592963342028903,-0.018000000000000682,50.20114285714285,1.3226469557383296,-0.002285714285714034,0.19231428571428572,0.01899398400998135,0.0037571428571428556,44.535514285714285,0.6032805163672366,-0.26699999999999996,29.850014285714284,1.875881010288719,-0.3263571428571425,70.16768571428572,2.588935961245283,0.2522428571428585,49.754599999999996,1.8024519984362617,0.008857142857142517,0.1989857142857143,0.024502341967754044,0.0001571428571428557,46.309042857142856,0.266930164756617,-0.11398571428571407,29.434457142857145,1.950122864383269,0.4613142857142855,70.7727,2.4468365937812684,-0.6554714285714291,50.95799999999999,1.9276061060290506,-0.28852857142857147,0.216,0.03522584278622812,-0.01172857142857143,,,,,,,,,,,,,,,,50.23105802090734,0.10064673007619679,0.20155373663270948,0.26338354312475265,70.07659752809785,0.0462441269077151,51.0716,0.014157237181318796,0.1825,0.9692944924488026,68.0019,0.0068184724326797105
0,78,0,,,45.6528,0.5550285157840765,-0.05167142857142843,28.81817142857143,1.6123092287299228,-0.1523857142857144,70.27541428571429,2.7576165677559543,-0.16271428571428714,50.2283,2.0082308640525777,-0.3638857142857148,0.17500000000000002,0.022106560112328578,-0.0077142857142857135,47.633185714285716,0.39701138282842263,0.1050142857142861,30.887800000000002,1.6020319628521569,0.5221999999999996,70.19092857142857,1.6976537649691898,0.26147142857142974,51.06131428571429,1.8005628448058102,-0.26171428571428584,0.21897142857142857,0.0222034317381884,-0.0017714285714285746,44.87517142857143,0.8197793843756942,0.043271428571428724,30.12774285714286,2.7603070879023277,0.32595714285714245,71.40218571428571,2.592812770865087,0.45567142857142884,49.589414285714284,0.7275249719163749,0.22061428571428568,0.19649999999999998,0.03304739021465988,-0.0026857142857142835,45.91307142857143,0.9732623656452007,-0.23667142857142867,29.865514285714287,1.2217157517586572,-0.14641428571428605,69.46148571428571,1.2565646241882362,-0.19048571428571595,49.363400000000006,1.1251162384396987,-0.3770857142857145,0.19492857142857142,0.026353033619536174,0.0027285714285714296,46.03875714285714,0.40312092832977764,-0.17434285714285785,30.816542857142856,2.0334200843710803,0.0038285714285711337,70.2927,1.771960121823727,-0.10829999999999984,49.682628571428566,0.8527671364726083,0.054671428571428544,0.21445714285714287,0.03221541334738501,0.0018714285714285714,43.051300000000005,0.3969376609328592,0.13730000000000026,30.372428571428575,2.301626447184879,-0.5826285714285712,70.3369857142857,1.6888071257829291,0.9176000000000012,50.58548571428572,1.5004212357741185,-0.27719999999999956,0.19761428571428571,0.025405473725913893,-0.006257142857142854,42.689771428571426,0.47872905947023503,0.05380000000000048,29.44612857142857,2.0415114235244265,0.2670571428571427,69.85321428571429,1.6884782541572558,-0.6678857142857149,50.227199999999996,1.2776855899112018,0.21475714285714328,0.20869999999999997,0.01880496388368429,0.0032999999999999974,44.807385714285715,0.7260754194721669,0.19432857142857177,29.91094285714286,2.113728013768705,-0.050685714285713904,69.67997142857143,1.8259871464629363,-0.12277142857142971,49.72988571428572,1.2402626810862718,-0.18268571428571384,0.2062142857142857,0.033983497395619816,0.00307142857142857,44.57620000000001,0.49690866699333514,0.12618571428571407,29.667728571428572,1.7870102002266819,-0.2621428571428573,69.60761428571428,1.6777586074171358,0.10731428571428532,49.670542857142856,1.2018576841112896,-0.5660999999999997,0.1994,0.017916751937781555,0.004257142857142856,46.35998571428571,0.33433261596064984,0.0033428571428574727,28.927485714285716,2.5015739235053207,-0.4480285714285713,70.34688571428572,1.3835485143026585,-0.09942857142857113,50.362314285714284,2.196059940308787,0.019642857142856535,0.18209999999999998,0.030876960126714766,-0.005328571428571428,,,,,,,,,,,,,,,,50.09762657280532,0.10064673007619679,0.20527641906465297,0.26338354312475265,70.13817262324818,0.0462441269077151,51.0716,0.01370540909054262,0.1825,0.9682971795946494,68.0019,0.0066003728068154965
0,79,0,,,45.82011428571428,0.16214386028678837,0.1835571428571419,31.562857142857144,2.4948568568537905,-0.040228571428571565,70.72685714285714,0.8598048903816627,-0.2387999999999997,50.3714,1.1206369498340583,0.17335714285714232,0.18505714285714286,0.03590570322120877,0.006471428571428572,47.72067142857143,0.4182405835334219,0.02365714285714355,31.141585714285718,0.8787320817112091,0.20677142857142883,71.67107142857142,3.3405654854201217,-0.6015142857142857,50.27155714285714,0.814510005784988,-0.6237142857142857,0.22242857142857142,0.03634325770968244,-0.006200000000000003,45.405614285714286,0.39594651334285846,0.16777142857142838,30.65747142857143,1.6236135251492811,0.22704285714285735,69.91514285714285,2.286417040449248,-0.222214285714285,49.02348571428571,1.2916205033839818,-0.32972857142857087,0.20784285714285713,0.02062780139705103,0.001228571428571428,43.816742857142856,0.7547859649311268,0.09655714285714266,30.666671428571426,1.6616456759432694,-0.01617142857142844,70.35054285714286,1.6296347380696459,-0.266528571428572,49.44837142857143,0.8589661047144448,-0.2477571428571435,0.21592857142857144,0.03354771300132188,-0.002657142857142858,46.394642857142856,0.7929084706682619,0.20897142857142775,29.620471428571427,2.5375539197649215,0.3606285714285714,69.9759,0.849124176235056,-0.06061428571428605,49.7872,1.4129932802388125,-0.07335714285714293,0.19741428571428574,0.025256050665892132,0.0024714285714285728,42.325228571428575,0.5334941040423058,-0.17798571428571414,30.073114285714286,2.442133050858449,0.04038571428571406,70.32037142857142,2.465443717139148,-0.6188857142857144,50.32685714285714,1.2948819970138015,0.3530714285714284,0.20028571428571432,0.029349243520712817,-0.0005142857142857171,43.578242857142854,0.6577454797950946,0.18058571428571416,31.16617142857143,2.586677804774764,-0.12415714285714279,69.81765714285714,1.616948162287158,-0.18649999999999928,49.71057142857143,1.1815049128326665,-0.2896000000000001,0.22582857142857143,0.024148548216246603,0.0024857142857142894,44.63404285714286,0.6024295805516389,-0.06648571428571362,30.825528571428574,1.0820778572024177,0.019957142857143038,70.19722857142857,1.9222221920773042,-0.08941428571428592,49.2408,1.406615103715327,0.4634285714285714,0.1843142857142857,0.04191723704998648,-0.003399999999999998,45.363257142857144,0.6620879671089316,-0.01085714285714293,30.385528571428573,2.825315254807425,0.15249999999999986,69.34951428571428,2.627582592694076,0.3703142857142865,50.12262857142857,1.78525599724928,-0.776057142857143,0.21645714285714288,0.0299824869517112,0.006314285714285712,44.464171428571426,0.6983439809392447,0.021057142857142504,29.23982857142857,1.6386496368598358,-0.24972857142857105,68.62310000000001,2.3250695057712707,0.09534285714285724,50.0215142857143,0.8997647626439262,0.0037999999999992645,0.2032142857142857,0.029929997693030726,-0.004114285714285717,,,,,,,,,,,,,,,,49.959147154313115,0.10064673007619679,0.199411185592742,0.26338354312475265,70.21432492864844,0.0462441269077151,51.0716,0.0132728152855026,0.1825,0.9672808120940598,68.0019,0.006391587889420434
0,80,0,,,45.36452857142857,0.8939589507994481,-0.23868571428571425,30.216428571428573,2.175118010372682,-1.1782285714285712,70.96871428571428,1.7132690968133886,0.27758571428571444,50.93615714285715,1.551406789398128,0.007499999999999269,0.21295714285714284,0.06319453713581201,0.0065714285714285735,48.11111428571429,0.5781709159887701,0.07774285714285664,30.830485714285714,1.1886387584523634,-0.3279857142857142,70.87334285714286,2.329809394819678,-0.725757142857142,49.84104285714286,0.8519319023200027,0.21672857142857133,0.1987142857142857,0.030370458704220653,-8.571428571428421e-05,44.328385714285716,0.2397201940353488,-0.022585714285713925,31.36904285714286,2.3090194505151422,0.16974285714285742,70.22200000000001,2.1814298942053627,-0.16355714285714182,49.76958571428572,1.8047946267545052,-0.20722857142857062,0.18824285714285713,0.02961265816858604,-0.011885714285714286,45.15821428571428,0.7297683158113041,-0.03442857142857138,29.23867142857143,1.9290134989282912,-0.2682714285714281,70.00425714285714,1.8083785830194126,-0.19542857142857276,48.867357142857145,1.3257729781243024,-0.6596714285714295,0.19954285714285716,0.030046567033127265,0.0020285714285714273,46.76704285714286,0.6114924988835446,-0.2421428571428572,29.897185714285715,2.9265877003936245,-0.6125142857142853,71.06297142857143,3.00687270028422,0.3727571428571415,49.6205,1.9462316931273727,-0.31978571428571456,0.1819714285714286,0.02813507385724078,-0.006557142857142857,43.43592857142857,0.5729016166682391,0.32127142857142843,30.24842857142857,3.2546693430179494,-0.4374714285714286,69.36848571428571,2.939961397948628,-0.47379999999999917,49.748714285714286,1.5118803760312538,-0.43188571428571365,0.19717142857142855,0.018761015811669716,-0.0005428571428571426,44.27315714285714,0.346615098042454,0.04011428571428561,29.17518571428571,2.8291139475275653,0.09732857142857146,68.56995714285713,1.123758148442312,-0.19039999999999882,49.767871428571425,1.5082262117183833,-0.31759999999999977,0.20562857142857144,0.03175403986296945,-0.0058571428571428585,45.408500000000004,0.6485443444100965,0.1702285714285716,31.19412857142857,1.8696173857363931,0.23029999999999973,69.6703,3.3180504898710597,0.19115714285714244,49.974399999999996,1.1923140204381475,-0.33285714285714263,0.21022857142857143,0.027840002052545172,0.007157142857142858,45.246857142857145,0.7229427844053374,-0.16698571428571438,30.073657142857144,2.4837072518429104,-0.19247142857142865,69.71481428571428,1.6036188651803522,-0.16750000000000195,50.011385714285716,2.0608107307793824,0.37921428571428556,0.2118,0.037799559080320934,-0.01195714285714286,44.562285714285714,0.325933471885029,0.08759999999999987,30.044057142857145,1.9129119067163363,0.205642857142857,70.44607142857143,2.5457958910816214,0.5362142857142861,49.18717142857143,1.0704136688128374,-0.010428571428571485,0.18277142857142856,0.01951116896256553,-0.014757142857142858,,,,,,,,,,,,,,,,50.16685819235528,0.10064673007619679,0.20635152056863665,0.26338354312475265,70.13674876358303,0.0462441269077151,51.0716,0.012859614663255546,0.1825,0.9662483465061348,68.0019,0.006192190404158242
0,81,0,,,45.61605714285714,0.9052802068184692,0.18229999999999993,28.9998,1.967489996586197,-0.3662857142857148,70.16338571428571,1.2959698137284792,-0.6734428571428575,50.533057142857146,0.9167591574984306,-0.18631428571428593,0.2291142857142857,0.04034189008013997,-0.014985714285714288,47.77221428571429,0.4567105663641427,-0.05598571428571424,30.491842857142853,2.52476647887623,-0.01634285714285712,70.28229999999999,2.8040582180118503,-0.564785714285715,50.56271428571428,1.3092084955277117,0.319114285714286,0.20998571428571428,0.02133091876216556,0.00014285714285714298,44.4785,0.5541535467116531,-0.06932857142857074,30.34635714285714,1.74940940115719,-0.46809999999999974,70.22737142857143,2.2533588682336165,-0.30935714285714205,50.22472857142857,1.1291795173403658,0.4546142857142854,0.2008857142857143,0.02299372585231508,0.0020571428571428568,45.364914285714285,0.751865704827293,0.14851428571428574,29.71327142857143,2.1866038596525876,-0.38484285714285754,69.47601428571429,2.1104104114511313,0.2329714285714297,49.0524,1.1317865685134334,-0.6118857142857144,0.21605714285714286,0.029642191616166588,-0.0031571428571428545,46.19794285714285,0.4021548576408703,0.02035714285714363,30.5745,1.5050408997764475,0.46939999999999976,70.02134285714286,2.690371027607654,0.29065714285714456,50.4283,0.713980244824606,0.35351428571428606,0.1910285714285714,0.032906469185947765,0.007514285714285711,43.601499999999994,0.6648086767384841,-0.0019428571428576902,28.199942857142855,2.6344751658582624,-0.29962857142857097,69.8874857142857,2.4725181828980904,0.437814285714284,49.6741,1.0918794942665728,-0.15287142857142808,0.2029,0.025473842793474942,-0.0036714285714285716,44.71022857142857,0.8341054404059758,0.0009285714285718021,30.21097142857143,2.030930632915417,-0.2623428571428568,70.93768571428572,1.28722031451313,0.3215857142857134,50.57394285714286,0.9477637677838482,0.20182857142857205,0.2037857142857143,0.020132016670917494,0.005600000000000002,46.02111428571429,0.49589404926331604,0.1736999999999997,30.80427142857143,1.6904493679830928,-0.16091428571428576,69.29435714285714,2.2109082499108985,0.3528714285714289,51.004485714285714,1.595469116413288,-0.10128571428571373,0.21670000000000003,0.01668971739325367,0.005842857142857145,44.1265857142857,0.6386351603966728,-0.03268571428571424,30.581542857142857,2.3162138386147326,-0.3133142857142853,70.38292857142856,1.826087371690681,-0.7733999999999993,49.814542857142854,1.6120239088975543,0.2975857142857145,0.18974285714285716,0.028770868202799418,-0.006228571428571429,43.08202857142857,0.671367990782516,-0.08904285714285619,30.551614285714283,2.4581624379663367,0.02651428571428584,70.57637142857143,2.9511235915124607,-0.20184285714285824,50.33549999999999,0.9005385925473176,-0.183328571428571,0.20998571428571428,0.02966959322108785,0.01187142857142857,,,,,,,,,,,,,,,,50.45851600722265,0.10064673007619679,0.2080846913206103,0.26338354312475265,70.08140121417645,0.0462441269077151,51.0716,0.012463615834841889,0.1825,0.9651968911020126,68.0019,0.006001119261995691
0,82,0,,,45.63037142857143,0.591873200706391,-0.029042857142856957,29.1471,0.8198972638894502,0.389957142857143,69.26584285714286,2.476749402514712,0.5896142857142864,50.53678571428572,0.9383384738081771,0.31591428571428637,0.1927142857142857,0.03614860202789913,0.0006285714285714307,47.3544,0.49766017856911626,-0.14272857142857123,29.571585714285714,3.0803137088228247,-0.7186285714285715,69.85724285714285,1.7939319448789341,0.09788571428571353,49.78971428571428,1.7945547186127668,-0.6298571428571427,0.20984285714285716,0.025701871341912083,-0.0008285714285714285,43.54314285714286,0.43580611077659237,-0.13695714285714292,29.516085714285715,1.946317134512045,-0.3089428571428568,69.95345714285715,1.1649060532320683,0.5679999999999998,50.64445714285714,0.9179956406163269,-0.1999285714285719,0.2105142857142857,0.0348923309898429,-0.0054428571428571425,45.51859999999999,0.3908264150065831,0.1303857142857144,29.345599999999997,1.6788862488765048,-0.4169857142857149,70.83035714285714,1.4848888048795692,-0.18585714285714314,50.01961428571429,1.671025846028672,0.20412857142857227,0.19218571428571427,0.022993725852315707,-0.0024428571428571433,46.20138571428572,0.5089307891015975,0.09842857142857143,29.44052857142857,1.5928011768729002,-0.09417142857142835,69.92131428571427,2.882624267589413,-1.0559,49.99057142857142,1.8960102836520307,-0.33308571428571454,0.18165714285714288,0.022572834495093227,-0.007514285714285711,43.35425714285714,0.4487619333870487,0.0348000000000001,30.0724,1.9475444427962676,-0.09345714285714278,70.39528571428572,1.5614519380249925,-0.36238571428571376,50.10107142857142,1.2410856802470154,0.1817142857142855,0.19367142857142858,0.028729410847058,0.002142857142857141,44.693,0.6168765651791505,0.12414285714285711,30.644442857142856,1.6301738310756408,0.6236571428571425,70.663,1.851893479658062,-0.06568571428571447,50.327842857142855,1.9143738949128666,-0.10995714285714289,0.20091428571428568,0.01857502163044321,0.0010285714285714262,46.434557142857145,0.3701360599247226,0.20189999999999994,29.607057142857144,1.289145763489888,-0.08188571428571427,70.77470000000001,1.3113150994326437,0.10741428571428457,50.55452857142858,1.0315451641660305,0.009942857142857317,0.20058571428571428,0.040759351833717435,0.0006000000000000014,44.48874285714286,0.7255768230795513,0.11425714285714353,29.001957142857144,1.848013216815216,0.5828571428571426,69.48400000000001,2.003657238651453,-0.5462142857142871,49.82878571428571,1.0122157632781565,0.2857428571428571,0.19377142857142854,0.031719169508133624,0.0025571428571428572,42.65757142857143,0.5736027566013433,0.10168571428571381,29.138757142857145,1.5171438086715376,-0.02647142857142829,70.87695714285714,1.6317555350575257,-0.44654285714285685,51.01235714285714,2.412296505999543,0.0010000000000007145,0.22161428571428574,0.038003702827112594,0.0030999999999999995,,,,,,,,,,,,,,,,50.331115427591584,0.10064673007619679,0.20376898136867586,0.26338354312475265,70.29934218011758,0.0462441269077151,51.0716,0.012086173133929373,0.1825,0.9641329066689632,68.0019,0.0058190245795918544
0,83,0,,,45.846,0.5742095784642718,0.1492285714285718,29.919099999999997,1.3718355100618573,-0.12558571428571394,69.50821428571429,2.5024836652337727,-0.25035714285714256,49.18967142857143,2.304999730089842,0.14132857142857144,0.2140571428571429,0.034160496539270696,0.012171428571428571,47.61342857142857,0.7637253514065426,0.012799999999999605,30.651342857142854,1.3082742982737754,0.3981999999999997,69.6944,1.8209673143689358,-0.4945142857142843,50.800242857142855,1.8440457286965029,0.5949285714285709,0.20172857142857145,0.027010412454318265,0.0019000000000000009,41.800914285714285,0.34240880746306723,-0.1826285714285721,29.617171428571428,2.381946657473161,0.4706,70.29071428571429,1.4601139777752599,0.08337142857142917,49.70877142857143,1.4670766927400134,0.09955714285714277,0.22349999999999998,0.03677757468893213,0.0036142857142857127,46.366485714285716,0.45711368180751993,0.13725714285714272,30.856414285714287,1.800642349670961,-0.12381428571428595,69.23634285714286,1.3689528952901369,-0.4060999999999991,50.037557142857146,1.3018308349619547,-0.5918000000000002,0.22842857142857143,0.03283858067810468,0.014071428571428572,46.91492857142857,0.5058931696000378,0.10438571428571411,30.03432857142857,1.9849853683039884,0.17604285714285695,70.51322857142857,2.060573234736997,-0.13791428571428607,49.76627142857143,2.3438440467988353,0.105557142857143,0.20162857142857143,0.018820265166899133,0.0018714285714285714,44.15827142857143,0.49214957656625313,0.20858571428571387,28.93397142857143,1.8609970067272197,0.0063999999999998025,70.28225714285715,2.2256401976788287,0.45785714285714263,50.113,1.8286521201875947,0.10152857142857183,0.1969,0.02822197725178034,-0.0017142857142857118,46.13755714285714,0.4418294424223036,0.03305714285714296,29.904528571428568,1.7757204403792948,-0.3575428571428567,68.88778571428573,1.984910240983704,-0.38872857142857037,50.47987142857143,1.2698548627228972,0.25792857142857073,0.1959,0.027952817389308073,-0.00744285714285714,47.001042857142856,0.267757078069829,0.12715714285714239,29.29692857142857,0.9088909647006034,-0.2410428571428572,69.66958571428572,1.6183032425235189,0.2162714285714275,49.45181428571429,1.037430880313773,-0.16754285714285747,0.19475714285714288,0.028197213641472766,-0.007828571428571426,44.55337142857143,0.9080839548452413,-0.04572857142857093,28.84837142857143,2.517334610068264,0.36015714285714245,69.67018571428572,1.7561573917967293,-0.5677285714285704,50.46427142857142,2.348393932537978,0.38778571428571446,0.1984857142857143,0.04137142446066805,-0.005728571428571428,43.371385714285715,0.5012498958553351,-0.023257142857142452,30.872985714285715,1.4455825255222483,-0.3979857142857145,70.021,2.53242680183795,-0.10297142857142814,50.426342857142856,1.2015931186793474,-0.01169999999999963,0.2032142857142857,0.033239706605777346,0.003700000000000001,,,,,,,,,,,,,,,,50.018893605141145,0.10064673007619679,0.20220797989669956,0.26338354312475265,70.13664360408043,0.0462441269077151,51.0716,0.011724708117051503,0.1825,0.9630521537392575,68.0019,0.0056446593060824266
0,84,0,,,46.27518571428571,0.334263585755283,-0.004628571428571807,30.35017142857143,1.7489127248229388,0.0076428571428570945,69.62041428571429,2.407955104390835,0.30575714285714434,49.444714285714284,1.4660055984756264,-0.28338571428571413,0.2033857142857143,0.024154601257416048,0.008814285714285715,48.86445714285714,0.8492724412836206,0.10008571428571449,31.08045714285714,1.311497544612167,0.2530999999999999,70.79304285714285,1.6024538702222029,0.3441999999999987,50.144414285714284,1.1091844322573199,-0.1394285714285713,0.20164285714285715,0.02542596161032133,-0.0011142857142857146,41.5791,0.6345590411193908,-0.13265714285714228,30.655585714285714,2.2225296116726896,0.3891000000000001,69.88657142857143,1.5175188408650881,-0.4124285714285715,49.79991428571429,1.5657842352727267,-0.47418571428571404,0.17250000000000001,0.035037789123554625,-0.003957142857142858,47.00662857142857,0.7485997411043241,0.08927142857142911,29.438085714285712,1.576690405489247,-0.2393428571428571,70.74928571428572,1.5236692318527423,-0.336114285714286,50.97227142857143,1.6105885308528534,0.2880571428571435,0.20945714285714284,0.03294479509436259,-0.01302857142857143,46.623842857142854,0.5969829223052899,-0.12760000000000002,29.51617142857143,1.75579601673458,-0.4156285714285716,68.85892857142858,2.178699967652218,-0.1423428571428563,50.03884285714286,1.8182144390006416,0.2901285714285708,0.19065714285714286,0.03674229430065854,-0.00232857142857143,42.53597142857143,1.0656095715822962,-0.4367999999999991,30.19495714285714,1.1599045404071424,-0.07628571428571414,70.54729999999999,1.9666140266966932,0.011314285714285737,50.02057142857143,1.9321761468305259,0.04525714285714295,0.2037857142857143,0.031033123624681587,-0.0008571428571428579,45.742557142857144,0.40544346855160557,0.032099999999999795,29.862928571428572,2.0833377888332993,0.20435714285714265,70.72328571428571,1.518672459121864,0.46281428571428557,49.55711428571429,0.9659128660298602,-0.25069999999999987,0.1932714285714286,0.03178792822680307,0.0108,45.97915714285715,0.4490811836665745,-0.07951428571428616,29.252957142857145,1.0237710728106724,-0.2652285714285715,71.76938571428572,2.664174368310326,0.09067142857142788,49.048171428571436,2.0294638107262872,0.030742857142857564,0.18597142857142854,0.040148753168092015,0.006985714285714282,44.52707142857143,0.8716489425493327,-0.27595714285714273,30.17382857142857,0.840697783023654,-0.1288714285714287,70.16915714285715,2.2214925274518222,-0.49961428571428507,49.78057142857143,2.502909367592275,-0.11119999999999967,0.1811428571428571,0.039478595767954025,-0.008128571428571426,41.925557142857144,0.6319942163687109,-0.3210428571428575,30.649442857142862,1.537729941458241,-0.0024999999999997563,69.53717142857143,2.4255409442805793,-0.0598857142857148,50.8652,1.6063602429095596,0.3505428571428573,0.18884285714285712,0.04500043915129707,-0.020442857142857145,,,,,,,,,,,,,,,,49.90460642294996,0.10064673007619679,0.19985499973673526,0.26338354312475265,70.4457830970533,0.0462441269077151,51.0716,0.011378535660384985,0.1825,0.9619552385407543,68.0019,0.005477690266257644
0,85,0,,,45.98338571428571,0.9520025182540289,-0.298328571428572,30.504071428571425,1.565141021031093,0.060471428571428225,69.59814285714285,2.7940538051709787,0.21059999999999945,49.91264285714286,1.903777243497032,-0.12594285714285697,0.2182,0.023339880033967655,0.00028571428571428595,49.123214285714276,0.6460756623094523,-0.14334285714285702,30.873142857142856,1.2500417124468592,0.597214285714286,69.60408571428572,1.9863525278162422,-0.3269999999999982,49.98948571428571,1.5506320597620877,0.26261428571428524,0.1833857142857143,0.02271815929834037,0.0006000000000000014,42.73491428571429,0.6811298687438228,0.34998571428571423,30.40414285714286,1.9345274675892217,-0.31322857142857125,69.99388571428571,2.38819390016,0.23452857142857145,49.21467142857143,0.5365622601782568,-0.18640000000000004,0.21427142857142858,0.03947597219768462,0.006342857142857142,48.02574285714286,1.0260155194689724,0.3026285714285716,28.722714285714286,1.7582423414957566,-0.13808571428571423,69.58709999999999,2.089588301555956,-0.3999000000000003,49.06527142857143,1.3096070437533167,0.1593142857142849,0.19927142857142857,0.02486977511530275,0.00038571428571428687,47.467328571428574,0.6134346167668958,-0.07201428571428588,28.965799999999998,1.8075730709066313,0.2047999999999998,69.91078571428571,1.9662284670816081,-0.506685714285713,49.4984,1.9643338022512455,-0.21175714285714317,0.20472857142857143,0.03213615379836854,0.0036,41.74455714285715,0.7313073746317039,-0.18081428571428607,29.473971428571424,2.312617427443262,0.10125714285714287,70.89118571428571,2.8814445349677684,-0.15805714285714195,50.47011428571428,2.51767322305641,-0.4282571428571436,0.20824285714285715,0.01801174220176567,0.008542857142857142,46.38182857142857,0.4725694647862748,0.09282857142857129,29.39288571428571,2.1469759061126807,-0.3191285714285717,70.83837142857143,1.98619880233097,0.16377142857142854,50.062657142857134,1.4899055057924167,0.3542714285714287,0.20071428571428568,0.021228002620079418,-0.0030571428571428577,45.50552857142856,0.7243659082585872,-0.03845714285714256,29.463514285714286,1.8155719011086706,0.2886714285714283,68.86668571428571,1.6825211374885136,-0.7575857142857144,49.51497142857142,1.3844523209730428,-0.01564285714285672,0.20957142857142858,0.028980896827951786,0.0038285714285714273,44.68217142857143,0.5355067871160982,-0.0040428571428573635,29.737714285714283,1.641567409955651,-0.24272857142857163,70.28458571428571,1.856430517982225,-0.2687857142857147,49.860457142857136,1.3813154127584393,-0.3564571428571424,0.20038571428571425,0.023309470791320626,-0.0007142857142857149,41.776799999999994,0.7932250479317677,0.0016000000000003314,30.045171428571425,1.075625172809246,0.22437142857142842,69.99848571428572,1.7858774448701082,0.16119999999999987,51.06558571428571,1.3947391374120977,-0.16947142857142897,0.1882714285714286,0.04074247228162662,-0.002228571428571429,,,,,,,,,,,,,,,,50.036775878454435,0.10064673007619679,0.2061755253046393,0.26338354312475265,70.01843801359185,0.0462441269077151,51.0716,0.011047334374962274,0.1825,0.9608439670853363,68.0019,0.0053179599606078135
0,86,0,,,45.560542857142856,0.6125605272329891,-0.31208571428571474,31.47651428571429,2.325304158189878,0.058171428571428506,70.1466,2.826856326970559,0.33007142857142924,50.320271428571424,1.4432124257067436,-0.1448999999999998,0.20625714285714286,0.019165668711079695,-0.008028571428571428,48.547042857142856,0.4986523400030823,-0.18485714285714344,30.74985714285714,2.3664325801066903,-0.022271428571428435,69.25207142857143,1.6596943269915123,-0.19697142857142833,50.06135714285715,1.3704928819676157,0.20335714285714346,0.19528571428571428,0.031788227829991356,-0.005128571428571431,42.43817142857143,0.2938305844882101,-0.16185714285714223,28.87677142857143,1.6345854119768386,0.2157428571428573,70.604,1.3640396695108747,-0.20182857142857,50.63115714285714,1.8802615738749242,-0.22171428571428567,0.19822857142857142,0.026854963184094062,-0.006271428571428571,47.94268571428571,0.22330209305467175,-0.011742857142857182,31.197214285714285,1.393273255597027,-0.043200000000000315,71.58831428571429,1.1211523765430365,0.5022,49.00691428571429,1.484024916040583,-0.3298714285714287,0.19357142857142856,0.03831908637940628,-0.00785714285714286,47.02838571428571,0.4330835463228453,-0.18161428571428523,30.363642857142857,1.2240434494699786,0.38728571428571407,68.49184285714286,2.3837385020573407,-0.33291428571428533,49.36658571428571,0.953971065998404,-0.15034285714285694,0.21261428571428567,0.02978816479585103,0.004028571428571425,40.92122857142857,0.38342434592485575,-0.18405714285714328,29.58052857142857,2.206468428442676,-0.6430142857142853,70.40757142857143,0.9611940902064261,0.41571428571428726,50.264857142857146,1.4184198072234362,-0.35631428571428564,0.19487142857142856,0.029358457854918998,0.003500000000000003,47.58874285714286,0.6157734373869981,0.3476285714285713,28.010342857142856,2.496914154749822,-0.4991428571428571,70.61395714285715,1.4289520552455537,-0.4081571428571432,50.88727142857143,1.3249278530223105,-0.2815714285714281,0.2149857142857143,0.02529818363515649,0.00397142857142857,45.6743,0.757093136058105,0.26951428571428593,30.73437142857143,2.4437487764459562,0.5427142857142861,70.21761428571428,1.677543754450346,0.3758857142857132,50.77614285714286,1.2552137239757626,-0.21127142857142797,0.19272857142857142,0.024059974666495003,0.003042857142857141,45.27627142857143,0.4369307104269686,0.16645714285714266,29.111471428571427,1.3357901590622447,-0.15899999999999995,70.09884285714286,2.0954382380600767,-0.23491428571428635,49.22541428571429,0.9723962728377591,0.0008714285714280631,0.21028571428571427,0.03224398799628801,0.0003999999999999996,42.185271428571426,0.34229681912144444,0.09214285714285657,29.967357142857143,1.416079311405416,-0.03485714285714282,69.73108571428571,2.3676822798035624,-0.4826142857142851,49.77904285714286,1.8631715584429838,0.06220000000000019,0.18905714285714284,0.02861612931797247,0.0069571428571428605,,,,,,,,,,,,,,,,50.39386315568685,0.10064673007619679,0.2016646901687078,0.26338354312475265,70.21732618085254,0.0462441269077151,51.0716,0.01073020428645725,0.1825,0.9597182406521515,68.0019,0.005165032071702674
0,87,0,,,46.02255714285714,0.834532325831209,0.29110000000000014,30.9055,2.3149185126046965,0.14399999999999988,69.54828571428571,1.0084803541774316,0.5361000000000006,49.59581428571429,0.7588565903791594,-0.24549999999999983,0.19324285714285713,0.019042308783588348,0.0006000000000000014,47.721785714285716,0.5699820038931445,0.023571428571428448,30.65597142857143,1.6916059615192733,-0.16070000000000004,69.77557142857144,1.7881077966333547,-0.22322857142857191,50.5396,1.5261465383988162,-0.07260000000000032,0.20738571428571428,0.03964927189627537,0.004542857142857142,42.19591428571429,0.4448167766188926,-0.004271428571429274,30.490199999999998,0.6477243189300269,0.3887857142857141,70.7175,1.138777536073645,0.3552857142857156,50.635828571428576,1.733452333460912,0.12907142857142873,0.19065714285714286,0.02497858130097727,-0.011499999999999998,47.383399999999995,0.6222867184831983,-0.12755714285714248,29.635614285714286,1.4332859163806742,-0.1566285714285713,70.28322857142857,1.5795231365976163,-0.5227857142857134,49.64864285714286,1.758919947825306,-0.3116999999999998,0.18422857142857144,0.028551924295087402,-0.0051142857142857144,47.07694285714285,0.7106809125930877,-0.12038571428571439,31.049028571428572,2.3286657622726175,0.10745714285714263,70.22752857142856,2.6271473278788786,-0.023371428571428914,50.34041428571429,2.0100955735391643,0.5011571428571427,0.2112285714285714,0.02067185802693438,-0.006399999999999997,40.88507142857143,0.7875042470030901,0.23605714285714288,29.29347142857143,1.9064803152356393,-0.1487714285714285,71.73407142857143,1.084260824578292,0.20365714285714326,49.56427142857143,0.7941715551739583,-0.44394285714285686,0.1849,0.014980765445508474,8.571428571428817e-05,47.971514285714285,0.44334484106190764,0.04509999999999995,27.878357142857144,1.9138405905900286,-0.14195714285714292,69.84670000000001,2.0624198085420584,-0.4292571428571413,49.881885714285715,2.799495604228613,0.032442857142857155,0.1916142857142857,0.029930164749041463,-0.0014000000000000004,45.923228571428574,0.4853436367295436,-0.10668571428571434,29.505971428571428,2.824183968107324,-0.3772571428571427,71.39334285714285,1.5033638313873687,0.5485142857142843,49.596242857142855,0.8935026410279161,-0.09291428571428538,0.20307142857142857,0.03313410701405807,0.0006000000000000014,45.45975714285714,0.4578882136400168,-0.0597285714285718,29.69917142857143,1.8037887503014922,0.46332857142857115,69.85805714285713,2.177775303574183,0.39432857142857153,48.87231428571429,0.9847558164821544,-0.12088571428571372,0.20235714285714287,0.017565008505819883,-0.0023000000000000004,42.35304285714285,0.4427819284819426,-0.03828571428571337,29.094614285714282,0.9855790555616515,-0.48731428571428587,69.15757142857143,2.3879582085360864,-0.7159714285714277,49.31154285714286,1.9635004675810077,-0.40280000000000016,0.20542857142857143,0.015382751627036981,0.0050857142857142846,,,,,,,,,,,,,,,,50.0597870191193,0.10064673007619679,0.20443470258466573,0.26338354312475265,70.39042082531637,0.0462441269077151,51.0716,0.010426299296568709,0.1825,0.9585778987009926,68.0019,0.0050184965372027796
0,88,0,,,46.920228571428574,0.6208761624089428,-0.02081428571428542,30.142799999999998,1.197133703198323,0.0013714285714284205,70.6077142857143,2.321554487427655,0.23514285714285726,49.65811428571429,1.492206106662847,0.241814285714286,0.18715714285714286,0.037466600999773024,-0.0020999999999999986,47.90315714285714,0.695026718568385,0.1402000000000001,29.57272857142857,1.9819336313427716,0.028971428571428554,70.1297,1.4757333397331487,-0.17152857142857109,49.79195714285714,2.427811689469331,-0.18922857142857094,0.1925857142857143,0.03271306714303585,-0.0025571428571428572,42.817099999999996,0.5112993937017296,0.10272857142857106,31.482599999999998,1.09168266451389,0.10644285714285726,70.82334285714286,2.0580204290020414,0.14248571428571616,50.29975714285714,1.2621720007684811,0.04001428571428635,0.206,0.03244888287753514,0.0014999999999999974,46.41438571428572,1.0116940568977877,-0.4775999999999994,29.576428571428572,1.2577236682651045,-0.29848571428571447,69.06894285714284,2.5816402549910094,0.15672857142857108,49.948100000000004,2.512823073756008,-0.38089999999999996,0.20442857142857143,0.02765096226690363,0.0021142857142857113,45.43665714285714,0.3809176895220115,-0.06964285714285674,30.45372857142857,1.8983774270977185,-0.016899999999999693,70.1785,2.406333684951758,0.6051428571428578,49.12358571428571,1.9495328982679136,-0.24215714285714235,0.19864285714285715,0.0238357474634817,0.0012428571428571408,41.720971428571424,0.4421589597809237,0.2679999999999997,30.075028571428568,2.2418954530443487,0.024028571428571257,70.7659,2.9050370049278795,-0.35147142857142705,50.23784285714286,1.061561720386729,-0.01657142857142852,0.20714285714285716,0.047923023594888044,0.012957142857142853,47.68194285714286,0.8328816299599558,0.1750714285714281,30.72048571428571,2.5776871800308236,0.36152857142857137,70.85107142857143,2.317497986848666,0.8808428571428563,49.878,1.8465632293534051,-0.21185714285714344,0.19475714285714285,0.022631015380288607,0.0030857142857142867,44.99284285714286,0.5249617854570816,-0.1902714285714282,32.246028571428575,1.1407435933260544,0.6781999999999998,69.66754285714286,1.5331911947060066,-0.17609999999999917,49.188985714285714,1.0122906127995024,-0.11065714285714279,0.20561428571428572,0.031047942957702808,0.0020000000000000018,44.607728571428574,0.3975735810899957,-0.17712857142857125,29.764157142857147,2.507960258096291,0.09194285714285755,69.31044285714286,2.307897684659689,0.47687142857142817,49.25995714285715,0.7638296578365346,0.31425714285714335,0.2143714285714286,0.02468634671808931,0.009200000000000002,42.511185714285716,0.5856262244483401,0.11489999999999968,28.99312857142857,1.2924124531462482,-0.06107142857142885,70.17012857142858,1.8836496717051239,0.49627142857142864,49.27695714285714,1.4887429080236925,-0.2649857142857144,0.19781428571428572,0.03326521850078285,0.010185714285714286,,,,,,,,,,,,,,,,49.94447649036664,0.10064673007619679,0.2051157277366554,0.26338354312475265,70.13634284790301,0.0462441269077151,51.0716,0.010134732700975002,0.1825,0.9574223439233588,68.0019,0.0048779239676729055
0,89,0,,,46.126171428571425,0.5275669995817788,-0.14017142857142773,30.339628571428573,1.269212243498936,-0.0875857142857147,70.90685714285715,1.6666241976494949,0.46751428571428527,49.756528571428575,1.3131809836097512,-0.2827285714285718,0.21797142857142857,0.024553256015290136,-0.0065714285714285735,50.03218571428572,1.1229012310804343,0.10667142857142917,30.18878571428571,2.241594806849614,-0.7146428571428574,69.44915714285715,3.1302140495804154,-0.1525571428571441,49.89774285714286,1.8654794735377225,-0.1981571428571434,0.1924142857142857,0.021869722492632887,0.0060285714285714265,43.09005714285714,0.44561267133791316,-0.0019142857142853131,28.35107142857143,2.1566216348061813,-0.3907714285714284,69.51328571428571,2.015358679762726,0.4384142857142856,49.71998571428571,1.1089085766773594,0.06287142857142872,0.21101428571428568,0.019786142336782532,-0.004428571428571428,46.06995714285715,0.41187156921076246,-0.14772857142857174,29.153699999999997,2.73041909054268,0.5287142857142858,70.13868571428571,1.7380089196438147,0.5206999999999989,50.39614285714286,1.5175810520444508,-0.22298571428571382,0.2170857142857143,0.02592434046550537,0.010142857142857144,44.82792857142857,0.41666332017739466,-0.0544857142857152,29.919085714285718,1.7877463647737852,0.037442857142857174,69.79108571428571,2.013609264834845,-0.7397285714285715,50.15544285714286,1.4393040805161261,-0.3253142857142858,0.19328571428571428,0.027503298503478556,0.0010857142857142851,42.2124,0.27979205969241083,0.04604285714285794,29.92121428571429,1.3444327582399045,-0.3330285714285713,69.31352857142856,2.8339732465886995,0.19994285714285606,49.968828571428574,2.6054019624069906,-0.24747142857142787,0.18577142857142853,0.0260348301502504,-0.01964285714285714,48.95937142857143,0.5345068497054146,0.20955714285714322,31.0366,2.3409226314995446,0.09077142857142866,71.0195,2.9478577521085874,0.4377428571428571,49.595885714285714,1.273445214668455,0.0009142857142856135,0.18365714285714282,0.03790236831399227,-0.0028142857142857136,45.253499999999995,1.0512054398006132,-0.025399999999999676,29.718957142857143,2.445423297275401,-0.21768571428571398,70.23107142857143,1.3363196832024897,0.2785285714285704,49.72227142857143,1.6975906286207585,0.02584285714285731,0.20065714285714287,0.02651797234222219,0.0019000000000000009,43.20731428571429,0.5421550221981606,-0.3000000000000002,29.392400000000002,1.588313536427844,0.2668285714285713,69.03994285714286,2.74590872867087,0.6663000000000007,50.556414285714276,0.9491110743368267,0.4227571428571427,0.1982714285714286,0.030921282545937723,0.0037571428571428556,43.569742857142856,0.8576716288049071,0.2405857142857144,29.27662857142857,2.087045965564931,-0.019128571428571512,70.39042857142857,1.9114054381653667,0.4379000000000011,49.705957142857145,1.4892654641995595,-0.11788571428571462,0.20778571428571427,0.022009500113318235,0.0023428571428571426,,,,,,,,,,,,,,,,50.095470668784515,0.10064673007619679,0.20378811128867558,0.26338354312475265,70.21930738588145,0.0462441269077151,51.0716,0.009855133995860115,0.1825,0.9562528420851972,68.0019,0.004743134053265779
0,90,0,,,45.38642857142857,0.578669455775723,-0.1835000000000002,29.176214285714284,1.3498159139040578,-0.25814285714285745,69.35352857142857,1.2094556581568037,-0.3550571428571447,49.65941428571428,1.267353664700011,0.026942857142857286,0.20137142857142856,0.029769823327530604,-0.010585714285714285,49.65015714285715,0.7095763098665685,0.0006142857142858052,31.569242857142857,1.9476011286170491,-0.03168571428571454,71.07032857142858,2.9559941309787163,0.406014285714286,50.097100000000005,1.442600771754523,-0.022914285714285092,0.2097,0.041529708242012506,0.015328571428571433,42.777057142857146,0.6526500819915314,-0.10641428571428589,31.437628571428572,0.9655625505619769,-0.052285714285714234,69.4812,1.6688128784657283,0.07471428571428516,50.2784,1.6062389247348672,0.05571428571428579,0.20065714285714287,0.02951196690287159,0.00515714285714286,46.75542857142857,0.31859718409736054,0.16888571428571453,30.9051,2.059575383422515,0.08481428571428548,70.22222857142857,1.1668200771243658,-0.19867142857142792,49.7588,1.7057175078738205,0.32171428571428506,0.19592857142857142,0.034088449377353586,-0.004328571428571427,45.29918571428572,0.5939597922100498,0.12361428571428641,29.1523,1.7854328392111145,-0.37542857142857144,70.24995714285714,2.865655767218144,0.2983857142857147,50.51161428571429,1.2244540095194767,0.20521428571428604,0.21855714285714284,0.023411027112798837,-0.005857142857142854,42.03512857142857,0.4846210090175688,-0.053985714285714845,30.58647142857143,2.4255016599418946,0.012885714285714198,71.57712857142857,1.7626832762529505,-0.4356571428571426,49.81172857142857,1.6107128346524586,0.14255714285714305,0.2027142857142857,0.04289768558525546,0.005228571428571428,48.49747142857143,0.6383482244945324,-0.1406428571428567,29.81544285714286,1.5398227937624267,-0.2928857142857143,70.32092857142857,2.672924153877362,0.3894428571428575,50.58771428571429,1.5556311585426164,0.2400428571428575,0.19660000000000002,0.02698789852260954,-0.0065000000000000014,45.76434285714286,0.22602166457385364,0.11934285714285713,30.592899999999997,1.1826014445563724,-0.22711428571428577,68.90455714285714,2.0606394629315354,0.2919857142857154,50.34704285714286,1.5281752897460792,-0.0636571428571427,0.2001,0.014380078812950581,-0.004771428571428573,43.819242857142854,0.42816532187545375,0.12874285714285755,28.604971428571428,1.4471293362081252,0.1953857142857147,68.9064,1.7988274088047016,-0.5916428571428582,49.26487142857143,1.5278584878999264,-0.35334285714285685,0.18668571428571432,0.029429148168181096,-0.005814285714285716,45.286342857142856,1.0263813859981623,0.22644285714285672,30.176885714285714,2.314441651477783,-0.3307428571428567,69.76520000000001,2.3642059907434443,-0.38922857142857276,49.667728571428576,1.4258480011492611,-0.08667142857142908,0.18161428571428573,0.011443692377819566,-0.0028285714285714264,,,,,,,,,,,,,,,,50.272368054236615,0.10064673007619679,0.2036388979126778,0.26338354312475265,70.02401357041951,0.0462441269077151,51.0716,0.009585692605543329,0.1825,0.9550642088312171,68.0019,0.004613252477064267
0,91,0,,,44.81257142857144,0.9887728197355596,-0.32734285714285655,29.073285714285714,1.681989208673861,-0.2070285714285716,69.113,2.188665867600585,-0.4413142857142865,49.3927,1.4891493824775481,-0.10631428571428561,0.1927,0.024487683979230738,0.006214285714285716,49.06002857142857,0.5217110397985221,0.08848571428571413,31.035571428571426,2.472959647004824,0.6816714285714285,69.32162857142858,2.055058341194821,-0.17954285714285895,49.10680000000001,1.5836968922956483,-0.04635714285714292,0.20717142857142856,0.02310841940979654,0.0011142857142857146,44.106742857142855,0.6234378901357871,0.2446142857142856,30.859442857142856,2.643464212516828,0.6093000000000001,70.06907142857142,1.561181013115977,0.25981428571428467,50.69111428571428,1.9067842951145135,0.20252857142857192,0.2026142857142857,0.03745666067031903,0.0017285714285714285,46.6194,0.3253769813623111,-0.1224571428571427,29.3066,1.8649426461243483,-0.06471428571428563,70.88661428571429,1.2063937436680436,0.22257142857142956,49.95201428571428,1.6417106610978944,-0.03127142857142827,0.21857142857142858,0.038951923969842484,0.005285714285714287,45.833414285714284,0.2752786190308479,0.08294285714285772,29.271800000000002,1.7406205234532806,0.014200000000000403,69.50531428571428,1.6118706859098066,-0.7701428571428559,50.494728571428574,1.0049228522863713,0.10927142857142817,0.2057,0.028842272217470703,0.0035428571428571453,41.624928571428576,0.40450820640361124,0.04795714285714325,29.008528571428574,1.6918026931001762,0.07637142857142873,70.97691428571429,1.5398894564532024,0.4980428571428571,50.01864285714286,1.1363827654112513,0.041285714285714495,0.19705714285714285,0.036506339958188944,-0.0032000000000000006,47.98605714285714,0.6456994266102641,-0.14415714285714237,30.994914285714284,1.7669027490957077,0.4848857142857145,70.18825714285715,2.2475925007714084,-0.13815714285714314,49.79405714285714,2.194164189281171,-0.9461285714285717,0.1927142857142857,0.03220618100983253,0.01024285714285714,46.00470000000001,0.3830002001733941,-0.03097142857142846,29.966242857142856,2.299259680750297,-0.14969999999999978,69.02761428571428,2.6952837045653517,-0.27467142857142945,49.67424285714286,1.6110701017824163,0.3479285714285711,0.20651428571428573,0.029182267936278844,-0.007585714285714287,42.45744285714285,0.47991764521612007,-0.12247142857142888,30.505514285714288,2.4062667491562943,0.4382571428571426,70.68104285714286,2.178307778878974,0.04009999999999942,49.850742857142855,1.7542858925663696,0.23388571428571428,0.2113285714285714,0.017166121119394404,0.0058571428571428585,45.966942857142854,0.6703027496513538,0.1152714285714284,28.802614285714288,1.9116242669769308,0.03485714285714282,69.35984285714285,2.3306684190429916,0.13985714285714274,50.07394285714286,1.5696130880541392,-0.26678571428571424,0.19579999999999997,0.022445786538533234,0.003399999999999998,,,,,,,,,,,,,,,,50.08187188957635,0.10064673007619679,0.20535676472865175,0.26338354312475265,70.04213044952684,0.0462441269077151,51.0716,0.009327560060780598,0.1825,0.9538640615240216,68.0019,0.004488832955515062
0,92,0,,,43.581285714285706,0.5226726012481425,-0.10821428571428575,30.089,2.7190230837563703,0.6274714285714283,69.25602857142857,2.9655399180780204,0.3545428571428581,49.41771428571428,1.9965228669101622,0.24928571428571392,0.20962857142857144,0.026756352160793234,0.0024000000000000015,48.67,0.5346641001601125,0.1477571428571421,29.80142857142857,1.958100086575648,-0.3503857142857143,70.44955714285713,1.7193642660947812,-0.1515428571428572,50.200300000000006,1.3319194782969057,0.2675857142857144,0.1904857142857143,0.021230907389262445,0.005228571428571431,44.48721428571429,0.7176603988622171,-0.03687142857142841,29.64925714285714,2.292714868779751,0.04091428571428578,70.80004285714286,1.6100873546249361,0.6756571428571435,50.47764285714286,1.3562649579601271,-0.12028571428571411,0.20602857142857142,0.03007173170303035,-0.00502857142857143,45.14960000000001,1.0045249490846195,-0.29131428571428586,30.778600000000004,1.6221326743929816,0.2804285714285716,69.65745714285714,1.6915376908373745,-0.24274285714285782,49.87101428571429,1.531505286125111,0.03655714285714241,0.20907142857142855,0.03568182143546477,0.0012142857142857114,45.63838571428572,0.2911887785650422,-0.04539999999999976,29.014985714285718,1.3614776646822855,-0.5031714285714283,69.92225714285715,2.3433330250288,-0.3168714285714295,49.696357142857146,1.16180381714121,-0.02155714285714286,0.22837142857142861,0.023252864646871412,0.015814285714285718,41.40468571428572,0.5372432578408849,-0.10798571428571486,29.9227,1.3617977554198886,0.08030000000000014,71.25694285714286,1.8123763165683506,0.7082571428571437,50.6307,0.8077067041940647,0.15112857142857092,0.18137142857142857,0.01581483631338163,-0.0012571428571428575,47.529128571428565,0.626380272450591,-0.0036857142857138164,30.405214285714287,1.2362912701956017,-0.2972142857142858,70.53504285714286,2.995852627582094,-0.1847714285714273,50.064214285714286,0.6616489991644567,0.6015285714285719,0.21054285714285714,0.03469461327751321,-0.00025714285714285655,46.05898571428572,0.4732193128928184,-0.012928571428571243,30.059314285714287,1.8980928914997943,0.6080571428571433,69.6664,2.2329238888357827,-0.6357999999999991,50.51164285714286,1.3571499964473996,-0.07351428571428491,0.19864285714285715,0.03722135843584334,-0.002800000000000001,42.45004285714286,0.4238104602175177,-0.002342857142856758,29.946257142857142,1.9117429942830748,-0.4545571428571432,68.32518571428571,1.055389656996644,-0.5448142857142854,50.146814285714285,1.5932880263035158,-0.5515142857142864,0.21354285714285717,0.017406307012388596,0.0038999999999999985,45.74092857142857,0.6689343607913325,-0.2715857142857142,29.307457142857142,2.340225572359149,-0.3116714285714285,70.52137142857143,3.010369807135797,0.3739857142857131,49.8345,1.8460406911370362,-0.08235714285714225,0.20805714285714288,0.028703011290506095,0.005357142857142858,,,,,,,,,,,,,,,,50.318972793688275,0.10064673007619679,0.20324864754468375,0.26338354312475265,70.13617459269885,0.0462441269077151,51.0716,0.009079460338909929,0.1825,0.9526493251794689,68.0019,0.004369259141117123
0,93,0,,,44.72327142857143,0.47258995515617047,0.1910571428571432,30.4221,2.5189337347377703,-0.6396,69.2954,2.3428831468939966,-0.19005714285714248,50.223957142857145,1.728615423643221,0.4679142857142864,0.20657142857142857,0.034574832575430516,-0.004299999999999998,48.855085714285714,0.6530935548821512,-0.052114285714286064,30.04337142857143,2.518886840593323,-0.5002714285714285,69.41255714285714,1.0180487870712376,-0.4212285714285713,49.63625714285714,1.0019801625733953,-0.00811428571428609,0.19907142857142857,0.020496480534124055,0.006699999999999999,43.43618571428572,0.694145418070558,-0.08880000000000011,29.903,1.151756102653673,0.16322857142857167,70.13471428571428,1.8701307186294243,0.40921428571428464,50.72448571428571,1.3734575790422814,-0.3392000000000002,0.19827142857142857,0.02932329644302828,-0.001328571428571429,44.59277142857143,0.9369418226590307,0.37451428571428586,30.355485714285717,3.4763186981962044,0.32975714285714325,69.26565714285714,1.152930468931291,-0.29055714285714324,49.422242857142855,1.015869174413931,-0.2246999999999996,0.16782857142857144,0.04383988725220152,-0.008342857142857143,45.2797,0.5228849012931079,-0.008742857142857068,30.386714285714284,1.5089305964032271,0.3349000000000001,70.36505714285714,2.558150220281046,-0.035928571428572455,50.089085714285716,1.4841579862316407,0.07507142857142769,0.19790000000000002,0.03773088920235012,-0.0108,42.27458571428571,0.7289742849343005,0.35384285714285724,29.873114285714287,2.515297160329546,-0.6597000000000003,69.52177142857143,1.5676777929090873,-0.41694285714285684,50.688785714285714,1.706454500251507,-0.30845714285714265,0.1917142857142857,0.03765126950367148,-0.004799999999999999,48.046257142857144,0.816921111771601,-0.20471428571428568,30.16615714285714,1.9576694723208636,0.4039857142857142,69.30248571428572,1.546496241431581,0.40705714285714123,50.22374285714285,1.6342925165110138,0.1470000000000005,0.18989999999999999,0.02471551469556454,-0.0049,46.46807142857143,0.8518182410078419,0.16874285714285772,30.375600000000002,2.154643320830655,0.5194142857142856,69.89122857142857,2.41922440099737,0.29995714285714264,50.106857142857145,1.7533921151653042,-0.12074285714285692,0.19090000000000001,0.03528602178389246,-0.0017857142857142874,42.74052857142857,0.30115882694517565,0.07328571428571402,28.66912857142857,1.0952338939152824,0.08004285714285737,68.28565714285715,1.5799631882391239,-0.3421,50.28487142857143,0.9069256965418262,-0.3053428571428571,0.2128142857142857,0.020491821829812164,0.00032857142857142807,45.235728571428574,0.43625668940121776,-0.18245714285714193,29.838385714285714,2.015035301947633,-0.016942857142857242,69.82188571428573,2.3135777470033374,-0.343671428571428,49.36378571428571,1.5668380680303042,-0.0872571428571425,0.2008285714285714,0.017037381869067975,-0.00604285714285714,,,,,,,,,,,,,,,,50.20436202365157,0.10064673007619679,0.20117496421671524,0.26338354312475265,70.16927459773612,0.0462441269077151,51.0716,0.00884106576224277,0.1825,0.951421032639101,68.0019,0.0042543719470573066
0,94,0,,,45.07607142857143,0.41052719241787056,-0.13131428571428522,29.893614285714282,2.355242534877298,0.06828571428571399,69.70824285714285,1.49153672416199,-0.021042857142857332,50.84152857142857,1.1256059608263587,-0.13068571428571424,0.1950285714285714,0.029618221547200507,-0.0041,47.22950000000001,0.6688372373006335,-0.09614285714285639,28.574242857142856,1.5028508806677197,0.12498571428571432,70.7355,1.973599093027683,0.6525857142857144,50.24352857142857,1.763251614408539,-0.15568571428571484,0.19787142857142856,0.029716589883190238,0.005585714285714285,43.35248571428571,0.9349862733903335,0.055085714285714814,30.401242857142854,1.4594857654406383,0.40305714285714245,69.66622857142856,1.7499511980949607,-0.11112857142857178,50.478742857142855,1.5384836223342064,-0.10207142857142872,0.18352857142857143,0.024551219541041006,0.0033857142857142857,46.10452857142857,0.6341248239749577,0.1901285714285714,30.511328571428574,2.104723893779799,-0.4136714285714288,70.62145714285715,2.84192185258322,0.49794285714285785,48.933185714285706,1.0174197190749696,0.054271428571428464,0.22084285714285715,0.022624754668493886,0.011285714285714288,45.28198571428572,0.25886032545668664,0.027485714285714176,29.552799999999998,1.8643032639568224,-0.2659571428571427,69.44807142857142,1.8823576703293465,-0.8025142857142852,49.64805714285715,1.7125922280344212,-0.7816571428571422,0.21107142857142858,0.027165953832307483,0.007671428571428575,42.629757142857144,0.6253433479756437,0.03858571428571419,28.085814285714285,2.074225552207058,-0.04192857142857166,69.38845714285715,1.9939082776103472,0.2523142857142854,50.1227,1.3084227273069144,-0.16955714285714305,0.2027857142857143,0.040411773390578117,-0.0012428571428571408,48.18579999999999,0.5516704571882897,0.25014285714285683,30.465371428571434,2.55020266757649,0.11294285714285733,68.54732857142858,1.9796419833851513,-0.10615714285714464,49.9268,0.921869086873738,0.2886714285714283,0.21328571428571427,0.04065679232188356,-0.004642857142857143,46.58108571428572,0.8177922666716468,-0.061999999999999646,30.203642857142857,1.209226839564836,0.26672857142857104,69.82914285714286,2.375034543508224,0.22312857142857265,49.96678571428571,0.9582776136182822,-0.21801428571428566,0.1972,0.031980150093456464,0.002900000000000002,42.34282857142857,0.5547779727484706,-0.02034285714285744,29.40808571428571,3.0620611399450897,-0.5495714285714283,70.33612857142857,2.0703924851056015,0.8176000000000008,50.01508571428571,1.3666280820918868,0.2257857142857144,0.19125714285714285,0.03280675017649346,-0.006128571428571428,44.401442857142854,0.4182154303587361,0.09057142857142862,29.195714285714285,1.7814463528535236,0.15564285714285728,70.67732857142856,1.1069232474362238,0.3645571428571413,50.64402857142857,2.0743424023968013,0.1438285714285712,0.19399999999999998,0.02850730900430158,0.00384285714285714,,,,,,,,,,,,,,,,50.164702288334475,0.10064673007619679,0.2028622231606896,0.26338354312475265,70.16013413377043,0.0462441269077151,51.0716,0.008611859516327345,0.1825,0.9501791875057021,68.0019,0.004143921243142228
0,95,0,,,45.165957142857145,1.1002060304888506,0.3948428571428571,29.857314285714285,1.0852950665273413,-0.46498571428571467,70.29805714285715,2.296487171643696,-0.92207142857143,50.26197142857143,2.301386830959615,-0.5380428571428573,0.21524285714285712,0.03418190833091183,-0.002799999999999997,46.01125714285714,0.9824822845851717,-0.13304285714285718,29.042757142857145,3.3085233326753327,0.5030428571428577,68.71298571428571,2.3118105497846244,-0.05311428571428678,49.95569999999999,1.6971578712659852,-0.1739142857142864,0.2164,0.035071926094812814,0.01014285714285714,42.614157142857145,0.2764438752988598,-0.1065571428571427,29.72155714285714,2.03550180615422,-0.8966714285714283,70.73311428571428,1.2337870999870724,0.3410571428571428,50.162257142857136,1.3213549508707187,0.15272857142857127,0.19147142857142854,0.02683366755189682,-0.0017142857142857157,47.301342857142856,0.9494645874690082,0.3116714285714285,29.642157142857144,2.7197317238146437,0.939671428571429,69.67951428571429,1.6297406761286435,-0.1620857142857131,50.55874285714286,1.4342736487589633,0.5673,0.20845714285714287,0.045970818901518454,0.009542857142857143,45.42825714285714,0.7029816637182714,0.15851428571428577,29.298028571428567,2.719763702183407,0.5022285714285708,69.52834285714286,1.379566925834794,0.40921428571428464,49.120985714285716,1.3779050855418902,0.0949857142857147,0.20454285714285714,0.03247269915600189,-0.007914285714285716,44.12455714285714,0.7565837579920913,0.15904285714285646,31.201957142857143,2.2362936925913206,0.0882714285714284,70.01737142857144,1.8580800401796476,-0.5175857142857134,50.485771428571425,1.6459840731451878,0.14355714285714274,0.20205714285714285,0.03438899325573323,0.0004857142857142877,48.357528571428574,0.44783208056363544,0.12502857142857135,30.667642857142855,2.5301105521677267,0.00045714285714280677,70.87611428571428,2.2668433539679436,0.6030714285714295,50.52171428571428,1.389540441331352,0.49904285714285684,0.18937142857142855,0.016710846206951378,0.003942857142857141,46.029071428571434,0.6197561824732255,-0.07802857142857127,29.47461428571429,2.3035267152988212,0.3902571428571428,68.80791428571429,1.646378310543781,-0.5228857142857147,49.36561428571429,1.5356024750659327,-0.33538571428571473,0.21880000000000002,0.017642184294091274,-0.006157142857142861,42.8152,0.7196958755840817,0.15902857142857232,29.9026,2.47272298286726,0.056314285714285414,71.27088571428571,1.5409844423061627,0.22120000000000012,49.811342857142854,1.6829863208566815,0.14211428571428542,0.20562857142857144,0.020195850587493996,-0.004042857142857146,44.530842857142865,0.6137951473063367,-0.17271428571428618,28.93507142857143,1.878072381205654,0.1674571428571429,69.17327142857143,2.0181918489202393,-0.6358142857142874,51.446685714285714,1.6677767190970927,0.2566428571428574,0.19705714285714285,0.03279674054652774,-0.0015285714285714308,,,,,,,,,,,,,,,,49.99448699189246,0.10064673007619679,0.20864711096860178,0.26338354312475265,70.00978548971821,0.0462441269077151,51.0716,0.008391673516959061,0.1825,0.9489256245182889,68.0019,0.0040378250444952565
0,96,0,,,45.650771428571424,0.24553677059558562,0.07635714285714203,29.94467142857143,1.7379566639344854,-0.36624285714285726,69.79725714285715,2.16030104449755,-0.5220142857142857,50.12231428571429,1.1671702195603686,-0.0016857142857134022,0.19925714285714285,0.03901157337435728,-0.0001571428571428557,46.41627142857143,0.47609614475178796,-0.009757142857142955,31.0519,2.619417201083724,-0.31047142857142823,70.09695714285715,2.45224005408463,0.2280000000000005,50.23061428571429,2.316294497272584,0.1780142857142855,0.20344285714285718,0.0389355389133912,-0.009199999999999998,43.19604285714286,0.7811835312675071,0.18281428571428546,29.95027142857143,2.618400973058608,0.34909999999999997,70.72682857142857,1.4766704910192077,-0.2688428571428574,50.45092857142858,1.180404032121088,-0.1758428571428569,0.1823142857142857,0.025934817560661117,-0.0028999999999999976,46.78285714285715,0.8560162164688216,-0.03857142857142902,31.324000000000005,1.8253874355873103,0.2598857142857146,69.64872857142858,1.2519430001856946,-0.06271428571428674,51.30025714285715,1.403280281883947,-0.026100000000000585,0.20967142857142856,0.018405408107919363,0.007999999999999998,45.28322857142858,0.48623410930118566,-0.07434285714285746,29.59118571428571,2.745789768250408,0.3863999999999998,70.49955714285714,2.841608009477031,-0.08388571428571368,49.48901428571428,1.0215509082250351,-0.011128571428571377,0.2003857142857143,0.027211482170304134,0.00022857142857142718,44.89987142857143,0.4791533947647728,-0.14527142857142852,29.29622857142857,1.6467557648442135,-0.1663714285714286,70.68711428571429,1.9024129357464705,-0.2791571428571424,49.75272857142857,1.3121621313875518,0.07258571428571413,0.19724285714285714,0.025925653777861258,-0.0043714285714285695,48.57198571428571,0.4882800816091487,0.2557857142857145,30.192628571428575,2.2938061656805697,0.6231428571428569,69.15194285714286,2.065695449364184,-0.6042571428571445,49.44931428571429,1.2242503780254015,-0.13152857142857094,0.21212857142857144,0.028368627876918098,0.005985714285714284,45.942414285714285,0.3706034242890236,-0.21802857142857185,29.798000000000002,2.0128329703844816,-0.8307571428571424,70.13412857142858,2.908690237726886,0.5573285714285723,49.868242857142846,0.9777566906907454,-0.05275714285714323,0.2129285714285714,0.024313077022164953,-0.0021999999999999997,43.907828571428574,0.4108116304512065,-0.07579999999999996,30.98952857142857,2.008656754910524,0.4147428571428569,69.97511428571428,1.0506991028656227,0.5559000000000002,49.90477142857143,2.0518080008570942,0.1472857142857141,0.1873142857142857,0.041516961536679095,-0.017371428571428572,44.25694285714285,0.5362230936747506,-0.17032857142857086,29.925342857142855,2.074312027200934,0.2297142857142858,71.75125714285714,1.1148277219034066,0.1669714285714272,49.390257142857145,1.7908781792342914,0.09904285714285724,0.20152857142857145,0.029445639987709212,-0.008157142857142854,,,,,,,,,,,,,,,,50.13680092635413,0.10064673007619679,0.20707463154462563,0.26338354312475265,70.20503513818906,0.0462441269077151,51.0716,0.00818005909586413,0.1825,0.9476606273890811,68.0019,0.003935866244061905
0,97,0,,,46.7857,0.6220559540750433,0.20928571428571477,29.840371428571434,1.9973945134552085,0.09438571428571407,70.38885714285713,1.5879752326544967,-0.26955714285714244,50.60367142857143,1.6213446340556668,-0.41432857142857166,0.2069,0.010777600227632772,-0.003585714285714287,47.12318571428572,0.42239826163055555,0.28175714285714243,29.46682857142857,2.294075961190963,-0.07542857142857175,70.04061428571428,1.159501452390233,-0.49841428571428587,50.711999999999996,0.9731951928227309,-0.22839999999999958,0.2083,0.036400549446402745,-0.0008571428571428579,43.06798571428571,0.7621050724331475,-0.10141428571428536,30.73074285714286,1.9973553880545545,-0.04215714285714256,68.7950857142857,1.7264197543167918,-0.04471428571428605,50.760714285714286,1.2352793509008482,0.03508571428571372,0.2030857142857143,0.03708770814216065,0.0019000000000000009,46.15112857142857,0.2764083495747255,-0.16664285714285704,29.29404285714286,1.8716053571351783,-0.24120000000000022,69.79194285714286,1.034986635754366,0.25512857142857115,49.10904285714286,0.9683250846303918,-0.29639999999999944,0.16792857142857143,0.02546721515240871,-0.009871428571428571,44.92474285714285,0.5003881355415684,-0.22997142857142855,28.90968571428571,1.7378842572014848,0.08787142857142831,70.7428,1.796652199694446,-0.022642857142857662,49.954,1.8040414056593386,0.2027000000000001,0.18964285714285714,0.017462613124698028,-0.00785714285714286,45.395414285714295,0.34574070452041306,0.05644285714285705,31.511242857142857,2.4225332043524905,0.08354285714285734,70.72141428571429,2.31303031715876,0.3268428571428582,50.215585714285716,1.4268924841867225,0.40801428571428644,0.21162857142857144,0.028448240384115003,0.002928571428571431,47.46731428571429,0.5997690900918564,-0.23761428571428564,29.938614285714287,1.2782965910780544,-0.13982857142857139,70.49347142857143,1.928110602562614,-0.33151428571428554,50.26271428571429,0.8763090254558294,0.08657142857142779,0.19961428571428572,0.0243118235001977,0.010414285714285713,45.15784285714286,0.9049356364903124,-0.4117428571428568,29.732914285714287,1.8830135514015989,-0.33567142857142834,70.84917142857144,2.764293238614079,-0.33949999999999897,50.23372857142857,2.239405742389629,0.47882857142857105,0.1975142857142857,0.036915959898641444,0.004828571428571432,43.81858571428571,0.7096950505404204,0.057014285714286315,30.316228571428574,1.7966087180335872,-0.26591428571428566,70.15284285714286,1.71072856005599,-0.6081714285714283,50.22634285714286,0.9636418125306709,-0.08574285714285626,0.19225714285714288,0.02564136353257213,0.0024714285714285728,44.86912857142857,0.8251507634248576,0.3070000000000001,30.098128571428568,1.8899791363171914,-0.329657142857143,70.45991428571429,2.0811823958419424,-0.25892857142857145,50.58357142857143,1.5555355291285664,0.14438571428571428,0.1955,0.023110892092980742,-0.00027142857142857323,,,,,,,,,,,,,,,,50.24028431935286,0.10064673007619679,0.20294639480868834,0.26338354312475265,70.31030610985827,0.0462441269077151,51.0716,0.007976668340006075,0.1825,0.9463849578421752,68.0019,0.00383787637117934
0,98,0,,,47.370557142857145,0.473735006296439,0.05132857142857107,29.83674285714286,2.245813051626773,0.685142857142857,69.68159999999999,2.281656262454987,-0.2970142857142873,50.64034285714286,1.5622793186635877,0.37172857142857146,0.1926142857142857,0.04072159249388584,0.001185714285714286,48.12547142857142,0.48512423053033593,0.06708571428571426,28.82057142857143,1.468018704143188,0.07167142857142851,70.69447142857142,2.5066106011333193,-0.02001428571428627,49.75064285714286,1.1831258355970593,0.0009714285714283376,0.19182857142857143,0.02554621395860948,0.001757142857142858,42.917971428571434,0.8058895431224093,-0.10927142857142817,29.428214285714287,2.16160662041651,0.1458428571428573,69.61947142857143,1.6550874445319577,-0.07318571428571374,50.87907142857143,1.200073643176841,0.41518571428571455,0.19478571428571428,0.025719475666728362,0.003185714285714284,45.668757142857146,0.5144496828560692,-0.1586428571428574,29.872114285714286,1.752023130011475,0.3789428571428571,70.43482857142858,2.7502368750795334,-0.459857142857144,50.417085714285705,1.290994024552054,0.19752857142857141,0.20362857142857144,0.02203880776310436,-1.4285714285712712e-05,45.21312857142857,0.7480742804347139,0.2593571428571429,29.850814285714286,1.3643522851870942,0.22070000000000028,70.149,1.3411087987184993,0.1273857142857143,50.18505714285714,1.1061424921125862,-0.0036285714285721076,0.20567142857142856,0.03908544973455464,-0.0029999999999999988,44.37347142857142,0.20141188076813843,-0.13698571428571427,29.533042857142856,1.0853010793587088,0.21530000000000019,70.36092857142857,1.338733880344011,0.1854285714285717,51.13424285714286,1.0793794943657533,0.35807142857142793,0.20308571428571429,0.028224069430861733,-0.002785714285714284,46.1317,0.7229307343499499,-0.018014285714285854,29.00825714285714,1.1001124197963499,0.572571428571429,70.94517142857143,1.9353314321792647,-0.15671428571428692,49.805657142857136,0.7265642042223462,0.03497142857142827,0.18114285714285713,0.034863584494562845,-0.004671428571428572,44.071871428571434,0.6852476163505536,0.06924285714285768,30.24247142857143,1.3962792816557543,-0.29031428571428564,68.74557142857142,2.041795370676172,-0.3739142857142862,50.60112857142857,1.5180896402104544,0.4225857142857145,0.20409999999999998,0.034528249304012076,0.009471428571428572,44.49944285714286,0.4532153235754949,0.14150000000000063,31.056485714285714,1.752208676146184,-0.06732857142857133,69.84408571428571,1.3503088701340118,0.4231571428571438,49.453828571428566,0.960380885750282,0.0844142857142854,0.2031857142857143,0.039306718194706804,-0.006714285714285716,47.0132,0.9053216279310792,0.24587142857142855,28.863185714285716,1.2693761819998217,0.1670571428571428,71.24847142857142,0.970129205680749,0.5585714285714302,49.40177142857143,1.1790431978436346,-0.18534285714285761,0.20922857142857146,0.0331759307473422,0.005071428571428572,,,,,,,,,,,,,,,,50.34430972199284,0.10064673007619679,0.20471017343266154,0.26338354312475265,70.0006071683316,0.0462441269077151,51.0716,0.00778111100966206,0.1825,0.9450990187985059,68.0019,0.0037436666426133337
0,99,0,,,46.57537142857143,0.6373103292074201,-0.24378571428571405,28.77587142857143,1.433954998961869,-0.7487142857142862,69.55235714285713,1.7415532146689732,-0.04077142857142795,50.11841428571428,1.2441108544238582,-0.2638000000000003,0.21782857142857143,0.030539521622847666,0.0025571428571428572,48.49087142857143,0.7832784726483596,0.10298571428571332,30.125042857142855,1.7645069555517348,-0.10581428571428576,70.536,1.6979754169794035,-0.44509999999999855,49.07177142857143,1.9217163437184228,-0.10368571428571423,0.20154285714285716,0.022177906208872212,0.0026857142857142835,43.31965714285714,0.5900437832824355,-0.11105714285714287,29.807114285714288,1.7019838703001475,-0.06685714285714285,70.67752857142857,1.7544317472371356,0.4454857142857155,49.54642857142858,2.0731457688854573,-0.8370857142857143,0.20567142857142856,0.02479110823700788,-0.004228571428571427,45.631271428571424,0.4060018625341246,0.11382857142857208,29.579157142857138,2.5594153960472634,-0.057128571428571764,70.01901428571429,1.5573671622629375,-0.01742857142857141,49.60315714285714,1.2299764399604403,-0.3271000000000005,0.1982142857142857,0.023485983661994038,-0.001757142857142858,45.07385714285714,0.6113058777655997,-0.020985714285714607,29.364628571428568,2.2916307495713717,0.06657142857142821,69.82167142857143,3.1986492996859033,-0.2660999999999985,49.5187,1.7768710682920845,-0.30984285714285625,0.18371428571428572,0.04092348260560736,-0.005628571428571427,44.51801428571429,0.5464510421152636,-0.018957142857142832,29.916,1.6985317610611042,0.19140000000000004,69.7839857142857,1.6688707423768325,0.15612857142857145,50.17707142857143,1.489432498990004,-0.3910999999999995,0.1927,0.03844884046799515,0.009642857142857144,45.168957142857145,0.5454327207440689,-0.0885142857142865,29.38402857142857,1.344836821221837,-0.4886285714285715,70.1370857142857,2.433043066770897,-0.36049999999999977,49.67971428571429,1.863932513467696,0.31338571428571427,0.18572857142857144,0.028882331062763056,-0.0036714285714285677,44.09144285714286,0.4543702449804932,0.014628571428570833,30.353700000000003,1.736568691414238,-0.2552999999999998,72.76347142857142,1.157744703743912,0.7209571428571431,54.785028571428576,1.2033836527533928,0.9201142857142861,0.2866857142857143,0.040214650256319893,0.010114285714285715,45.662171428571426,0.6197795890860768,-0.2544142857142861,30.215085714285717,3.3272523656557658,-0.06329999999999966,70.7763,2.013374147213426,-0.12190000000000063,48.999385714285715,1.252641694484939,-0.2061714285714292,0.20774285714285715,0.036558485432835686,0.01312857142857143,46.9925,0.29269997152908644,-0.040128571428570785,29.824585714285718,1.095290675922091,-0.151528571428571,69.33381428571428,2.012868530587389,-0.4854142857142847,50.000814285714284,1.1390697570513155,-0.41555714285714224,0.19485714285714284,0.0338019159783819,-0.0017857142857142874,,,,,,,,,,,,,,,,51.52893651052153,0.10064673007619679,0.22682818693632567,0.26338354312475265,70.59213568000685,0.0462441269077151,51.0716,0.007592595269246308,0.1825,0.9438002332806624,68.0019,0.0036528549026850756
0,100,0,,,45.852714285714285,0.45813861231662734,-0.14899999999999988,29.00062857142857,2.4482879077117774,-0.8314428571428572,69.8668,1.402559200176631,0.7845428571428569,49.60538571428571,0.8816436060535654,-0.3871285714285721,0.1916142857142857,0.023172068571984828,-0.0036714285714285716,48.61395714285714,0.6139343039152325,0.16031428571428666,30.73644285714286,2.4849484487323132,-0.15591428571428573,69.58305714285714,2.3231519944944985,0.15787142857142758,50.08517142857143,1.0632782353242904,0.40385714285714364,0.19275714285714285,0.027595643203403165,0.0017857142857142874,43.49435714285715,0.6719778837061962,0.11254285714285674,29.110457142857143,2.1989109811124727,0.527314285714286,70.20932857142857,2.953490678679562,1.439628571428571,49.94345714285714,2.7184664131682568,-0.6655142857142857,0.18094285714285713,0.020045187048504748,0.0018,46.27772857142857,0.7157360586938736,0.12265714285714324,30.073471428571427,1.655896634972806,-0.14802857142857104,68.81538571428571,2.027812535244576,-0.531557142857143,50.6928,1.0417470150347752,0.05394285714285729,0.1842285714285714,0.03303547155638024,-0.005371428571428575,44.51504285714286,1.0286562283828153,-0.08785714285714212,31.0631,2.3872715925647046,0.3694714285714288,70.89128571428571,2.1358435479755458,0.7469571428571433,50.45065714285714,1.7964059033313136,0.13054285714285743,0.18887142857142858,0.030728581390713976,-0.004799999999999999,44.43482857142857,0.593981890056058,-0.16852857142857097,29.65552857142857,1.1289331035898278,-0.3716285714285717,69.89485714285715,2.0162725335438654,0.17701428571428682,49.24782857142856,1.0571202418429715,-0.5126285714285714,0.19825714285714285,0.02334700959743808,0.008942857142857141,46.31362857142857,0.7157876820086767,0.06818571428571422,29.477914285714288,1.596294479336972,-0.19564285714285745,69.33848571428571,1.848472262372869,-0.8574857142857135,49.2423,2.3105835323571595,-0.1669714285714282,0.21102857142857143,0.029503655947792723,0.0021714285714285702,44.59994285714286,0.4167923578036736,0.11971428571428586,29.800742857142858,2.2529039348192286,-0.49878571428571455,70.50919999999999,1.3397851034152315,-0.16818571428571463,49.81487142857143,2.184277015943949,-1.3031285714285719,0.20854285714285714,0.044059840260826245,-0.008299999999999998,44.652614285714286,0.29554179303182204,-0.2202142857142856,29.24441428571429,1.9053780442286183,0.2718714285714284,70.94919999999999,1.6690223026273192,-0.19065714285714414,49.60868571428572,1.1478098469529412,-0.021757142857142395,0.19951428571428573,0.0175084197432196,0.0021571428571428575,47.70045714285714,0.5629109250349003,-0.00010000000000027447,29.6984,0.8209997137636253,0.054085714285714105,70.82707142857143,2.3834724812861054,-0.20174285714285695,49.695342857142855,1.076214523003751,-0.3196571428571429,0.20127142857142857,0.025499393083348334,-0.001614285714285715,,,,,,,,,,,,,,,,50.12168937396813,0.10064673007619679,0.2059000544566435,0.26338354312475265,70.26025439300247,0.0462441269077151,51.0716,0.007411219304528508,0.1825,0.9424918896915798,68.0019,0.003565487817279189
0,101,0,,,45.87464285714286,0.9057838058042954,-0.21205714285714297,30.76502857142857,1.8813881964427808,-0.5469428571428574,70.13812857142857,0.9265085657354353,0.03118571428571418,49.65071428571429,1.9363953456775855,-0.13584285714285674,0.20278571428571426,0.04091696586060721,0.006757142857142858,48.50088571428572,0.5603209866632652,-0.24771428571428597,30.13862857142857,2.4985452185316963,0.7499000000000002,69.24727142857144,0.48865450546820116,-0.31038571428571515,51.12329999999999,0.9972829488163768,-0.06827142857142933,0.2098,0.04442743146600619,0.00911428571428571,42.881142857142855,0.73352830633196,0.053057142857142026,30.577385714285718,2.201565034567147,-0.06281428571428549,70.38255714285715,3.0333224132717107,-0.054314285714286016,48.86764285714286,2.149579304466455,-0.7598285714285709,0.19442857142857142,0.032107201387732064,-0.0010000000000000009,46.06617142857143,0.605037904361868,-0.14464285714285655,30.85311428571428,1.9025995632542416,0.19331428571428586,69.5642,1.526037448207957,-0.020271428571427514,50.067614285714285,0.35092802409584406,0.01874285714285711,0.19907142857142857,0.033957606623834236,0.003728571428571426,43.17207142857143,0.7896506478909084,-0.1671285714285712,30.960700000000003,2.415441546246382,0.13075714285714263,70.11614285714286,2.346559369841435,-0.38391428571428726,49.78207142857143,1.44392163881827,0.16137142857142908,0.17164285714285715,0.03175320756201193,-0.008585714285714289,44.554071428571426,0.6455070919165629,-0.002142857142857224,30.687985714285713,1.6997860408774514,-0.34285714285714264,70.0353,2.6067578560349056,0.09117142857142824,50.08851428571428,0.8807313105757895,-0.17244285714285773,0.18691428571428573,0.020653121521247948,-0.0028714285714285725,45.767028571428575,0.654009871777219,-0.11328571428571418,30.684314285714287,1.581362829364359,0.19572857142857153,69.78162857142857,2.3980684044415734,-0.2818428571428565,48.796400000000006,1.6154239732446112,0.5506857142857149,0.21071428571428572,0.025056564580393688,-0.0058857142857142875,44.774928571428575,0.38005270561769294,-0.08055714285714341,28.824314285714284,2.1400662041384138,-0.40612857142857145,70.57465714285713,2.70929298025466,-0.33001428571428654,49.33577142857143,1.2448943164171404,0.3736285714285706,0.19964285714285715,0.032304326704166456,0.007914285714285712,44.394,0.7112325943973447,-0.1482142857142859,30.088428571428572,2.0915750785108322,0.6505,70.94274285714286,0.8687224045638543,-0.3540714285714281,49.113185714285706,0.473112747058001,-0.3871000000000007,0.1766714285714286,0.028040489432587343,-0.01222857142857143,47.467842857142855,0.7041087223270015,-0.038014285714284925,29.700400000000002,2.549922471370444,0.17974285714285695,69.85037142857144,1.627616340659384,-0.6179285714285722,50.50935714285714,1.6995717920084557,0.04375714285714289,0.20981428571428573,0.030894628905979098,0.00021428571428571446,,,,,,,,,,,,,,,,49.986037304276195,0.10064673007619679,0.2035164664246797,0.26338354312475265,70.2698912098204,0.0462441269077151,51.0716,0.007236286769866962,0.1825,0.9411715798245824,68.0019,0.0034812293799743703
0,102,0,,,45.83935714285714,0.5449532605560213,0.11515714285714296,29.29775714285714,1.527146961774547,0.21092857142857163,70.30458571428572,1.5379046464032826,0.15159999999999993,49.91112857142857,1.524361404779366,-0.14835714285714272,0.20154285714285716,0.033635886448001605,-0.013228571428571432,47.673271428571425,0.5276021029597912,-0.13968571428571458,28.69762857142857,1.8602450597652236,-1.005857142857143,70.66385714285714,1.0488842164526488,0.4078000000000007,49.52878571428572,1.4723821757372375,-0.01718571428571433,0.2111428571428571,0.04009766648001937,-0.014999999999999998,42.8606,0.4303206478891732,-0.1294714285714278,29.789542857142855,1.7168357588473935,-0.19542857142857173,69.63667142857143,2.308609760378298,-0.4795571428571423,50.81502857142857,0.841145325759908,0.6227285714285712,0.19987142857142856,0.03088093879648702,0.010885714285714285,45.49701428571428,0.574925199275616,0.0002714285714284464,30.83027142857143,1.5458416291395896,-0.017871428571428538,70.2047,1.2541366871277038,-0.45478571428571357,50.693371428571425,1.5734510856865438,0.10737142857142905,0.20715714285714285,0.03596391048179935,-0.003714285714285714,43.09102857142857,0.8521874729470386,0.2406571428571423,29.340057142857145,2.2503595356129025,0.3168142857142858,70.21159999999999,2.446945047741533,0.044457142857142785,50.89912857142857,1.6330344267795573,0.226385714285714,0.19687142857142856,0.025770895359282016,-0.00862857142857143,45.18091428571428,0.608608646637763,0.08328571428571507,30.46267142857143,2.43083281731061,-0.14407142857142827,68.06177142857143,2.239704505594263,-0.014585714285713283,50.36217142857142,1.0771868063220515,0.022828571428572024,0.2094,0.019914400149975527,0.0035714285714285704,45.0271,0.5024304595342679,0.07290000000000012,28.99955714285714,2.3906432745581676,0.8536571428571429,67.82522857142858,2.107530171958186,-0.07344285714285702,50.257928571428565,1.4019453290746977,-0.2638428571428569,0.2143714285714286,0.015318041028551705,-0.004671428571428572,45.58055714285714,0.8425770683979399,0.07705714285714294,30.695885714285712,1.3147094564055068,0.10697142857142847,71.38532857142857,2.6088246642975905,0.19082857142857027,50.04852857142857,1.4839690447291445,0.09008571428571344,0.19037142857142858,0.024184961876181927,0.003114285714285716,43.1097,0.5313066283540521,-0.11314285714285736,29.617814285714285,2.2844856754701937,0.09702857142857114,69.89082857142857,2.051158213233424,-0.40004285714285814,49.29732857142857,2.1159251882760803,-0.27858571428571516,0.20635714285714288,0.04737790825349081,0.0040428571428571414,47.8125,0.7194314468151188,0.09055714285714345,29.638985714285713,2.449475324383134,-0.044899999999999905,69.55354285714284,1.1318445061893299,-0.1589571428571434,49.69674285714286,1.8201345507564946,-0.040257142857143435,0.20777142857142858,0.03152981204541367,0.0001857142857142851,,,,,,,,,,,,,,,,50.18784690898561,0.10064673007619679,0.2010334028087174,0.26338354312475265,70.38924093569723,0.0462441269077151,51.0716,0.0070677357367117275,0.1825,0.9398413612956372,68.0019,0.003400049231594217
0,103,0,,,45.6651,0.5145492072356475,0.15701428571428572,31.19867142857143,2.4477929322243575,0.3213857142857139,69.4883,3.1675952613931075,0.5711857142857143,49.48097142857142,1.4643351867135734,-0.08148571428571419,0.20455714285714285,0.010727667833357645,0.005357142857142858,46.900928571428565,0.46434903795259974,-0.0023857142857143083,29.688628571428573,2.2282502258605508,-0.7696142857142857,70.04817142857142,0.8209071561677664,-0.14345714285714248,49.74597142857143,1.8259668742105966,-0.5127000000000004,0.19384285714285715,0.029024751342194104,-0.002271428571428571,42.65414285714286,0.3744814586289764,-0.26114285714285657,30.010714285714283,2.7114019297702607,-0.1503142857142856,70.19185714285713,2.2028969319640623,-0.10427142857142867,49.10517142857143,1.9550652484544666,0.07732857142857139,0.22037142857142858,0.022368706883032392,0.0006000000000000014,45.43111428571429,0.6696443195921977,0.04314285714285709,31.07641428571429,1.0307681107287108,0.4704142857142862,70.58574285714285,2.355826315653048,0.10317142857142869,49.336014285714285,1.1316549598246897,-0.7871714285714282,0.1887142857142857,0.01891396561375013,-0.00010000000000000089,43.183014285714286,0.919649414049806,-0.11089999999999987,30.104385714285716,1.006882345706381,0.14934285714285725,70.25789999999999,2.2893242510983134,-0.3490428571428562,50.30685714285714,1.9963643871273373,0.07070000000000018,0.19029999999999997,0.022045483286454604,-0.002600000000000003,46.57814285714286,0.7358018729188789,0.29070000000000007,29.358,2.551327675283341,0.07115714285714299,69.4579142857143,1.904043538042438,0.359728571428572,50.40102857142857,1.7575682193628455,0.3241714285714283,0.18735714285714283,0.03035099433532397,-0.010071428571428573,46.10841428571428,0.6800629099058534,0.04747142857142807,29.391114285714284,2.082509042340119,0.46891428571428556,69.86438571428572,2.9317852748956934,-0.33864285714285813,49.96758571428571,1.0639466519028606,0.3080285714285722,0.20765714285714285,0.030407008903807025,0.0026428571428571412,44.885157142857146,0.9011017808902037,-0.17590000000000064,28.966,1.3239292037970976,-0.32364285714285707,69.4774,2.282693398889477,-0.22332857142857115,49.63485714285714,1.4468242001675766,0.28001428571428527,0.21957142857142856,0.012775721021494164,0.007171428571428571,44.35198571428571,0.8366366244842501,0.3334999999999998,29.42017142857143,1.5296592231760462,-0.07435714285714314,70.3925,2.8973391183407107,-0.4548714285714287,49.551857142857145,0.891089892317655,0.28999999999999915,0.1999714285714286,0.023703003627227943,0.002800000000000001,48.126085714285715,0.6749329187124798,-0.2941428571428578,30.540514285714288,2.2238333259101517,-0.0201428571428574,69.74487142857143,2.2175260357091893,-0.3106428571428564,50.43942857142857,1.558278514594871,0.7286428571428567,0.20832857142857142,0.03404808924084356,0.0025428571428571405,,,,,,,,,,,,,,,,50.070720243449955,0.10064673007619679,0.20885371410459863,0.26338354312475265,70.10834938831182,0.0462441269077151,51.0716,0.006904996553158784,0.1825,0.9384992111046947,68.0019,0.003321672521169498
