session_id,unit_id,station,t,channel,value_true,value_observed,t_global
0,1,4,201.22,torque,50.0811,,201.22
0,1,4,201.22,vibration,0.2125,,201.22
0,1,4,201.22,temperature,68.0749,,201.22
0,1,4,201.22,pressure,34.3018,,201.22
0,1,4,201.22,humidity,45.3251,,201.22
0,5,0,220.01,torque,48.0554,48.0554,220.01
0,5,0,220.01,vibration,0.2118,0.2118,220.01
0,5,0,220.01,temperature,71.5366,71.5366,220.01
0,5,0,220.01,pressure,33.52,33.52,220.01
0,5,0,220.01,humidity,45.9614,45.9614,220.01
0,2,3,229.17,torque,49.6624,49.6624,229.17
0,2,3,229.17,vibration,0.1884,0.1884,229.17
0,2,3,229.17,temperature,70.8808,70.8808,229.17
0,2,3,229.17,pressure,36.1958,36.1958,229.17
0,2,3,229.17,humidity,44.6964,44.6964,229.17
0,3,2,243.02,torque,50.9055,50.9055,243.02
0,3,2,243.02,vibration,0.2401,0.2401,243.02
0,3,2,243.02,temperature,68.4199,68.4199,243.02
0,3,2,243.02,pressure,28.6801,28.6801,243.02
0,3,2,243.02,humidity,46.1797,46.1797,243.02
0,4,1,243.02,torque,48.6874,48.6874,243.02
0,4,1,243.02,vibration,0.2372,0.2372,243.02
0,4,1,243.02,temperature,70.6102,70.6102,243.02
0,4,1,243.02,pressure,30.9438,30.9438,243.02
0,4,1,243.02,humidity,43.4638,43.4638,243.02
0,1,5,267.87,torque,49.7562,49.7562,267.87
0,1,5,267.87,vibration,0.2341,0.2341,267.87
0,1,5,267.87,temperature,71.6303,71.6303,267.87
0,1,5,267.87,pressure,32.6815,32.6815,267.87
0,1,5,267.87,humidity,47.0992,47.0992,267.87
0,2,4,275.05,torque,52.4344,,275.05
0,2,4,275.05,vibration,0.2296,,275.05
0,2,4,275.05,temperature,68.9557,,275.05
0,2,4,275.05,pressure,32.9342,,275.05
0,2,4,275.05,humidity,45.5289,,275.05
0,6,0,280.75,torque,49.389,49.389,280.75
0,6,0,280.75,vibration,0.163,0.163,280.75
0,6,0,280.75,temperature,74.207,74.207,280.75
0,6,0,280.75,pressure,27.9399,27.9399,280.75
0,6,0,280.75,humidity,45.8805,45.8805,280.75
0,3,3,287.23,torque,51.5207,51.5207,287.23
0,3,3,287.23,vibration,0.1552,0.1552,287.23
0,3,3,287.23,temperature,70.0476,70.0476,287.23
0,3,3,287.23,pressure,25.9959,25.9959,287.23
0,3,3,287.23,humidity,45.4973,45.4973,287.23
0,4,2,295.15,torque,49.8416,49.8416,295.15
0,4,2,295.15,vibration,0.2252,0.2252,295.15
0,4,2,295.15,temperature,71.769,71.769,295.15
0,4,2,295.15,pressure,31.8335,31.8335,295.15
0,4,2,295.15,humidity,45.599,45.599,295.15
0,5,1,295.15,torque,51.4229,51.4229,295.15
0,5,1,295.15,vibration,0.1947,0.1947,295.15
0,5,1,295.15,temperature,71.6638,71.6638,295.15
0,5,1,295.15,pressure,30.5245,30.5245,295.15
0,5,1,295.15,humidity,45.083,45.083,295.15
0,1,6,321.52,torque,51.5004,51.5004,321.52
0,1,6,321.52,vibration,0.2064,0.2064,321.52
0,1,6,321.52,temperature,73.1961,73.1961,321.52
0,1,6,321.52,pressure,30.5421,30.5421,321.52
0,1,6,321.52,humidity,45.4206,45.4206,321.52
0,2,5,326.81,torque,47.6248,47.6248,326.81
0,2,5,326.81,vibration,0.1807,0.1807,326.81
0,2,5,326.81,temperature,72.5105,72.5105,326.81
0,2,5,326.81,pressure,31.8902,31.8902,326.81
0,2,5,326.81,humidity,47.1415,47.1415,326.81
0,3,4,329.23,torque,49.6433,,329.23
0,3,4,329.23,vibration,0.166,,329.23
0,3,4,329.23,temperature,73.029,,329.23
0,3,4,329.23,pressure,26.9861,,329.23
0,3,4,329.23,humidity,47.6373,,329.23
0,7,0,330.73,torque,48.214,48.214,330.73
0,7,0,330.73,vibration,0.1794,0.1794,330.73
0,7,0,330.73,temperature,68.8269,68.8269,330.73
0,7,0,330.73,pressure,30.6701,30.6701,330.73
0,7,0,330.73,humidity,44.9982,44.9982,330.73
0,4,3,341.7,torque,50.8253,50.8253,341.7
0,4,3,341.7,vibration,0.2026,0.2026,341.7
0,4,3,341.7,temperature,68.0056,68.0056,341.7
0,4,3,341.7,pressure,31.4044,31.4044,341.7
0,4,3,341.7,humidity,45.2372,45.2372,341.7
0,5,2,342.11,torque,49.0971,49.0971,342.11
0,5,2,342.11,vibration,0.2046,0.2046,342.11
0,5,2,342.11,temperature,68.4527,68.4527,342.11
0,5,2,342.11,pressure,30.8135,30.8135,342.11
0,5,2,342.11,humidity,45.2843,45.2843,342.11
0,6,1,342.11,torque,49.207,49.207,342.11
0,6,1,342.11,vibration,0.2495,0.2495,342.11
0,6,1,342.11,temperature,70.6368,70.6368,342.11
0,6,1,342.11,pressure,30.9325,30.9325,342.11
0,6,1,342.11,humidity,45.0281,45.0281,342.11
0,8,0,382.78,torque,49.7008,49.7008,382.78
0,8,0,382.78,vibration,0.2179,0.2179,382.78
0,8,0,382.78,temperature,73.9995,73.9995,382.78
0,8,0,382.78,pressure,32.2181,32.2181,382.78
0,8,0,382.78,humidity,46.7085,46.7085,382.78
0,3,5,384.12,torque,49.3565,49.3565,384.12
0,3,5,384.12,vibration,0.2125,0.2125,384.12
0,3,5,384.12,temperature,71.3652,71.3652,384.12
0,3,5,384.12,pressure,29.55,29.55,384.12
0,3,5,384.12,humidity,47.2,47.2,384.12
0,6,2,384.56,torque,50.1038,50.1038,384.56
0,6,2,384.56,vibration,0.2325,0.2325,384.56
0,6,2,384.56,temperature,70.3962,70.3962,384.56
0,6,2,384.56,pressure,31.0696,31.0696,384.56
0,6,2,384.56,humidity,44.9999,44.9999,384.56
0,7,1,384.56,torque,50.2614,50.2614,384.56
0,7,1,384.56,vibration,0.228,0.228,384.56
0,7,1,384.56,temperature,69.6121,69.6121,384.56
0,7,1,384.56,pressure,29.8861,29.8861,384.56
0,7,1,384.56,humidity,44.7212,44.7212,384.56
0,4,4,387.44,torque,50.0977,,387.44
0,4,4,387.44,vibration,0.1603,,387.44
0,4,4,387.44,temperature,68.4669,,387.44
0,4,4,387.44,pressure,29.2178,,387.44
0,4,4,387.44,humidity,49.1897,,387.44
0,5,3,387.44,torque,50.8449,50.8449,387.44
0,5,3,387.44,vibration,0.1837,0.1837,387.44
0,5,3,387.44,temperature,72.8652,72.8652,387.44
0,5,3,387.44,pressure,27.8804,27.8804,387.44
0,5,3,387.44,humidity,45.5642,45.5642,387.44
0,1,7,392.33,torque,52.5487,52.5487,392.33
0,1,7,392.33,vibration,0.1873,0.1873,392.33
0,1,7,392.33,temperature,71.0776,71.0776,392.33
0,1,7,392.33,pressure,29.8713,29.8713,392.33
0,1,7,392.33,humidity,43.3735,43.3735,392.33
0,2,6,392.33,torque,49.1379,49.1379,392.33
0,2,6,392.33,vibration,0.2921,0.2921,392.33
0,2,6,392.33,temperature,72.657,72.657,392.33
0,2,6,392.33,pressure,27.2176,27.2176,392.33
0,2,6,392.33,humidity,44.6309,44.6309,392.33
0,8,1,432.76,torque,50.0834,50.0834,432.76
0,8,1,432.76,vibration,0.2142,0.2142,432.76
0,8,1,432.76,temperature,72.7896,72.7896,432.76
0,8,1,432.76,pressure,28.5164,28.5164,432.76
0,8,1,432.76,humidity,46.2624,46.2624,432.76
0,9,0,432.76,torque,51.5048,51.5048,432.76
0,9,0,432.76,vibration,0.2113,0.2113,432.76
0,9,0,432.76,temperature,69.6313,69.6313,432.76
0,9,0,432.76,pressure,32.9886,32.9886,432.76
0,9,0,432.76,humidity,47.1358,47.1358,432.76
0,6,3,435.15,torque,53.0244,53.0244,435.15
0,6,3,435.15,vibration,0.2454,0.2454,435.15
0,6,3,435.15,temperature,69.9821,69.9821,435.15
0,6,3,435.15,pressure,30.9576,30.9576,435.15
0,6,3,435.15,humidity,45.7865,45.7865,435.15
0,7,2,435.15,torque,49.0245,49.0245,435.15
0,7,2,435.15,vibration,0.2589,0.2589,435.15
0,7,2,435.15,temperature,70.5368,70.5368,435.15
0,7,2,435.15,pressure,26.9215,26.9215,435.15
0,7,2,435.15,humidity,44.6174,44.6174,435.15
0,4,5,438.53,torque,50.459,50.459,438.53
0,4,5,438.53,vibration,0.2095,0.2095,438.53
0,4,5,438.53,temperature,69.8345,69.8345,438.53
0,4,5,438.53,pressure,29.4949,29.4949,438.53
0,4,5,438.53,humidity,48.2837,48.2837,438.53
0,5,4,438.53,torque,51.7369,,438.53
0,5,4,438.53,vibration,0.228,,438.53
0,5,4,438.53,temperature,69.65,,438.53
0,5,4,438.53,pressure,30.0392,,438.53
0,5,4,438.53,humidity,47.8035,,438.53
0,1,8,446.15,torque,48.232,48.232,446.15
0,1,8,446.15,vibration,0.2047,0.2047,446.15
0,1,8,446.15,temperature,71.4428,71.4428,446.15
0,1,8,446.15,pressure,28.9868,28.9868,446.15
0,1,8,446.15,humidity,44.6578,44.6578,446.15
0,2,7,450.96,torque,52.9152,52.9152,450.96
0,2,7,450.96,vibration,0.1652,0.1652,450.96
0,2,7,450.96,temperature,71.7916,71.7916,450.96
0,2,7,450.96,pressure,29.107,29.107,450.96
0,2,7,450.96,humidity,43.6147,43.6147,450.96
0,3,6,450.96,torque,48.9301,48.9301,450.96
0,3,6,450.96,vibration,0.1841,0.1841,450.96
0,3,6,450.96,temperature,71.6464,71.6464,450.96
0,3,6,450.96,pressure,33.4883,33.4883,450.96
0,3,6,450.96,humidity,44.3598,44.3598,450.96
0,10,0,478.13,torque,47.5451,47.5451,478.13
0,10,0,478.13,vibration,0.2219,0.2219,478.13
0,10,0,478.13,temperature,69.6449,69.6449,478.13
0,10,0,478.13,pressure,30.0163,30.0163,478.13
0,10,0,478.13,humidity,46.7475,46.7475,478.13
0,6,4,484.34,torque,50.618,,484.34
0,6,4,484.34,vibration,0.2116,,484.34
0,6,4,484.34,temperature,70.3711,,484.34
0,6,4,484.34,pressure,29.0643,,484.34
0,6,4,484.34,humidity,47.1701,,484.34
0,1,9,487.14,torque,50.4958,,487.14
0,1,9,487.14,vibration,0.1548,,487.14
0,1,9,487.14,temperature,70.2166,,487.14
0,1,9,487.14,pressure,31.9514,,487.14
0,1,9,487.14,humidity,44.6732,,487.14
0,9,1,488.68,torque,48.2389,48.2389,488.68
0,9,1,488.68,vibration,0.194,0.194,488.68
0,9,1,488.68,temperature,69.1024,69.1024,488.68
0,9,1,488.68,pressure,35.7675,35.7675,488.68
0,9,1,488.68,humidity,45.7027,45.7027,488.68
0,7,3,493.47,torque,49.7674,49.7674,493.47
0,7,3,493.47,vibration,0.2265,0.2265,493.47
0,7,3,493.47,temperature,69.8013,69.8013,493.47
0,7,3,493.47,pressure,29.6812,29.6812,493.47
0,7,3,493.47,humidity,45.2683,45.2683,493.47
0,8,2,493.47,torque,48.1018,48.1018,493.47
0,8,2,493.47,vibration,0.2494,0.2494,493.47
0,8,2,493.47,temperature,74.7144,74.7144,493.47
0,8,2,493.47,pressure,27.5815,27.5815,493.47
0,8,2,493.47,humidity,43.3701,43.3701,493.47
0,5,5,500.43,torque,48.2936,48.2936,500.43
0,5,5,500.43,vibration,0.1947,0.1947,500.43
0,5,5,500.43,temperature,68.1341,68.1341,500.43
0,5,5,500.43,pressure,29.6646,29.6646,500.43
0,5,5,500.43,humidity,47.3455,47.3455,500.43
0,2,8,505.48,torque,48.83,48.83,505.48
0,2,8,505.48,vibration,0.1752,0.1752,505.48
0,2,8,505.48,temperature,66.5426,66.5426,505.48
0,2,8,505.48,pressure,29.8499,29.8499,505.48
0,2,8,505.48,humidity,44.6942,44.6942,505.48
0,3,7,520.81,torque,49.7065,49.7065,520.81
0,3,7,520.81,vibration,0.2102,0.2102,520.81
0,3,7,520.81,temperature,68.935,68.935,520.81
0,3,7,520.81,pressure,29.4214,29.4214,520.81
0,3,7,520.81,humidity,42.849,42.849,520.81
0,4,6,520.81,torque,51.6974,51.6974,520.81
0,4,6,520.81,vibration,0.1675,0.1675,520.81
0,4,6,520.81,temperature,72.0083,72.0083,520.81
0,4,6,520.81,pressure,31.383,31.383,520.81
0,4,6,520.81,humidity,43.3684,43.3684,520.81
0,1,10,525.04,torque,48.4792,48.4792,525.04
0,1,10,525.04,vibration,0.188,0.188,525.04
0,1,10,525.04,temperature,72.7971,72.7971,525.04
0,1,10,525.04,pressure,31.2567,31.2567,525.04
0,1,10,525.04,humidity,42.4461,42.4461,525.04
0,11,0,538.07,torque,49.4296,49.4296,538.07
0,11,0,538.07,vibration,0.1613,0.1613,538.07
0,11,0,538.07,temperature,70.7049,70.7049,538.07
0,11,0,538.07,pressure,30.3039,30.3039,538.07
0,11,0,538.07,humidity,45.9246,45.9246,538.07
0,6,5,541.59,torque,50.4885,50.4885,541.59
0,6,5,541.59,vibration,0.2299,0.2299,541.59
0,6,5,541.59,temperature,67.8482,67.8482,541.59
0,6,5,541.59,pressure,27.458,27.458,541.59
0,6,5,541.59,humidity,47.581,47.581,541.59
0,7,4,541.59,torque,52.81,,541.59
0,7,4,541.59,vibration,0.204,,541.59
0,7,4,541.59,temperature,68.9776,,541.59
0,7,4,541.59,pressure,30.7579,,541.59
0,7,4,541.59,humidity,48.2094,,541.59
0,2,9,545.15,torque,48.691,,545.15
0,2,9,545.15,vibration,0.2286,,545.15
0,2,9,545.15,temperature,73.4906,,545.15
0,2,9,545.15,pressure,29.5577,,545.15
0,2,9,545.15,humidity,44.1481,,545.15
0,8,3,549.53,torque,50.5599,50.5599,549.53
0,8,3,549.53,vibration,0.1945,0.1945,549.53
0,8,3,549.53,temperature,68.2907,68.2907,549.53
0,8,3,549.53,pressure,28.4621,28.4621,549.53
0,8,3,549.53,humidity,46.2533,46.2533,549.53
0,9,2,550.58,torque,50.7017,50.7017,550.58
0,9,2,550.58,vibration,0.2124,0.2124,550.58
0,9,2,550.58,temperature,69.2872,69.2872,550.58
0,9,2,550.58,pressure,28.2677,28.2677,550.58
0,9,2,550.58,humidity,44.5916,44.5916,550.58
0,10,1,550.58,torque,52.9841,52.9841,550.58
0,10,1,550.58,vibration,0.196,0.196,550.58
0,10,1,550.58,temperature,67.1486,67.1486,550.58
0,10,1,550.58,pressure,27.4439,27.4439,550.58
0,10,1,550.58,humidity,46.2762,46.2762,550.58
0,3,8,561.54,torque,49.0841,49.0841,561.54
0,3,8,561.54,vibration,0.2162,0.2162,561.54
0,3,8,561.54,temperature,67.8956,67.8956,561.54
0,3,8,561.54,pressure,31.367,31.367,561.54
0,3,8,561.54,humidity,45.7255,45.7255,561.54
0,1,11,573.02,torque,51.9866,51.9866,573.02
0,1,11,573.02,vibration,0.2829,0.2829,573.02
0,1,11,573.02,temperature,70.8236,70.8236,573.02
0,1,11,573.02,pressure,26.7216,26.7216,573.02
0,1,11,573.02,humidity,46.0035,46.0035,573.02
0,12,0,588.19,torque,48.7481,48.7481,588.19
0,12,0,588.19,vibration,0.1608,0.1608,588.19
0,12,0,588.19,temperature,70.4815,70.4815,588.19
0,12,0,588.19,pressure,34.0044,34.0044,588.19
0,12,0,588.19,humidity,46.685,46.685,588.19
0,7,5,593.49,torque,48.6973,48.6973,593.49
0,7,5,593.49,vibration,0.1895,0.1895,593.49
0,7,5,593.49,temperature,67.7397,67.7397,593.49
0,7,5,593.49,pressure,29.3917,29.3917,593.49
0,7,5,593.49,humidity,48.3426,48.3426,593.49
0,8,4,593.49,torque,50.8643,,593.49
0,8,4,593.49,vibration,0.2066,,593.49
0,8,4,593.49,temperature,73.7729,,593.49
0,8,4,593.49,pressure,30.4553,,593.49
0,8,4,593.49,humidity,49.1346,,593.49
0,4,7,593.6,torque,48.3423,48.3423,593.6
0,4,7,593.6,vibration,0.1955,0.1955,593.6
0,4,7,593.6,temperature,71.9323,71.9323,593.6
0,4,7,593.6,pressure,31.3123,31.3123,593.6
0,4,7,593.6,humidity,42.7324,42.7324,593.6
0,5,6,593.6,torque,48.1668,48.1668,593.6
0,5,6,593.6,vibration,0.2188,0.2188,593.6
0,5,6,593.6,temperature,70.4839,70.4839,593.6
0,5,6,593.6,pressure,26.3631,26.3631,593.6
0,5,6,593.6,humidity,43.5659,43.5659,593.6
0,2,10,594.01,torque,49.1297,49.1297,594.01
0,2,10,594.01,vibration,0.2037,0.2037,594.01
0,2,10,594.01,temperature,67.2353,67.2353,594.01
0,2,10,594.01,pressure,28.8418,28.8418,594.01
0,2,10,594.01,humidity,43.2979,43.2979,594.01
0,9,3,596.21,torque,49.9681,49.9681,596.21
0,9,3,596.21,vibration,0.1943,0.1943,596.21
0,9,3,596.21,temperature,71.3987,71.3987,596.21
0,9,3,596.21,pressure,29.5457,29.5457,596.21
0,9,3,596.21,humidity,47.8175,47.8175,596.21
0,10,2,606.26,torque,51.595,51.595,606.26
0,10,2,606.26,vibration,0.213,0.213,606.26
0,10,2,606.26,temperature,71.0866,71.0866,606.26
0,10,2,606.26,pressure,28.0044,28.0044,606.26
0,10,2,606.26,humidity,45.4483,45.4483,606.26
0,11,1,606.26,torque,50.7352,50.7352,606.26
0,11,1,606.26,vibration,0.1935,0.1935,606.26
0,11,1,606.26,temperature,69.7332,69.7332,606.26
0,11,1,606.26,pressure,33.1619,33.1619,606.26
0,11,1,606.26,humidity,45.6987,45.6987,606.26
0,3,9,606.38,torque,48.653,,606.38
0,3,9,606.38,vibration,0.1862,,606.38
0,3,9,606.38,temperature,70.1527,,606.38
0,3,9,606.38,pressure,31.201,,606.38
0,3,9,606.38,humidity,43.9638,,606.38
0,4,8,632.16,torque,50.4787,50.4787,632.16
0,4,8,632.16,vibration,0.1866,0.1866,632.16
0,4,8,632.16,temperature,68.655,68.655,632.16
0,4,8,632.16,pressure,31.808,31.808,632.16
0,4,8,632.16,humidity,45.9932,45.9932,632.16
0,13,0,643.99,torque,51.2771,51.2771,643.99
0,13,0,643.99,vibration,0.1454,0.1454,643.99
0,13,0,643.99,temperature,71.3323,71.3323,643.99
0,13,0,643.99,pressure,26.8314,26.8314,643.99
0,13,0,643.99,humidity,48.1466,48.1466,643.99
0,2,11,644.53,torque,48.5581,48.5581,644.53
0,2,11,644.53,vibration,0.1932,0.1932,644.53
0,2,11,644.53,temperature,69.834,69.834,644.53
0,2,11,644.53,pressure,28.4336,28.4336,644.53
0,2,11,644.53,humidity,46.556,46.556,644.53
0,10,3,646.37,torque,49.1368,49.1368,646.37
0,10,3,646.37,vibration,0.1862,0.1862,646.37
0,10,3,646.37,temperature,71.0584,71.0584,646.37
0,10,3,646.37,pressure,24.116,24.116,646.37
0,10,3,646.37,humidity,48.2845,48.2845,646.37
0,3,10,654.54,torque,49.4757,49.4757,654.54
0,3,10,654.54,vibration,0.1374,0.1374,654.54
0,3,10,654.54,temperature,70.7226,70.7226,654.54
0,3,10,654.54,pressure,27.5788,27.5788,654.54
0,3,10,654.54,humidity,44.6517,44.6517,654.54
0,11,2,655.59,torque,51.1778,51.1778,655.59
0,11,2,655.59,vibration,0.1713,0.1713,655.59
0,11,2,655.59,temperature,73.2997,73.2997,655.59
0,11,2,655.59,pressure,32.7138,32.7138,655.59
0,11,2,655.59,humidity,44.852,44.852,655.59
0,12,1,655.59,torque,51.8591,51.8591,655.59
0,12,1,655.59,vibration,0.1857,0.1857,655.59
0,12,1,655.59,temperature,67.2807,67.2807,655.59
0,12,1,655.59,pressure,27.1337,27.1337,655.59
0,12,1,655.59,humidity,46.8664,46.8664,655.59
0,8,5,657.83,torque,49.5806,49.5806,657.83
0,8,5,657.83,vibration,0.1969,0.1969,657.83
0,8,5,657.83,temperature,71.4926,71.4926,657.83
0,8,5,657.83,pressure,29.8064,29.8064,657.83
0,8,5,657.83,humidity,49.495,49.495,657.83
0,9,4,657.83,torque,51.138,,657.83
0,9,4,657.83,vibration,0.1703,,657.83
0,9,4,657.83,temperature,69.2509,,657.83
0,9,4,657.83,pressure,28.3995,,657.83
0,9,4,657.83,humidity,48.9852,,657.83
0,5,7,684.97,torque,49.5284,49.5284,684.97
0,5,7,684.97,vibration,0.1885,0.1885,684.97
0,5,7,684.97,temperature,65.6431,65.6431,684.97
0,5,7,684.97,pressure,28.2342,28.2342,684.97
0,5,7,684.97,humidity,43.9252,43.9252,684.97
0,6,6,684.97,torque,50.1694,50.1694,684.97
0,6,6,684.97,vibration,0.1555,0.1555,684.97
0,6,6,684.97,temperature,65.1691,65.1691,684.97
0,6,6,684.97,pressure,28.3211,28.3211,684.97
0,6,6,684.97,humidity,43.7254,43.7254,684.97
0,4,9,688.91,torque,50.9422,,688.91
0,4,9,688.91,vibration,0.1549,,688.91
0,4,9,688.91,temperature,68.5265,,688.91
0,4,9,688.91,pressure,33.8133,,688.91
0,4,9,688.91,humidity,42.2483,,688.91
0,14,0,689.94,torque,51.1689,51.1689,689.94
0,14,0,689.94,vibration,0.2076,0.2076,689.94
0,14,0,689.94,temperature,69.2226,69.2226,689.94
0,14,0,689.94,pressure,33.3111,33.3111,689.94
0,14,0,689.94,humidity,47.6243,47.6243,689.94
0,11,3,700.87,torque,49.2656,49.2656,700.87
0,11,3,700.87,vibration,0.166,0.166,700.87
0,11,3,700.87,temperature,67.5799,67.5799,700.87
0,11,3,700.87,pressure,30.8654,30.8654,700.87
0,11,3,700.87,humidity,47.3677,47.3677,700.87
0,12,2,708.45,torque,48.672,48.672,708.45
0,12,2,708.45,vibration,0.1597,0.1597,708.45
0,12,2,708.45,temperature,66.7987,66.7987,708.45
0,12,2,708.45,pressure,30.0687,30.0687,708.45
0,12,2,708.45,humidity,44.0993,44.0993,708.45
0,13,1,708.45,torque,50.1156,50.1156,708.45
0,13,1,708.45,vibration,0.1999,0.1999,708.45
0,13,1,708.45,temperature,68.4079,68.4079,708.45
0,13,1,708.45,pressure,27.0448,27.0448,708.45
0,13,1,708.45,humidity,45.7018,45.7018,708.45
0,3,11,712.4,torque,50.8517,50.8517,712.4
0,3,11,712.4,vibration,0.1624,0.1624,712.4
0,3,11,712.4,temperature,70.8121,70.8121,712.4
0,3,11,712.4,pressure,30.6513,30.6513,712.4
0,3,11,712.4,humidity,47.9808,47.9808,712.4
0,10,4,714.42,torque,50.5294,,714.42
0,10,4,714.42,vibration,0.221,,714.42
0,10,4,714.42,temperature,67.3888,,714.42
0,10,4,714.42,pressure,33.0652,,714.42
0,10,4,714.42,humidity,49.6636,,714.42
0,9,5,725.06,torque,49.0568,49.0568,725.06
0,9,5,725.06,vibration,0.2209,0.2209,725.06
0,9,5,725.06,temperature,68.9077,68.9077,725.06
0,9,5,725.06,pressure,32.9023,32.9023,725.06
0,9,5,725.06,humidity,48.7075,48.7075,725.06
0,5,8,725.99,torque,47.8957,47.8957,725.99
0,5,8,725.99,vibration,0.2033,0.2033,725.99
0,5,8,725.99,temperature,72.7399,72.7399,725.99
0,5,8,725.99,pressure,30.8233,30.8233,725.99
0,5,8,725.99,humidity,46.1598,46.1598,725.99
0,4,10,729.05,torque,48.835,48.835,729.05
0,4,10,729.05,vibration,0.168,0.168,729.05
0,4,10,729.05,temperature,71.5373,71.5373,729.05
0,4,10,729.05,pressure,29.2329,29.2329,729.05
0,4,10,729.05,humidity,44.9397,44.9397,729.05
0,15,0,739.19,torque,46.8815,46.8815,739.19
0,15,0,739.19,vibration,0.2168,0.2168,739.19
0,15,0,739.19,temperature,68.6517,68.6517,739.19
0,15,0,739.19,pressure,27.4752,27.4752,739.19
0,15,0,739.19,humidity,46.8227,46.8227,739.19
0,12,3,758.95,torque,50.2815,50.2815,758.95
0,12,3,758.95,vibration,0.2683,0.2683,758.95
0,12,3,758.95,temperature,71.0741,71.0741,758.95
0,12,3,758.95,pressure,31.5344,31.5344,758.95
0,12,3,758.95,humidity,47.49,47.49,758.95
0,6,7,764.09,torque,48.2223,48.2223,764.09
0,6,7,764.09,vibration,0.2191,0.2191,764.09
0,6,7,764.09,temperature,70.5727,70.5727,764.09
0,6,7,764.09,pressure,28.3459,28.3459,764.09
0,6,7,764.09,humidity,44.4902,44.4902,764.09
0,7,6,764.09,torque,51.6304,51.6304,764.09
0,7,6,764.09,vibration,0.1511,0.1511,764.09
0,7,6,764.09,temperature,70.7255,70.7255,764.09
0,7,6,764.09,pressure,29.9862,29.9862,764.09
0,7,6,764.09,humidity,44.6332,44.6332,764.09
0,11,4,765.15,torque,49.9161,,765.15
0,11,4,765.15,vibration,0.1821,,765.15
0,11,4,765.15,temperature,68.3015,,765.15
0,11,4,765.15,pressure,33.5034,,765.15
0,11,4,765.15,humidity,49.3923,,765.15
0,5,9,766.47,torque,47.915,,766.47
0,5,9,766.47,vibration,0.2497,,766.47
0,5,9,766.47,temperature,69.9432,,766.47
0,5,9,766.47,pressure,29.3685,,766.47
0,5,9,766.47,humidity,43.5297,,766.47
0,13,2,773.71,torque,47.3035,47.3035,773.71
0,13,2,773.71,vibration,0.2181,0.2181,773.71
0,13,2,773.71,temperature,70.4875,70.4875,773.71
0,13,2,773.71,pressure,30.3622,30.3622,773.71
0,13,2,773.71,humidity,45.377,45.377,773.71
0,14,1,773.71,torque,49.9928,49.9928,773.71
0,14,1,773.71,vibration,0.1989,0.1989,773.71
0,14,1,773.71,temperature,69.0795,69.0795,773.71
0,14,1,773.71,pressure,29.6278,29.6278,773.71
0,14,1,773.71,humidity,45.1139,45.1139,773.71
0,4,11,781.29,torque,50.7486,50.7486,781.29
0,4,11,781.29,vibration,0.2027,0.2027,781.29
0,4,11,781.29,temperature,72.2104,72.2104,781.29
0,4,11,781.29,pressure,26.8717,26.8717,781.29
0,4,11,781.29,humidity,47.5297,47.5297,781.29
0,10,5,782.66,torque,48.7026,48.7026,782.66
0,10,5,782.66,vibration,0.1966,0.1966,782.66
0,10,5,782.66,temperature,69.7916,69.7916,782.66
0,10,5,782.66,pressure,34.5847,34.5847,782.66
0,10,5,782.66,humidity,47.1089,47.1089,782.66
0,16,0,790.07,torque,49.5621,49.5621,790.07
0,16,0,790.07,vibration,0.2122,0.2122,790.07
0,16,0,790.07,temperature,70.0688,70.0688,790.07
0,16,0,790.07,pressure,29.2707,29.2707,790.07
0,16,0,790.07,humidity,46.9311,46.9311,790.07
0,5,10,810.9,torque,48.9963,48.9963,810.9
0,5,10,810.9,vibration,0.2014,0.2014,810.9
0,5,10,810.9,temperature,71.7373,71.7373,810.9
0,5,10,810.9,pressure,29.956,29.956,810.9
0,5,10,810.9,humidity,45.0184,45.0184,810.9
0,6,8,814.11,torque,48.9098,48.9098,814.11
0,6,8,814.11,vibration,0.2013,0.2013,814.11
0,6,8,814.11,temperature,68.3364,68.3364,814.11
0,6,8,814.11,pressure,27.6916,27.6916,814.11
0,6,8,814.11,humidity,44.9229,44.9229,814.11
0,13,3,823.1,torque,48.068,48.068,823.1
0,13,3,823.1,vibration,0.1987,0.1987,823.1
0,13,3,823.1,temperature,67.5875,67.5875,823.1
0,13,3,823.1,pressure,33.6357,33.6357,823.1
0,13,3,823.1,humidity,47.911,47.911,823.1
0,14,2,829.54,torque,49.5112,49.5112,829.54
0,14,2,829.54,vibration,0.2045,0.2045,829.54
0,14,2,829.54,temperature,66.4021,66.4021,829.54
0,14,2,829.54,pressure,26.4037,26.4037,829.54
0,14,2,829.54,humidity,46.1969,46.1969,829.54
0,15,1,829.54,torque,47.9971,47.9971,829.54
0,15,1,829.54,vibration,0.2065,0.2065,829.54
0,15,1,829.54,temperature,68.9871,68.9871,829.54
0,15,1,829.54,pressure,29.7566,29.7566,829.54
0,15,1,829.54,humidity,46.77,46.77,829.54
0,11,5,831.36,torque,51.2287,51.2287,831.36
0,11,5,831.36,vibration,0.2027,0.2027,831.36
0,11,5,831.36,temperature,68.3728,68.3728,831.36
0,11,5,831.36,pressure,29.222,29.222,831.36
0,11,5,831.36,humidity,48.0447,48.0447,831.36
0,12,4,831.36,torque,49.8217,,831.36
0,12,4,831.36,vibration,0.2321,,831.36
0,12,4,831.36,temperature,72.0488,,831.36
0,12,4,831.36,pressure,28.4464,,831.36
0,12,4,831.36,humidity,48.9952,,831.36
0,7,7,845.12,torque,49.2388,49.2388,845.12
0,7,7,845.12,vibration,0.191,0.191,845.12
0,7,7,845.12,temperature,69.2456,69.2456,845.12
0,7,7,845.12,pressure,28.6815,28.6815,845.12
0,7,7,845.12,humidity,43.5109,43.5109,845.12
0,8,6,845.12,torque,51.1254,51.1254,845.12
0,8,6,845.12,vibration,0.1961,0.1961,845.12
0,8,6,845.12,temperature,67.7216,67.7216,845.12
0,8,6,845.12,pressure,31.6339,31.6339,845.12
0,8,6,845.12,humidity,45.207,45.207,845.12
0,17,0,847.36,torque,50.712,50.712,847.36
0,17,0,847.36,vibration,0.1954,0.1954,847.36
0,17,0,847.36,temperature,71.96,71.96,847.36
0,17,0,847.36,pressure,30.7168,30.7168,847.36
0,17,0,847.36,humidity,47.4969,47.4969,847.36
0,6,9,850.48,torque,49.7441,,850.48
0,6,9,850.48,vibration,0.1606,,850.48
0,6,9,850.48,temperature,68.4018,,850.48
0,6,9,850.48,pressure,29.8404,,850.48
0,6,9,850.48,humidity,44.0669,,850.48
0,5,11,864.69,torque,50.9015,50.9015,864.69
0,5,11,864.69,vibration,0.2185,0.2185,864.69
0,5,11,864.69,temperature,73.7612,73.7612,864.69
0,5,11,864.69,pressure,26.1846,26.1846,864.69
0,5,11,864.69,humidity,46.3667,46.3667,864.69
0,14,3,872.79,torque,49.1055,49.1055,872.79
0,14,3,872.79,vibration,0.1996,0.1996,872.79
0,14,3,872.79,temperature,69.111,69.111,872.79
0,14,3,872.79,pressure,32.3188,32.3188,872.79
0,14,3,872.79,humidity,47.0366,47.0366,872.79
0,12,5,883.47,torque,51.6994,51.6994,883.47
0,12,5,883.47,vibration,0.1721,0.1721,883.47
0,12,5,883.47,temperature,74.5323,74.5323,883.47
0,12,5,883.47,pressure,27.0218,27.0218,883.47
0,12,5,883.47,humidity,49.6331,49.6331,883.47
0,13,4,883.47,torque,49.9694,,883.47
0,13,4,883.47,vibration,0.1632,,883.47
0,13,4,883.47,temperature,71.3126,,883.47
0,13,4,883.47,pressure,30.5276,,883.47
0,13,4,883.47,humidity,48.2227,,883.47
0,15,2,885.24,torque,51.4291,51.4291,885.24
0,15,2,885.24,vibration,0.1447,0.1447,885.24
0,15,2,885.24,temperature,70.5698,70.5698,885.24
0,15,2,885.24,pressure,30.0506,30.0506,885.24
0,15,2,885.24,humidity,45.2914,45.2914,885.24
0,16,1,885.24,torque,49.3856,49.3856,885.24
0,16,1,885.24,vibration,0.2823,0.2823,885.24
0,16,1,885.24,temperature,69.4024,69.4024,885.24
0,16,1,885.24,pressure,27.2458,27.2458,885.24
0,16,1,885.24,humidity,47.1981,47.1981,885.24
0,7,8,895.54,torque,51.3998,51.3998,895.54
0,7,8,895.54,vibration,0.2273,0.2273,895.54
0,7,8,895.54,temperature,70.7786,70.7786,895.54
0,7,8,895.54,pressure,29.5613,29.5613,895.54
0,7,8,895.54,humidity,46.4421,46.4421,895.54
0,18,0,903.33,torque,52.8042,52.8042,903.33
0,18,0,903.33,vibration,0.2224,0.2224,903.33
0,18,0,903.33,temperature,71.5355,71.5355,903.33
0,18,0,903.33,pressure,29.7386,29.7386,903.33
0,18,0,903.33,humidity,46.5438,46.5438,903.33
0,6,10,905.09,torque,50.6212,50.6212,905.09
0,6,10,905.09,vibration,0.1807,0.1807,905.09
0,6,10,905.09,temperature,71.7422,71.7422,905.09
0,6,10,905.09,pressure,31.548,31.548,905.09
0,6,10,905.09,humidity,46.6586,46.6586,905.09
0,8,7,912.28,torque,50.1829,50.1829,912.28
0,8,7,912.28,vibration,0.2087,0.2087,912.28
0,8,7,912.28,temperature,69.844,69.844,912.28
0,8,7,912.28,pressure,33.214,33.214,912.28
0,8,7,912.28,humidity,43.9873,43.9873,912.28
0,9,6,912.28,torque,50.3419,50.3419,912.28
0,9,6,912.28,vibration,0.2824,0.2824,912.28
0,9,6,912.28,temperature,70.9873,70.9873,912.28
0,9,6,912.28,pressure,29.3181,29.3181,912.28
0,9,6,912.28,humidity,43.7989,43.7989,912.28
0,14,4,926.89,torque,52.3612,,926.89
0,14,4,926.89,vibration,0.1697,,926.89
0,14,4,926.89,temperature,68.0946,,926.89
0,14,4,926.89,pressure,28.8985,,926.89
0,14,4,926.89,humidity,48.758,,926.89
0,15,3,929.67,torque,49.1397,49.1397,929.67
0,15,3,929.67,vibration,0.1966,0.1966,929.67
0,15,3,929.67,temperature,71.706,71.706,929.67
0,15,3,929.67,pressure,29.8648,29.8648,929.67
0,15,3,929.67,humidity,47.9158,47.9158,929.67
0,16,2,945.24,torque,47.557,47.557,945.24
0,16,2,945.24,vibration,0.2903,0.2903,945.24
0,16,2,945.24,temperature,67.1166,67.1166,945.24
0,16,2,945.24,pressure,29.1364,29.1364,945.24
0,16,2,945.24,humidity,46.6375,46.6375,945.24
0,17,1,945.24,torque,51.5341,51.5341,945.24
0,17,1,945.24,vibration,0.2148,0.2148,945.24
0,17,1,945.24,temperature,72.0392,72.0392,945.24
0,17,1,945.24,pressure,29.3739,29.3739,945.24
0,17,1,945.24,humidity,48.0722,48.0722,945.24
0,7,9,950.36,torque,48.7238,,950.36
0,7,9,950.36,vibration,0.1639,,950.36
0,7,9,950.36,temperature,68.3254,,950.36
0,7,9,950.36,pressure,31.0669,,950.36
0,7,9,950.36,humidity,42.8781,,950.36
0,8,8,952.54,torque,49.6138,49.6138,952.54
0,8,8,952.54,vibration,0.175,0.175,952.54
0,8,8,952.54,temperature,70.8623,70.8623,952.54
0,8,8,952.54,pressure,31.0006,31.0006,952.54
0,8,8,952.54,humidity,45.5722,45.5722,952.54
0,19,0,953.46,torque,51.011,51.011,953.46
0,19,0,953.46,vibration,0.2058,0.2058,953.46
0,19,0,953.46,temperature,68.9859,68.9859,953.46
0,19,0,953.46,pressure,29.5676,29.5676,953.46
0,19,0,953.46,humidity,47.1119,47.1119,953.46
0,6,11,955.09,torque,50.0775,50.0775,955.09
0,6,11,955.09,vibration,0.1758,0.1758,955.09
0,6,11,955.09,temperature,71.0232,71.0232,955.09
0,6,11,955.09,pressure,32.9351,32.9351,955.09
0,6,11,955.09,humidity,45.4831,45.4831,955.09
0,9,7,975.87,torque,51.8708,51.8708,975.87
0,9,7,975.87,vibration,0.2121,0.2121,975.87
0,9,7,975.87,temperature,73.2107,73.2107,975.87
0,9,7,975.87,pressure,31.8869,31.8869,975.87
0,9,7,975.87,humidity,43.6546,43.6546,975.87
0,10,6,975.87,torque,48.8066,48.8066,975.87
0,10,6,975.87,vibration,0.2208,0.2208,975.87
0,10,6,975.87,temperature,68.7963,68.7963,975.87
0,10,6,975.87,pressure,29.762,29.762,975.87
0,10,6,975.87,humidity,43.4293,43.4293,975.87
0,13,5,977.69,torque,52.5138,52.5138,977.69
0,13,5,977.69,vibration,0.1982,0.1982,977.69
0,13,5,977.69,temperature,65.3069,65.3069,977.69
0,13,5,977.69,pressure,31.6925,31.6925,977.69
0,13,5,977.69,humidity,47.2779,47.2779,977.69
0,15,4,978.7,torque,50.9346,,978.7
0,15,4,978.7,vibration,0.1791,,978.7
0,15,4,978.7,temperature,71.6397,,978.7
0,15,4,978.7,pressure,31.745,,978.7
0,15,4,978.7,humidity,48.8869,,978.7
0,7,10,993.05,torque,51.3194,51.3194,993.05
0,7,10,993.05,vibration,0.219,0.219,993.05
0,7,10,993.05,temperature,68.5204,68.5204,993.05
0,7,10,993.05,pressure,28.8325,28.8325,993.05
0,7,10,993.05,humidity,46.2229,46.2229,993.05
0,18,1,997.64,torque,47.1374,47.1374,997.64
0,18,1,997.64,vibration,0.2039,0.2039,997.64
0,18,1,997.64,temperature,70.1562,70.1562,997.64
0,18,1,997.64,pressure,30.035,30.035,997.64
0,18,1,997.64,humidity,47.7422,47.7422,997.64
0,16,3,998.11,torque,51.2179,51.2179,998.11
0,16,3,998.11,vibration,0.1748,0.1748,998.11
0,16,3,998.11,temperature,69.8986,69.8986,998.11
0,16,3,998.11,pressure,31.7774,31.7774,998.11
0,16,3,998.11,humidity,49.7302,49.7302,998.11
0,17,2,998.11,torque,49.5522,49.5522,998.11
0,17,2,998.11,vibration,0.2201,0.2201,998.11
0,17,2,998.11,temperature,68.4374,68.4374,998.11
0,17,2,998.11,pressure,30.2761,30.2761,998.11
0,17,2,998.11,humidity,44.8175,44.8175,998.11
0,8,9,1004.29,torque,49.03,,1004.29
0,8,9,1004.29,vibration,0.1675,,1004.29
0,8,9,1004.29,temperature,66.0405,,1004.29
0,8,9,1004.29,pressure,34.3086,,1004.29
0,8,9,1004.29,humidity,42.6805,,1004.29
0,20,0,1009.11,torque,53.4444,53.4444,1009.11
0,20,0,1009.11,vibration,0.2317,0.2317,1009.11
0,20,0,1009.11,temperature,73.6705,73.6705,1009.11
0,20,0,1009.11,pressure,30.3455,30.3455,1009.11
0,20,0,1009.11,humidity,46.6012,46.6012,1009.11
0,9,8,1023.14,torque,50.3811,50.3811,1023.14
0,9,8,1023.14,vibration,0.228,0.228,1023.14
0,9,8,1023.14,temperature,68.1636,68.1636,1023.14
0,9,8,1023.14,pressure,32.6201,32.6201,1023.14
0,9,8,1023.14,humidity,44.858,44.858,1023.14
0,14,5,1032.92,torque,47.5448,47.5448,1032.92
0,14,5,1032.92,vibration,0.2037,0.2037,1032.92
0,14,5,1032.92,temperature,73.7725,73.7725,1032.92
0,14,5,1032.92,pressure,28.3741,28.3741,1032.92
0,14,5,1032.92,humidity,46.5804,46.5804,1032.92
0,16,4,1044.81,torque,50.6277,,1044.81
0,16,4,1044.81,vibration,0.2316,,1044.81
0,16,4,1044.81,temperature,68.8001,,1044.81
0,16,4,1044.81,pressure,27.2738,,1044.81
0,16,4,1044.81,humidity,48.1141,,1044.81
0,21,0,1045.35,torque,51.1324,51.1324,1045.35
0,21,0,1045.35,vibration,0.1921,0.1921,1045.35
0,21,0,1045.35,temperature,69.2882,69.2882,1045.35
0,21,0,1045.35,pressure,35.1342,35.1342,1045.35
0,21,0,1045.35,humidity,46.8497,46.8497,1045.35
0,17,3,1054.18,torque,48.1512,48.1512,1054.18
0,17,3,1054.18,vibration,0.1683,0.1683,1054.18
0,17,3,1054.18,temperature,72.88,72.88,1054.18
0,17,3,1054.18,pressure,33.0337,33.0337,1054.18
0,17,3,1054.18,humidity,50.3636,50.3636,1054.18
0,10,7,1054.71,torque,47.8212,47.8212,1054.71
0,10,7,1054.71,vibration,0.2454,0.2454,1054.71
0,10,7,1054.71,temperature,68.5794,68.5794,1054.71
0,10,7,1054.71,pressure,28.7734,28.7734,1054.71
0,10,7,1054.71,humidity,45.1153,45.1153,1054.71
0,11,6,1054.71,torque,48.5222,48.5222,1054.71
0,11,6,1054.71,vibration,0.1892,0.1892,1054.71
0,11,6,1054.71,temperature,73.6886,73.6886,1054.71
0,11,6,1054.71,pressure,27.9279,27.9279,1054.71
0,11,6,1054.71,humidity,43.5304,43.5304,1054.71
0,7,11,1058.27,torque,49.8791,49.8791,1058.27
0,7,11,1058.27,vibration,0.1818,0.1818,1058.27
0,7,11,1058.27,temperature,67.1705,67.1705,1058.27
0,7,11,1058.27,pressure,30.5208,30.5208,1058.27
0,7,11,1058.27,humidity,44.6644,44.6644,1058.27
0,8,10,1060.7,torque,50.6853,50.6853,1060.7
0,8,10,1060.7,vibration,0.1589,0.1589,1060.7
0,8,10,1060.7,temperature,68.1542,68.1542,1060.7
0,8,10,1060.7,pressure,28.3555,28.3555,1060.7
0,8,10,1060.7,humidity,46.9595,46.9595,1060.7
0,18,2,1060.84,torque,49.4778,49.4778,1060.84
0,18,2,1060.84,vibration,0.1705,0.1705,1060.84
0,18,2,1060.84,temperature,68.5953,68.5953,1060.84
0,18,2,1060.84,pressure,33.3152,33.3152,1060.84
0,18,2,1060.84,humidity,43.0246,43.0246,1060.84
0,19,1,1060.84,torque,50.1623,50.1623,1060.84
0,19,1,1060.84,vibration,0.2383,0.2383,1060.84
0,19,1,1060.84,temperature,67.9033,67.9033,1060.84
0,19,1,1060.84,pressure,30.7175,30.7175,1060.84
0,19,1,1060.84,humidity,47.5297,47.5297,1060.84
0,9,9,1068.14,torque,50.2218,,1068.14
0,9,9,1068.14,vibration,0.191,,1068.14
0,9,9,1068.14,temperature,67.527,,1068.14
0,9,9,1068.14,pressure,28.6225,,1068.14
0,9,9,1068.14,humidity,42.68,,1068.14
0,15,5,1089.75,torque,51.0228,51.0228,1089.75
0,15,5,1089.75,vibration,0.2144,0.2144,1089.75
0,15,5,1089.75,temperature,68.248,68.248,1089.75
0,15,5,1089.75,pressure,31.0299,31.0299,1089.75
0,15,5,1089.75,humidity,46.9866,46.9866,1089.75
0,22,0,1092.8,torque,50.536,50.536,1092.8
0,22,0,1092.8,vibration,0.2316,0.2316,1092.8
0,22,0,1092.8,temperature,69.3865,69.3865,1092.8
0,22,0,1092.8,pressure,31.7281,31.7281,1092.8
0,22,0,1092.8,humidity,46.3824,46.3824,1092.8
0,17,4,1099.52,torque,48.7477,,1099.52
0,17,4,1099.52,vibration,0.2255,,1099.52
0,17,4,1099.52,temperature,72.427,,1099.52
0,17,4,1099.52,pressure,29.183,,1099.52
0,17,4,1099.52,humidity,47.668,,1099.52
0,20,1,1102.34,torque,50.8828,50.8828,1102.34
0,20,1,1102.34,vibration,0.1789,0.1789,1102.34
0,20,1,1102.34,temperature,66.9911,66.9911,1102.34
0,20,1,1102.34,pressure,28.7227,28.7227,1102.34
0,20,1,1102.34,humidity,47.9819,47.9819,1102.34
0,18,3,1105.23,torque,48.7433,48.7433,1105.23
0,18,3,1105.23,vibration,0.1994,0.1994,1105.23
0,18,3,1105.23,temperature,67.5912,67.5912,1105.23
0,18,3,1105.23,pressure,26.746,26.746,1105.23
0,18,3,1105.23,humidity,49.2532,49.2532,1105.23
0,19,2,1105.23,torque,51.5054,51.5054,1105.23
0,19,2,1105.23,vibration,0.1428,0.1428,1105.23
0,19,2,1105.23,temperature,72.1894,72.1894,1105.23
0,19,2,1105.23,pressure,30.6426,30.6426,1105.23
0,19,2,1105.23,humidity,44.2004,44.2004,1105.23
0,10,8,1105.9,torque,50.3392,50.3392,1105.9
0,10,8,1105.9,vibration,0.2062,0.2062,1105.9
0,10,8,1105.9,temperature,69.4163,69.4163,1105.9
0,10,8,1105.9,pressure,34.6245,34.6245,1105.9
0,10,8,1105.9,humidity,43.8977,43.8977,1105.9
0,9,10,1112.72,torque,48.8947,48.8947,1112.72
0,9,10,1112.72,vibration,0.2175,0.2175,1112.72
0,9,10,1112.72,temperature,68.0044,68.0044,1112.72
0,9,10,1112.72,pressure,30.4448,30.4448,1112.72
0,9,10,1112.72,humidity,46.6769,46.6769,1112.72
0,8,11,1113.61,torque,51.8074,51.8074,1113.61
0,8,11,1113.61,vibration,0.1746,0.1746,1113.61
0,8,11,1113.61,temperature,71.761,71.761,1113.61
0,8,11,1113.61,pressure,30.6701,30.6701,1113.61
0,8,11,1113.61,humidity,45.8315,45.8315,1113.61
0,11,7,1130.16,torque,49.4197,49.4197,1130.16
0,11,7,1130.16,vibration,0.2039,0.2039,1130.16
0,11,7,1130.16,temperature,73.8423,73.8423,1130.16
0,11,7,1130.16,pressure,31.4247,31.4247,1130.16
0,11,7,1130.16,humidity,44.2803,44.2803,1130.16
0,12,6,1130.16,torque,49.4812,49.4812,1130.16
0,12,6,1130.16,vibration,0.1703,0.1703,1130.16
0,12,6,1130.16,temperature,69.9003,69.9003,1130.16
0,12,6,1130.16,pressure,29.2193,29.2193,1130.16
0,12,6,1130.16,humidity,44.082,44.082,1130.16
0,16,5,1136.08,torque,50.2162,50.2162,1136.08
0,16,5,1136.08,vibration,0.1659,0.1659,1136.08
0,16,5,1136.08,temperature,67.679,67.679,1136.08
0,16,5,1136.08,pressure,28.9448,28.9448,1136.08
0,16,5,1136.08,humidity,47.1106,47.1106,1136.08
0,21,1,1141.96,torque,48.7811,48.7811,1141.96
0,21,1,1141.96,vibration,0.1898,0.1898,1141.96
0,21,1,1141.96,temperature,69.6105,69.6105,1141.96
0,21,1,1141.96,pressure,28.9263,28.9263,1141.96
0,21,1,1141.96,humidity,46.6488,46.6488,1141.96
0,20,2,1146.98,torque,51.3491,51.3491,1146.98
0,20,2,1146.98,vibration,0.1777,0.1777,1146.98
0,20,2,1146.98,temperature,72.3979,72.3979,1146.98
0,20,2,1146.98,pressure,33.3779,33.3779,1146.98
0,20,2,1146.98,humidity,44.3338,44.3338,1146.98
0,23,0,1149.01,torque,49.432,49.432,1149.01
0,23,0,1149.01,vibration,0.1776,0.1776,1149.01
0,23,0,1149.01,temperature,68.6539,68.6539,1149.01
0,23,0,1149.01,pressure,30.0595,30.0595,1149.01
0,23,0,1149.01,humidity,45.9531,45.9531,1149.01
0,18,4,1152.68,torque,49.4213,,1152.68
0,18,4,1152.68,vibration,0.1856,,1152.68
0,18,4,1152.68,temperature,68.9981,,1152.68
0,18,4,1152.68,pressure,27.6974,,1152.68
0,18,4,1152.68,humidity,47.4742,,1152.68
0,19,3,1152.68,torque,51.0306,51.0306,1152.68
0,19,3,1152.68,vibration,0.2436,0.2436,1152.68
0,19,3,1152.68,temperature,69.8621,69.8621,1152.68
0,19,3,1152.68,pressure,28.0426,28.0426,1152.68
0,19,3,1152.68,humidity,48.5552,48.5552,1152.68
0,10,9,1155.23,torque,49.7572,,1155.23
0,10,9,1155.23,vibration,0.2472,,1155.23
0,10,9,1155.23,temperature,67.445,,1155.23
0,10,9,1155.23,pressure,31.6709,,1155.23
0,10,9,1155.23,humidity,42.7529,,1155.23
0,9,11,1169.46,torque,49.9995,49.9995,1169.46
0,9,11,1169.46,vibration,0.2006,0.2006,1169.46
0,9,11,1169.46,temperature,67.8122,67.8122,1169.46
0,9,11,1169.46,pressure,31.9394,31.9394,1169.46
0,9,11,1169.46,humidity,44.5284,44.5284,1169.46
0,11,8,1175.21,torque,50.0431,50.0431,1175.21
0,11,8,1175.21,vibration,0.2311,0.2311,1175.21
0,11,8,1175.21,temperature,72.9224,72.9224,1175.21
0,11,8,1175.21,pressure,33.0646,33.0646,1175.21
0,11,8,1175.21,humidity,43.8612,43.8612,1175.21
0,17,5,1179.61,torque,48.5093,48.5093,1179.61
0,17,5,1179.61,vibration,0.1823,0.1823,1179.61
0,17,5,1179.61,temperature,69.2747,69.2747,1179.61
0,17,5,1179.61,pressure,28.722,28.722,1179.61
0,17,5,1179.61,humidity,46.8137,46.8137,1179.61
0,20,3,1193.27,torque,51.415,51.415,1193.27
0,20,3,1193.27,vibration,0.177,0.177,1193.27
0,20,3,1193.27,temperature,67.5852,67.5852,1193.27
0,20,3,1193.27,pressure,30.9446,30.9446,1193.27
0,20,3,1193.27,humidity,48.578,48.578,1193.27
0,12,7,1194.0,torque,51.7857,51.7857,1194.0
0,12,7,1194.0,vibration,0.207,0.207,1194.0
0,12,7,1194.0,temperature,71.2832,71.2832,1194.0
0,12,7,1194.0,pressure,32.3292,32.3292,1194.0
0,12,7,1194.0,humidity,43.485,43.485,1194.0
0,13,6,1194.0,torque,52.4762,52.4762,1194.0
0,13,6,1194.0,vibration,0.1956,0.1956,1194.0
0,13,6,1194.0,temperature,70.9522,70.9522,1194.0
0,13,6,1194.0,pressure,28.0778,28.0778,1194.0
0,13,6,1194.0,humidity,43.0362,43.0362,1194.0
0,21,2,1195.97,torque,46.7198,46.7198,1195.97
0,21,2,1195.97,vibration,0.212,0.212,1195.97
0,21,2,1195.97,temperature,68.5251,68.5251,1195.97
0,21,2,1195.97,pressure,28.4335,28.4335,1195.97
0,21,2,1195.97,humidity,44.6571,44.6571,1195.97
0,22,1,1195.97,torque,49.5139,49.5139,1195.97
0,22,1,1195.97,vibration,0.2103,0.2103,1195.97
0,22,1,1195.97,temperature,69.483,69.483,1195.97
0,22,1,1195.97,pressure,29.527,29.527,1195.97
0,22,1,1195.97,humidity,47.893,47.893,1195.97
0,24,0,1196.23,torque,48.5319,48.5319,1196.23
0,24,0,1196.23,vibration,0.1697,0.1697,1196.23
0,24,0,1196.23,temperature,68.8725,68.8725,1196.23
0,24,0,1196.23,pressure,32.6368,32.6368,1196.23
0,24,0,1196.23,humidity,46.6179,46.6179,1196.23
0,10,10,1200.59,torque,51.1251,51.1251,1200.59
0,10,10,1200.59,vibration,0.2428,0.2428,1200.59
0,10,10,1200.59,temperature,74.9124,74.9124,1200.59
0,10,10,1200.59,pressure,30.041,30.041,1200.59
0,10,10,1200.59,humidity,45.2758,45.2758,1200.59
0,19,4,1217.56,torque,53.9358,,1217.56
0,19,4,1217.56,vibration,0.1904,,1217.56
0,19,4,1217.56,temperature,69.7374,,1217.56
0,19,4,1217.56,pressure,27.9644,,1217.56
0,19,4,1217.56,humidity,46.7525,,1217.56
0,18,5,1222.88,torque,50.4875,50.4875,1222.88
0,18,5,1222.88,vibration,0.1628,0.1628,1222.88
0,18,5,1222.88,temperature,71.5532,71.5532,1222.88
0,18,5,1222.88,pressure,29.2906,29.2906,1222.88
0,18,5,1222.88,humidity,47.8988,47.8988,1222.88
0,11,9,1224.53,torque,50.5277,,1224.53
0,11,9,1224.53,vibration,0.1758,,1224.53
0,11,9,1224.53,temperature,70.6369,,1224.53
0,11,9,1224.53,pressure,33.1083,,1224.53
0,11,9,1224.53,humidity,43.2555,,1224.53
0,25,0,1243.97,torque,49.0485,49.0485,1243.97
0,25,0,1243.97,vibration,0.1943,0.1943,1243.97
0,25,0,1243.97,temperature,72.0538,72.0538,1243.97
0,25,0,1243.97,pressure,31.6115,31.6115,1243.97
0,25,0,1243.97,humidity,47.9035,47.9035,1243.97
0,22,2,1249.61,torque,50.3768,50.3768,1249.61
0,22,2,1249.61,vibration,0.2023,0.2023,1249.61
0,22,2,1249.61,temperature,72.7499,72.7499,1249.61
0,22,2,1249.61,pressure,32.1224,32.1224,1249.61
0,22,2,1249.61,humidity,44.7108,44.7108,1249.61
0,23,1,1249.61,torque,52.899,52.899,1249.61
0,23,1,1249.61,vibration,0.2413,0.2413,1249.61
0,23,1,1249.61,temperature,68.9892,68.9892,1249.61
0,23,1,1249.61,pressure,27.457,27.457,1249.61
0,23,1,1249.61,humidity,46.0076,46.0076,1249.61
0,21,3,1253.63,torque,46.3178,46.3178,1253.63
0,21,3,1253.63,vibration,0.2028,0.2028,1253.63
0,21,3,1253.63,temperature,69.8472,69.8472,1253.63
0,21,3,1253.63,pressure,31.9897,31.9897,1253.63
0,21,3,1253.63,humidity,46.846,46.846,1253.63
0,14,6,1254.44,torque,47.8953,47.8953,1254.44
0,14,6,1254.44,vibration,0.1512,0.1512,1254.44
0,14,6,1254.44,temperature,74.6657,74.6657,1254.44
0,14,6,1254.44,pressure,29.5641,29.5641,1254.44
0,14,6,1254.44,humidity,44.252,44.252,1254.44
0,12,8,1254.48,torque,51.458,51.458,1254.48
0,12,8,1254.48,vibration,0.1684,0.1684,1254.48
0,12,8,1254.48,temperature,72.1178,72.1178,1254.48
0,12,8,1254.48,pressure,30.2298,30.2298,1254.48
0,12,8,1254.48,humidity,43.9826,43.9826,1254.48
0,13,7,1254.48,torque,50.6059,50.6059,1254.48
0,13,7,1254.48,vibration,0.127,0.127,1254.48
0,13,7,1254.48,temperature,64.8439,64.8439,1254.48
0,13,7,1254.48,pressure,30.2198,30.2198,1254.48
0,13,7,1254.48,humidity,43.2882,43.2882,1254.48
0,10,11,1255.47,torque,49.6907,49.6907,1255.47
0,10,11,1255.47,vibration,0.1839,0.1839,1255.47
0,10,11,1255.47,temperature,73.0672,73.0672,1255.47
0,10,11,1255.47,pressure,31.7528,31.7528,1255.47
0,10,11,1255.47,humidity,45.2727,45.2727,1255.47
0,11,10,1273.77,torque,50.5732,50.5732,1273.77
0,11,10,1273.77,vibration,0.1972,0.1972,1273.77
0,11,10,1273.77,temperature,71.607,71.607,1273.77
0,11,10,1273.77,pressure,31.4587,31.4587,1273.77
0,11,10,1273.77,humidity,45.6929,45.6929,1273.77
0,19,5,1283.33,torque,49.7095,49.7095,1283.33
0,19,5,1283.33,vibration,0.1691,0.1691,1283.33
0,19,5,1283.33,temperature,66.4916,66.4916,1283.33
0,19,5,1283.33,pressure,32.0047,32.0047,1283.33
0,19,5,1283.33,humidity,47.5501,47.5501,1283.33
0,20,4,1283.33,torque,49.5786,,1283.33
0,20,4,1283.33,vibration,0.2008,,1283.33
0,20,4,1283.33,temperature,69.3307,,1283.33
0,20,4,1283.33,pressure,31.3755,,1283.33
0,20,4,1283.33,humidity,45.357,,1283.33
0,26,0,1294.13,torque,51.4923,51.4923,1294.13
0,26,0,1294.13,vibration,0.2038,0.2038,1294.13
0,26,0,1294.13,temperature,70.5113,70.5113,1294.13
0,26,0,1294.13,pressure,31.2764,31.2764,1294.13
0,26,0,1294.13,humidity,47.467,47.467,1294.13
0,22,3,1304.8,torque,52.0893,52.0893,1304.8
0,22,3,1304.8,vibration,0.1738,0.1738,1304.8
0,22,3,1304.8,temperature,69.4722,69.4722,1304.8
0,22,3,1304.8,pressure,29.2435,29.2435,1304.8
0,22,3,1304.8,humidity,47.8334,47.8334,1304.8
0,12,9,1309.11,torque,49.3121,,1309.11
0,12,9,1309.11,vibration,0.1748,,1309.11
0,12,9,1309.11,temperature,68.3835,,1309.11
0,12,9,1309.11,pressure,31.5475,,1309.11
0,12,9,1309.11,humidity,44.4407,,1309.11
0,13,8,1309.11,torque,49.1635,49.1635,1309.11
0,13,8,1309.11,vibration,0.1568,0.1568,1309.11
0,13,8,1309.11,temperature,72.4819,72.4819,1309.11
0,13,8,1309.11,pressure,27.5939,27.5939,1309.11
0,13,8,1309.11,humidity,45.0392,45.0392,1309.11
0,23,2,1309.89,torque,47.2191,47.2191,1309.89
0,23,2,1309.89,vibration,0.1604,0.1604,1309.89
0,23,2,1309.89,temperature,70.0975,70.0975,1309.89
0,23,2,1309.89,pressure,25.2035,25.2035,1309.89
0,23,2,1309.89,humidity,43.064,43.064,1309.89
0,24,1,1309.89,torque,50.7834,50.7834,1309.89
0,24,1,1309.89,vibration,0.2122,0.2122,1309.89
0,24,1,1309.89,temperature,70.4883,70.4883,1309.89
0,24,1,1309.89,pressure,30.4694,30.4694,1309.89
0,24,1,1309.89,humidity,46.8709,46.8709,1309.89
0,11,11,1339.4,torque,49.8452,49.8452,1339.4
0,11,11,1339.4,vibration,0.2029,0.2029,1339.4
0,11,11,1339.4,temperature,70.3462,70.3462,1339.4
0,11,11,1339.4,pressure,27.8917,27.8917,1339.4
0,11,11,1339.4,humidity,44.2227,44.2227,1339.4
0,27,0,1340.12,torque,49.6156,49.6156,1340.12
0,27,0,1340.12,vibration,0.2483,0.2483,1340.12
0,27,0,1340.12,temperature,72.3933,72.3933,1340.12
0,27,0,1340.12,pressure,30.8577,30.8577,1340.12
0,27,0,1340.12,humidity,48.5578,48.5578,1340.12
0,21,4,1340.17,torque,53.627,,1340.17
0,21,4,1340.17,vibration,0.2182,,1340.17
0,21,4,1340.17,temperature,65.4366,,1340.17
0,21,4,1340.17,pressure,30.6948,,1340.17
0,21,4,1340.17,humidity,45.0228,,1340.17
0,14,7,1350.61,torque,50.0718,50.0718,1350.61
0,14,7,1350.61,vibration,0.1997,0.1997,1350.61
0,14,7,1350.61,temperature,66.3557,66.3557,1350.61
0,14,7,1350.61,pressure,28.2889,28.2889,1350.61
0,14,7,1350.61,humidity,42.1382,42.1382,1350.61
0,15,6,1350.61,torque,50.9406,50.9406,1350.61
0,15,6,1350.61,vibration,0.1881,0.1881,1350.61
0,15,6,1350.61,temperature,73.3862,73.3862,1350.61
0,15,6,1350.61,pressure,26.7613,26.7613,1350.61
0,15,6,1350.61,humidity,44.8265,44.8265,1350.61
0,20,5,1350.61,torque,51.3381,51.3381,1350.61
0,20,5,1350.61,vibration,0.1847,0.1847,1350.61
0,20,5,1350.61,temperature,72.771,72.771,1350.61
0,20,5,1350.61,pressure,32.6748,32.6748,1350.61
0,20,5,1350.61,humidity,47.0289,47.0289,1350.61
0,23,3,1361.18,torque,47.6595,47.6595,1361.18
0,23,3,1361.18,vibration,0.2358,0.2358,1361.18
0,23,3,1361.18,temperature,69.004,69.004,1361.18
0,23,3,1361.18,pressure,29.234,29.234,1361.18
0,23,3,1361.18,humidity,47.4991,47.4991,1361.18
0,24,2,1363.99,torque,51.2398,51.2398,1363.99
0,24,2,1363.99,vibration,0.1222,0.1222,1363.99
0,24,2,1363.99,temperature,73.3479,73.3479,1363.99
0,24,2,1363.99,pressure,32.8398,32.8398,1363.99
0,24,2,1363.99,humidity,43.3163,43.3163,1363.99
0,25,1,1363.99,torque,50.2828,50.2828,1363.99
0,25,1,1363.99,vibration,0.2122,0.2122,1363.99
0,25,1,1363.99,temperature,69.0865,69.0865,1363.99
0,25,1,1363.99,pressure,30.5048,30.5048,1363.99
0,25,1,1363.99,humidity,47.2511,47.2511,1363.99
0,12,10,1364.75,torque,49.6313,49.6313,1364.75
0,12,10,1364.75,vibration,0.1536,0.1536,1364.75
0,12,10,1364.75,temperature,70.8308,70.8308,1364.75
0,12,10,1364.75,pressure,30.8959,30.8959,1364.75
0,12,10,1364.75,humidity,45.4548,45.4548,1364.75
0,13,9,1364.75,torque,49.58,,1364.75
0,13,9,1364.75,vibration,0.2245,,1364.75
0,13,9,1364.75,temperature,68.5332,,1364.75
0,13,9,1364.75,pressure,34.9786,,1364.75
0,13,9,1364.75,humidity,43.8205,,1364.75
0,16,6,1394.35,torque,52.1373,52.1373,1394.35
0,16,6,1394.35,vibration,0.1464,0.1464,1394.35
0,16,6,1394.35,temperature,69.4304,69.4304,1394.35
0,16,6,1394.35,pressure,28.043,28.043,1394.35
0,16,6,1394.35,humidity,45.2852,45.2852,1394.35
0,28,0,1400.84,torque,48.7974,48.7974,1400.84
0,28,0,1400.84,vibration,0.2198,0.2198,1400.84
0,28,0,1400.84,temperature,71.9238,71.9238,1400.84
0,28,0,1400.84,pressure,27.7063,27.7063,1400.84
0,28,0,1400.84,humidity,47.5053,47.5053,1400.84
0,21,5,1401.9,torque,48.2336,48.2336,1401.9
0,21,5,1401.9,vibration,0.206,0.206,1401.9
0,21,5,1401.9,temperature,69.6087,69.6087,1401.9
0,21,5,1401.9,pressure,32.0861,32.0861,1401.9
0,21,5,1401.9,humidity,47.0821,47.0821,1401.9
0,22,4,1401.9,torque,51.8018,,1401.9
0,22,4,1401.9,vibration,0.1658,,1401.9
0,22,4,1401.9,temperature,70.717,,1401.9
0,22,4,1401.9,pressure,30.7667,,1401.9
0,22,4,1401.9,humidity,44.3587,,1401.9
0,14,8,1407.68,torque,49.5595,49.5595,1407.68
0,14,8,1407.68,vibration,0.224,0.224,1407.68
0,14,8,1407.68,temperature,68.2066,68.2066,1407.68
0,14,8,1407.68,pressure,29.5092,29.5092,1407.68
0,14,8,1407.68,humidity,44.2639,44.2639,1407.68
0,15,7,1407.68,torque,51.7475,51.7475,1407.68
0,15,7,1407.68,vibration,0.1926,0.1926,1407.68
0,15,7,1407.68,temperature,70.9135,70.9135,1407.68
0,15,7,1407.68,pressure,30.8902,30.8902,1407.68
0,15,7,1407.68,humidity,42.1618,42.1618,1407.68
0,24,3,1422.48,torque,50.2502,50.2502,1422.48
0,24,3,1422.48,vibration,0.1202,0.1202,1422.48
0,24,3,1422.48,temperature,74.0073,74.0073,1422.48
0,24,3,1422.48,pressure,32.0968,32.0968,1422.48
0,24,3,1422.48,humidity,46.8931,46.8931,1422.48
0,25,2,1425.74,torque,51.4303,51.4303,1425.74
0,25,2,1425.74,vibration,0.2252,0.2252,1425.74
0,25,2,1425.74,temperature,70.4341,70.4341,1425.74
0,25,2,1425.74,pressure,28.9453,28.9453,1425.74
0,25,2,1425.74,humidity,44.0561,44.0561,1425.74
0,26,1,1425.74,torque,50.3086,50.3086,1425.74
0,26,1,1425.74,vibration,0.2033,0.2033,1425.74
0,26,1,1425.74,temperature,73.8015,73.8015,1425.74
0,26,1,1425.74,pressure,27.9754,27.9754,1425.74
0,26,1,1425.74,humidity,47.2545,47.2545,1425.74
0,12,11,1427.4,torque,50.0017,50.0017,1427.4
0,12,11,1427.4,vibration,0.1794,0.1794,1427.4
0,12,11,1427.4,temperature,70.4142,70.4142,1427.4
0,12,11,1427.4,pressure,30.1223,30.1223,1427.4
0,12,11,1427.4,humidity,44.1301,44.1301,1427.4
0,13,10,1427.4,torque,53.5667,53.5667,1427.4
0,13,10,1427.4,vibration,0.252,0.252,1427.4
0,13,10,1427.4,temperature,69.8606,69.8606,1427.4
0,13,10,1427.4,pressure,30.6584,30.6584,1427.4
0,13,10,1427.4,humidity,45.4387,45.4387,1427.4
0,23,4,1453.1,torque,48.1909,,1453.1
0,23,4,1453.1,vibration,0.2813,,1453.1
0,23,4,1453.1,temperature,75.8501,,1453.1
0,23,4,1453.1,pressure,33.9406,,1453.1
0,23,4,1453.1,humidity,43.9641,,1453.1
0,29,0,1453.24,torque,48.0727,48.0727,1453.24
0,29,0,1453.24,vibration,0.2037,0.2037,1453.24
0,29,0,1453.24,temperature,68.1762,68.1762,1453.24
0,29,0,1453.24,pressure,27.8821,27.8821,1453.24
0,29,0,1453.24,humidity,46.2934,46.2934,1453.24
0,14,9,1454.62,torque,49.6941,,1454.62
0,14,9,1454.62,vibration,0.2058,,1454.62
0,14,9,1454.62,temperature,69.1026,,1454.62
0,14,9,1454.62,pressure,28.5149,,1454.62
0,14,9,1454.62,humidity,40.2127,,1454.62
0,15,8,1456.33,torque,51.4886,51.4886,1456.33
0,15,8,1456.33,vibration,0.2049,0.2049,1456.33
0,15,8,1456.33,temperature,70.8794,70.8794,1456.33
0,15,8,1456.33,pressure,27.8884,27.8884,1456.33
0,15,8,1456.33,humidity,44.5425,44.5425,1456.33
0,16,7,1473.05,torque,49.9736,49.9736,1473.05
0,16,7,1473.05,vibration,0.1827,0.1827,1473.05
0,16,7,1473.05,temperature,69.9915,69.9915,1473.05
0,16,7,1473.05,pressure,32.2976,32.2976,1473.05
0,16,7,1473.05,humidity,42.9783,42.9783,1473.05
0,17,6,1473.05,torque,49.2169,49.2169,1473.05
0,17,6,1473.05,vibration,0.2063,0.2063,1473.05
0,17,6,1473.05,temperature,70.1672,70.1672,1473.05
0,17,6,1473.05,pressure,28.5929,28.5929,1473.05
0,17,6,1473.05,humidity,44.567,44.567,1473.05
0,22,5,1473.05,torque,49.4207,49.4207,1473.05
0,22,5,1473.05,vibration,0.1795,0.1795,1473.05
0,22,5,1473.05,temperature,69.211,69.211,1473.05
0,22,5,1473.05,pressure,33.1452,33.1452,1473.05
0,22,5,1473.05,humidity,47.1826,47.1826,1473.05
0,25,3,1477.64,torque,51.4907,51.4907,1477.64
0,25,3,1477.64,vibration,0.2065,0.2065,1477.64
0,25,3,1477.64,temperature,70.4846,70.4846,1477.64
0,25,3,1477.64,pressure,31.0087,31.0087,1477.64
0,25,3,1477.64,humidity,47.6138,47.6138,1477.64
0,26,2,1481.93,torque,48.1596,48.1596,1481.93
0,26,2,1481.93,vibration,0.2209,0.2209,1481.93
0,26,2,1481.93,temperature,70.8005,70.8005,1481.93
0,26,2,1481.93,pressure,29.3073,29.3073,1481.93
0,26,2,1481.93,humidity,45.0394,45.0394,1481.93
0,27,1,1481.93,torque,49.5518,49.5518,1481.93
0,27,1,1481.93,vibration,0.2188,0.2188,1481.93
0,27,1,1481.93,temperature,73.3943,73.3943,1481.93
0,27,1,1481.93,pressure,30.6693,30.6693,1481.93
0,27,1,1481.93,humidity,46.8266,46.8266,1481.93
0,13,11,1489.08,torque,50.3551,50.3551,1489.08
0,13,11,1489.08,vibration,0.2406,0.2406,1489.08
0,13,11,1489.08,temperature,68.6545,68.6545,1489.08
0,13,11,1489.08,pressure,29.2753,29.2753,1489.08
0,13,11,1489.08,humidity,43.9107,43.9107,1489.08
0,30,0,1500.0,torque,49.1817,49.1817,1500.0
0,30,0,1500.0,vibration,0.2081,0.2081,1500.0
0,30,0,1500.0,temperature,67.6443,67.6443,1500.0
0,30,0,1500.0,pressure,30.9655,30.9655,1500.0
0,30,0,1500.0,humidity,46.7054,46.7054,1500.0
0,24,4,1514.17,torque,49.7196,,1514.17
0,24,4,1514.17,vibration,0.1933,,1514.17
0,24,4,1514.17,temperature,70.2834,,1514.17
0,24,4,1514.17,pressure,27.042,,1514.17
0,24,4,1514.17,humidity,45.7884,,1514.17
0,14,10,1514.77,torque,53.3302,53.3302,1514.77
0,14,10,1514.77,vibration,0.2007,0.2007,1514.77
0,14,10,1514.77,temperature,71.8097,71.8097,1514.77
0,14,10,1514.77,pressure,26.9552,26.9552,1514.77
0,14,10,1514.77,humidity,43.5366,43.5366,1514.77
0,15,9,1514.77,torque,50.4889,,1514.77
0,15,9,1514.77,vibration,0.1851,,1514.77
0,15,9,1514.77,temperature,71.7369,,1514.77
0,15,9,1514.77,pressure,33.7467,,1514.77
0,15,9,1514.77,humidity,42.2045,,1514.77
0,16,8,1520.46,torque,51.1906,51.1906,1520.46
0,16,8,1520.46,vibration,0.1677,0.1677,1520.46
0,16,8,1520.46,temperature,70.7842,70.7842,1520.46
0,16,8,1520.46,pressure,29.2813,29.2813,1520.46
0,16,8,1520.46,humidity,44.8496,44.8496,1520.46
0,28,1,1532.48,torque,47.9634,47.9634,1532.48
0,28,1,1532.48,vibration,0.2808,0.2808,1532.48
0,28,1,1532.48,temperature,68.2354,68.2354,1532.48
0,28,1,1532.48,pressure,31.0817,31.0817,1532.48
0,28,1,1532.48,humidity,48.3334,48.3334,1532.48
0,26,3,1536.35,torque,49.5352,49.5352,1536.35
0,26,3,1536.35,vibration,0.2144,0.2144,1536.35
0,26,3,1536.35,temperature,72.2692,72.2692,1536.35
0,26,3,1536.35,pressure,30.0543,30.0543,1536.35
0,26,3,1536.35,humidity,45.3742,45.3742,1536.35
0,27,2,1536.35,torque,48.7283,48.7283,1536.35
0,27,2,1536.35,vibration,0.1553,0.1553,1536.35
0,27,2,1536.35,temperature,73.2225,73.2225,1536.35
0,27,2,1536.35,pressure,31.7779,31.7779,1536.35
0,27,2,1536.35,humidity,45.4928,45.4928,1536.35
0,17,7,1557.06,torque,50.1388,50.1388,1557.06
0,17,7,1557.06,vibration,0.1953,0.1953,1557.06
0,17,7,1557.06,temperature,69.3793,69.3793,1557.06
0,17,7,1557.06,pressure,29.1488,29.1488,1557.06
0,17,7,1557.06,humidity,41.7032,41.7032,1557.06
0,18,6,1557.06,torque,49.6312,49.6312,1557.06
0,18,6,1557.06,vibration,0.1885,0.1885,1557.06
0,18,6,1557.06,temperature,68.2207,68.2207,1557.06
0,18,6,1557.06,pressure,30.375,30.375,1557.06
0,18,6,1557.06,humidity,44.0225,44.0225,1557.06
0,23,5,1557.06,torque,49.1107,49.1107,1557.06
0,23,5,1557.06,vibration,0.1826,0.1826,1557.06
0,23,5,1557.06,temperature,67.5424,67.5424,1557.06
0,23,5,1557.06,pressure,29.3247,29.3247,1557.06
0,23,5,1557.06,humidity,46.233,46.233,1557.06
0,31,0,1559.97,torque,51.0295,51.0295,1559.97
0,31,0,1559.97,vibration,0.2217,0.2217,1559.97
0,31,0,1559.97,temperature,71.7372,71.7372,1559.97
0,31,0,1559.97,pressure,28.3818,28.3818,1559.97
0,31,0,1559.97,humidity,45.0788,45.0788,1559.97
0,29,1,1571.77,torque,50.0111,50.0111,1571.77
0,29,1,1571.77,vibration,0.21,0.21,1571.77
0,29,1,1571.77,temperature,72.4629,72.4629,1571.77
0,29,1,1571.77,pressure,29.2338,29.2338,1571.77
0,29,1,1571.77,humidity,45.425,45.425,1571.77
0,25,4,1575.22,torque,52.7923,,1575.22
0,25,4,1575.22,vibration,0.192,,1575.22
0,25,4,1575.22,temperature,69.7819,,1575.22
0,25,4,1575.22,pressure,31.8267,,1575.22
0,25,4,1575.22,humidity,45.936,,1575.22
0,16,9,1575.33,torque,48.9564,,1575.33
0,16,9,1575.33,vibration,0.2745,,1575.33
0,16,9,1575.33,temperature,68.7221,,1575.33
0,16,9,1575.33,pressure,30.297,,1575.33
0,16,9,1575.33,humidity,43.8385,,1575.33
0,14,11,1579.19,torque,49.1408,49.1408,1579.19
0,14,11,1579.19,vibration,0.1476,0.1476,1579.19
0,14,11,1579.19,temperature,67.7192,67.7192,1579.19
0,14,11,1579.19,pressure,30.6431,30.6431,1579.19
0,14,11,1579.19,humidity,42.9259,42.9259,1579.19
0,15,10,1579.19,torque,48.0458,48.0458,1579.19
0,15,10,1579.19,vibration,0.22,0.22,1579.19
0,15,10,1579.19,temperature,68.7795,68.7795,1579.19
0,15,10,1579.19,pressure,31.2744,31.2744,1579.19
0,15,10,1579.19,humidity,42.7221,42.7221,1579.19
0,27,3,1582.52,torque,51.8817,51.8817,1582.52
0,27,3,1582.52,vibration,0.2214,0.2214,1582.52
0,27,3,1582.52,temperature,69.8414,69.8414,1582.52
0,27,3,1582.52,pressure,31.2764,31.2764,1582.52
0,27,3,1582.52,humidity,45.1586,45.1586,1582.52
0,28,2,1582.52,torque,48.2114,48.2114,1582.52
0,28,2,1582.52,vibration,0.2003,0.2003,1582.52
0,28,2,1582.52,temperature,69.4197,69.4197,1582.52
0,28,2,1582.52,pressure,28.5945,28.5945,1582.52
0,28,2,1582.52,humidity,45.3291,45.3291,1582.52
0,17,8,1599.93,torque,49.4019,49.4019,1599.93
0,17,8,1599.93,vibration,0.2212,0.2212,1599.93
0,17,8,1599.93,temperature,67.3932,67.3932,1599.93
0,17,8,1599.93,pressure,27.5796,27.5796,1599.93
0,17,8,1599.93,humidity,44.4332,44.4332,1599.93
0,32,0,1611.55,torque,49.8012,49.8012,1611.55
0,32,0,1611.55,vibration,0.215,0.215,1611.55
0,32,0,1611.55,temperature,69.8266,69.8266,1611.55
0,32,0,1611.55,pressure,27.2262,27.2262,1611.55
0,32,0,1611.55,humidity,44.8052,44.8052,1611.55
0,30,1,1612.99,torque,52.1363,52.1363,1612.99
0,30,1,1612.99,vibration,0.1817,0.1817,1612.99
0,30,1,1612.99,temperature,69.1632,69.1632,1612.99
0,30,1,1612.99,pressure,29.9775,29.9775,1612.99
0,30,1,1612.99,humidity,44.1683,44.1683,1612.99
0,26,4,1622.25,torque,50.2228,,1622.25
0,26,4,1622.25,vibration,0.151,,1622.25
0,26,4,1622.25,temperature,67.0907,,1622.25
0,26,4,1622.25,pressure,30.6093,,1622.25
0,26,4,1622.25,humidity,46.4889,,1622.25
0,18,7,1624.06,torque,51.8688,51.8688,1624.06
0,18,7,1624.06,vibration,0.2617,0.2617,1624.06
0,18,7,1624.06,temperature,67.3753,67.3753,1624.06
0,18,7,1624.06,pressure,32.6637,32.6637,1624.06
0,18,7,1624.06,humidity,42.6484,42.6484,1624.06
0,19,6,1624.06,torque,49.3073,49.3073,1624.06
0,19,6,1624.06,vibration,0.1832,0.1832,1624.06
0,19,6,1624.06,temperature,69.6862,69.6862,1624.06
0,19,6,1624.06,pressure,31.8159,31.8159,1624.06
0,19,6,1624.06,humidity,44.4112,44.4112,1624.06
0,24,5,1624.06,torque,50.3907,50.3907,1624.06
0,24,5,1624.06,vibration,0.2131,0.2131,1624.06
0,24,5,1624.06,temperature,65.2351,65.2351,1624.06
0,24,5,1624.06,pressure,30.3108,30.3108,1624.06
0,24,5,1624.06,humidity,45.0561,45.0561,1624.06
0,16,10,1630.09,torque,48.319,48.319,1630.09
0,16,10,1630.09,vibration,0.1824,0.1824,1630.09
0,16,10,1630.09,temperature,69.3512,69.3512,1630.09
0,16,10,1630.09,pressure,30.7253,30.7253,1630.09
0,16,10,1630.09,humidity,44.5287,44.5287,1630.09
0,15,11,1635.66,torque,52.1641,52.1641,1635.66
0,15,11,1635.66,vibration,0.2274,0.2274,1635.66
0,15,11,1635.66,temperature,72.3148,72.3148,1635.66
0,15,11,1635.66,pressure,32.7403,32.7403,1635.66
0,15,11,1635.66,humidity,43.1901,43.1901,1635.66
0,28,3,1639.0,torque,50.1341,50.1341,1639.0
0,28,3,1639.0,vibration,0.2093,0.2093,1639.0
0,28,3,1639.0,temperature,67.3952,67.3952,1639.0
0,28,3,1639.0,pressure,32.1168,32.1168,1639.0
0,28,3,1639.0,humidity,43.1704,43.1704,1639.0
0,29,2,1639.0,torque,51.5931,51.5931,1639.0
0,29,2,1639.0,vibration,0.1705,0.1705,1639.0
0,29,2,1639.0,temperature,68.6317,68.6317,1639.0
0,29,2,1639.0,pressure,31.4091,31.4091,1639.0
0,29,2,1639.0,humidity,46.0747,46.0747,1639.0
0,31,1,1651.15,torque,51.3905,51.3905,1651.15
0,31,1,1651.15,vibration,0.1819,0.1819,1651.15
0,31,1,1651.15,temperature,69.959,69.959,1651.15
0,31,1,1651.15,pressure,28.1321,28.1321,1651.15
0,31,1,1651.15,humidity,44.6874,44.6874,1651.15
0,17,9,1654.07,torque,50.7846,,1654.07
0,17,9,1654.07,vibration,0.2021,,1654.07
0,17,9,1654.07,temperature,70.4187,,1654.07
0,17,9,1654.07,pressure,29.1926,,1654.07
0,17,9,1654.07,humidity,42.8533,,1654.07
0,33,0,1663.42,torque,50.3831,50.3831,1663.42
0,33,0,1663.42,vibration,0.1827,0.1827,1663.42
0,33,0,1663.42,temperature,70.465,70.465,1663.42
0,33,0,1663.42,pressure,27.3327,27.3327,1663.42
0,33,0,1663.42,humidity,44.8812,44.8812,1663.42
0,18,8,1669.99,torque,50.3317,50.3317,1669.99
0,18,8,1669.99,vibration,0.1818,0.1818,1669.99
0,18,8,1669.99,temperature,68.8485,68.8485,1669.99
0,18,8,1669.99,pressure,31.2883,31.2883,1669.99
0,18,8,1669.99,humidity,44.0181,44.0181,1669.99
0,27,4,1674.17,torque,48.9782,,1674.17
0,27,4,1674.17,vibration,0.2051,,1674.17
0,27,4,1674.17,temperature,73.1851,,1674.17
0,27,4,1674.17,pressure,32.0039,,1674.17
0,27,4,1674.17,humidity,44.6512,,1674.17
0,17,10,1687.74,torque,50.2193,50.2193,1687.74
0,17,10,1687.74,vibration,0.2021,0.2021,1687.74
0,17,10,1687.74,temperature,70.3673,70.3673,1687.74
0,17,10,1687.74,pressure,30.2901,30.2901,1687.74
0,17,10,1687.74,humidity,44.636,44.636,1687.74
0,16,11,1692.05,torque,48.4322,48.4322,1692.05
0,16,11,1692.05,vibration,0.2008,0.2008,1692.05
0,16,11,1692.05,temperature,70.2417,70.2417,1692.05
0,16,11,1692.05,pressure,29.5578,29.5578,1692.05
0,16,11,1692.05,humidity,43.7577,43.7577,1692.05
0,29,3,1692.62,torque,53.1004,53.1004,1692.62
0,29,3,1692.62,vibration,0.2557,0.2557,1692.62
0,29,3,1692.62,temperature,68.5566,68.5566,1692.62
0,29,3,1692.62,pressure,27.3979,27.3979,1692.62
0,29,3,1692.62,humidity,45.0985,45.0985,1692.62
0,30,2,1692.62,torque,52.3277,52.3277,1692.62
0,30,2,1692.62,vibration,0.2073,0.2073,1692.62
0,30,2,1692.62,temperature,68.8589,68.8589,1692.62
0,30,2,1692.62,pressure,28.1816,28.1816,1692.62
0,30,2,1692.62,humidity,45.9702,45.9702,1692.62
0,28,4,1699.61,torque,49.3738,,1699.61
0,28,4,1699.61,vibration,0.1599,,1699.61
0,28,4,1699.61,temperature,73.2325,,1699.61
0,28,4,1699.61,pressure,27.368,,1699.61
0,28,4,1699.61,humidity,46.529,,1699.61
0,19,7,1699.75,torque,47.8068,47.8068,1699.75
0,19,7,1699.75,vibration,0.2009,0.2009,1699.75
0,19,7,1699.75,temperature,67.3307,67.3307,1699.75
0,19,7,1699.75,pressure,30.6706,30.6706,1699.75
0,19,7,1699.75,humidity,42.6308,42.6308,1699.75
0,20,6,1699.75,torque,48.8232,48.8232,1699.75
0,20,6,1699.75,vibration,0.2985,0.2985,1699.75
0,20,6,1699.75,temperature,68.8496,68.8496,1699.75
0,20,6,1699.75,pressure,26.5664,26.5664,1699.75
0,20,6,1699.75,humidity,43.803,43.803,1699.75
0,25,5,1699.75,torque,50.2493,50.2493,1699.75
0,25,5,1699.75,vibration,0.1843,0.1843,1699.75
0,25,5,1699.75,temperature,72.7725,72.7725,1699.75
0,25,5,1699.75,pressure,32.3802,32.3802,1699.75
0,25,5,1699.75,humidity,45.9324,45.9324,1699.75
0,32,1,1712.13,torque,50.3452,50.3452,1712.13
0,32,1,1712.13,vibration,0.2204,0.2204,1712.13
0,32,1,1712.13,temperature,69.386,69.386,1712.13
0,32,1,1712.13,pressure,31.397,31.397,1712.13
0,32,1,1712.13,humidity,44.6942,44.6942,1712.13
0,34,0,1716.95,torque,46.9715,46.9715,1716.95
0,34,0,1716.95,vibration,0.1843,0.1843,1716.95
0,34,0,1716.95,temperature,69.6392,69.6392,1716.95
0,34,0,1716.95,pressure,33.315,33.315,1716.95
0,34,0,1716.95,humidity,45.3102,45.3102,1716.95
0,18,9,1721.13,torque,49.1271,,1721.13
0,18,9,1721.13,vibration,0.1983,,1721.13
0,18,9,1721.13,temperature,72.187,,1721.13
0,18,9,1721.13,pressure,27.443,,1721.13
0,18,9,1721.13,humidity,41.7971,,1721.13
0,17,11,1733.84,torque,48.6758,48.6758,1733.84
0,17,11,1733.84,vibration,0.2109,0.2109,1733.84
0,17,11,1733.84,temperature,70.9581,70.9581,1733.84
0,17,11,1733.84,pressure,29.9776,29.9776,1733.84
0,17,11,1733.84,humidity,43.2587,43.2587,1733.84
0,29,4,1739.19,torque,51.742,,1739.19
0,29,4,1739.19,vibration,0.2583,,1739.19
0,29,4,1739.19,temperature,71.6876,,1739.19
0,29,4,1739.19,pressure,29.9692,,1739.19
0,29,4,1739.19,humidity,45.1859,,1739.19
0,30,3,1747.18,torque,51.0508,51.0508,1747.18
0,30,3,1747.18,vibration,0.2287,0.2287,1747.18
0,30,3,1747.18,temperature,70.48,70.48,1747.18
0,30,3,1747.18,pressure,29.8798,29.8798,1747.18
0,30,3,1747.18,humidity,43.2373,43.2373,1747.18
0,31,2,1747.18,torque,50.7615,50.7615,1747.18
0,31,2,1747.18,vibration,0.1716,0.1716,1747.18
0,31,2,1747.18,temperature,71.6105,71.6105,1747.18
0,31,2,1747.18,pressure,27.8445,27.8445,1747.18
0,31,2,1747.18,humidity,46.987,46.987,1747.18
0,33,1,1753.33,torque,49.5437,49.5437,1753.33
0,33,1,1753.33,vibration,0.1914,0.1914,1753.33
0,33,1,1753.33,temperature,68.9898,68.9898,1753.33
0,33,1,1753.33,pressure,30.3233,30.3233,1753.33
0,33,1,1753.33,humidity,46.2205,46.2205,1753.33
0,19,8,1756.97,torque,53.7714,53.7714,1756.97
0,19,8,1756.97,vibration,0.1878,0.1878,1756.97
0,19,8,1756.97,temperature,70.2064,70.2064,1756.97
0,19,8,1756.97,pressure,28.9777,28.9777,1756.97
0,19,8,1756.97,humidity,43.2772,43.2772,1756.97
0,35,0,1763.9,torque,50.9306,50.9306,1763.9
0,35,0,1763.9,vibration,0.142,0.142,1763.9
0,35,0,1763.9,temperature,71.973,71.973,1763.9
0,35,0,1763.9,pressure,29.2014,29.2014,1763.9
0,35,0,1763.9,humidity,46.1944,46.1944,1763.9
0,20,7,1765.99,torque,48.946,48.946,1765.99
0,20,7,1765.99,vibration,0.2069,0.2069,1765.99
0,20,7,1765.99,temperature,69.2983,69.2983,1765.99
0,20,7,1765.99,pressure,30.3778,30.3778,1765.99
0,20,7,1765.99,humidity,43.737,43.737,1765.99
0,21,6,1765.99,torque,48.6747,48.6747,1765.99
0,21,6,1765.99,vibration,0.2027,0.2027,1765.99
0,21,6,1765.99,temperature,70.0807,70.0807,1765.99
0,21,6,1765.99,pressure,27.6839,27.6839,1765.99
0,21,6,1765.99,humidity,42.6685,42.6685,1765.99
0,26,5,1765.99,torque,49.6856,49.6856,1765.99
0,26,5,1765.99,vibration,0.1964,0.1964,1765.99
0,26,5,1765.99,temperature,69.6517,69.6517,1765.99
0,26,5,1765.99,pressure,29.6518,29.6518,1765.99
0,26,5,1765.99,humidity,46.4549,46.4549,1765.99
0,18,10,1774.8,torque,50.2166,50.2166,1774.8
0,18,10,1774.8,vibration,0.2017,0.2017,1774.8
0,18,10,1774.8,temperature,72.2431,72.2431,1774.8
0,18,10,1774.8,pressure,31.9893,31.9893,1774.8
0,18,10,1774.8,humidity,44.3813,44.3813,1774.8
0,32,2,1789.09,torque,54.7809,54.7809,1789.09
0,32,2,1789.09,vibration,0.1811,0.1811,1789.09
0,32,2,1789.09,temperature,69.6256,69.6256,1789.09
0,32,2,1789.09,pressure,33.6739,33.6739,1789.09
0,32,2,1789.09,humidity,47.2314,47.2314,1789.09
0,30,4,1793.57,torque,50.3928,,1793.57
0,30,4,1793.57,vibration,0.1916,,1793.57
0,30,4,1793.57,temperature,71.2722,,1793.57
0,30,4,1793.57,pressure,27.7494,,1793.57
0,30,4,1793.57,humidity,44.1966,,1793.57
0,31,3,1793.57,torque,51.2355,51.2355,1793.57
0,31,3,1793.57,vibration,0.1939,0.1939,1793.57
0,31,3,1793.57,temperature,67.7961,67.7961,1793.57
0,31,3,1793.57,pressure,28.0926,28.0926,1793.57
0,31,3,1793.57,humidity,45.2261,45.2261,1793.57
0,36,0,1802.9,torque,53.4564,53.4564,1802.9
0,36,0,1802.9,vibration,0.1887,0.1887,1802.9
0,36,0,1802.9,temperature,67.4804,67.4804,1802.9
0,36,0,1802.9,pressure,32.0019,32.0019,1802.9
0,36,0,1802.9,humidity,47.5396,47.5396,1802.9
0,34,1,1804.16,torque,52.2562,52.2562,1804.16
0,34,1,1804.16,vibration,0.1514,0.1514,1804.16
0,34,1,1804.16,temperature,72.2969,72.2969,1804.16
0,34,1,1804.16,pressure,31.839,31.839,1804.16
0,34,1,1804.16,humidity,46.2594,46.2594,1804.16
0,19,9,1811.48,torque,49.2363,,1811.48
0,19,9,1811.48,vibration,0.2186,,1811.48
0,19,9,1811.48,temperature,71.4912,,1811.48
0,19,9,1811.48,pressure,28.9102,,1811.48
0,19,9,1811.48,humidity,42.9347,,1811.48
0,20,8,1811.48,torque,49.05,49.05,1811.48
0,20,8,1811.48,vibration,0.203,0.203,1811.48
0,20,8,1811.48,temperature,71.9744,71.9744,1811.48
0,20,8,1811.48,pressure,29.7596,29.7596,1811.48
0,20,8,1811.48,humidity,42.8917,42.8917,1811.48
0,18,11,1827.34,torque,49.4023,49.4023,1827.34
0,18,11,1827.34,vibration,0.2675,0.2675,1827.34
0,18,11,1827.34,temperature,71.5971,71.5971,1827.34
0,18,11,1827.34,pressure,33.3306,33.3306,1827.34
0,18,11,1827.34,humidity,42.9693,42.9693,1827.34
0,33,2,1828.04,torque,50.2111,50.2111,1828.04
0,33,2,1828.04,vibration,0.145,0.145,1828.04
0,33,2,1828.04,temperature,70.5457,70.5457,1828.04
0,33,2,1828.04,pressure,29.4533,29.4533,1828.04
0,33,2,1828.04,humidity,47.3848,47.3848,1828.04
0,31,4,1841.01,torque,49.6984,,1841.01
0,31,4,1841.01,vibration,0.1775,,1841.01
0,31,4,1841.01,temperature,70.2184,,1841.01
0,31,4,1841.01,pressure,28.3396,,1841.01
0,31,4,1841.01,humidity,44.5234,,1841.01
0,32,3,1841.01,torque,52.5963,52.5963,1841.01
0,32,3,1841.01,vibration,0.1887,0.1887,1841.01
0,32,3,1841.01,temperature,68.1786,68.1786,1841.01
0,32,3,1841.01,pressure,26.6542,26.6542,1841.01
0,32,3,1841.01,humidity,43.1451,43.1451,1841.01
0,21,7,1841.98,torque,47.3815,47.3815,1841.98
0,21,7,1841.98,vibration,0.2539,0.2539,1841.98
0,21,7,1841.98,temperature,68.1695,68.1695,1841.98
0,21,7,1841.98,pressure,29.345,29.345,1841.98
0,21,7,1841.98,humidity,43.1012,43.1012,1841.98
0,22,6,1841.98,torque,49.0033,49.0033,1841.98
0,22,6,1841.98,vibration,0.2123,0.2123,1841.98
0,22,6,1841.98,temperature,69.5502,69.5502,1841.98
0,22,6,1841.98,pressure,31.422,31.422,1841.98
0,22,6,1841.98,humidity,42.6614,42.6614,1841.98
0,27,5,1841.98,torque,49.4796,49.4796,1841.98
0,27,5,1841.98,vibration,0.1839,0.1839,1841.98
0,27,5,1841.98,temperature,70.4215,70.4215,1841.98
0,27,5,1841.98,pressure,31.0888,31.0888,1841.98
0,27,5,1841.98,humidity,46.9851,46.9851,1841.98
0,37,0,1850.84,torque,48.7726,48.7726,1850.84
0,37,0,1850.84,vibration,0.181,0.181,1850.84
0,37,0,1850.84,temperature,68.8919,68.8919,1850.84
0,37,0,1850.84,pressure,30.4103,30.4103,1850.84
0,37,0,1850.84,humidity,46.2892,46.2892,1850.84
0,35,1,1855.45,torque,48.994,48.994,1855.45
0,35,1,1855.45,vibration,0.1689,0.1689,1855.45
0,35,1,1855.45,temperature,73.0085,73.0085,1855.45
0,35,1,1855.45,pressure,28.9115,28.9115,1855.45
0,35,1,1855.45,humidity,46.6169,46.6169,1855.45
0,19,10,1866.13,torque,48.4355,48.4355,1866.13
0,19,10,1866.13,vibration,0.1381,0.1381,1866.13
0,19,10,1866.13,temperature,67.8329,67.8329,1866.13
0,19,10,1866.13,pressure,34.1674,34.1674,1866.13
0,19,10,1866.13,humidity,44.0448,44.0448,1866.13
0,20,9,1876.86,torque,52.5648,,1876.86
0,20,9,1876.86,vibration,0.1992,,1876.86
0,20,9,1876.86,temperature,70.0754,,1876.86
0,20,9,1876.86,pressure,27.0797,,1876.86
0,20,9,1876.86,humidity,43.9869,,1876.86
0,21,8,1887.85,torque,49.3704,49.3704,1887.85
0,21,8,1887.85,vibration,0.1955,0.1955,1887.85
0,21,8,1887.85,temperature,67.607,67.607,1887.85
0,21,8,1887.85,pressure,28.3408,28.3408,1887.85
0,21,8,1887.85,humidity,43.4051,43.4051,1887.85
0,34,2,1888.08,torque,47.8836,47.8836,1888.08
0,34,2,1888.08,vibration,0.169,0.169,1888.08
0,34,2,1888.08,temperature,72.467,72.467,1888.08
0,34,2,1888.08,pressure,29.2201,29.2201,1888.08
0,34,2,1888.08,humidity,45.3524,45.3524,1888.08
0,33,3,1888.91,torque,46.8854,46.8854,1888.91
0,33,3,1888.91,vibration,0.2147,0.2147,1888.91
0,33,3,1888.91,temperature,69.8163,69.8163,1888.91
0,33,3,1888.91,pressure,28.218,28.218,1888.91
0,33,3,1888.91,humidity,43.6623,43.6623,1888.91
0,32,4,1891.05,torque,49.2561,,1891.05
0,32,4,1891.05,vibration,0.2158,,1891.05
0,32,4,1891.05,temperature,69.7645,,1891.05
0,32,4,1891.05,pressure,30.4884,,1891.05
0,32,4,1891.05,humidity,44.821,,1891.05
0,38,0,1899.96,torque,48.0062,48.0062,1899.96
0,38,0,1899.96,vibration,0.2181,0.2181,1899.96
0,38,0,1899.96,temperature,68.9888,68.9888,1899.96
0,38,0,1899.96,pressure,27.7783,27.7783,1899.96
0,38,0,1899.96,humidity,46.6014,46.6014,1899.96
0,36,1,1901.0,torque,49.3512,49.3512,1901.0
0,36,1,1901.0,vibration,0.226,0.226,1901.0
0,36,1,1901.0,temperature,65.2857,65.2857,1901.0
0,36,1,1901.0,pressure,28.6992,28.6992,1901.0
0,36,1,1901.0,humidity,45.0394,45.0394,1901.0
0,22,7,1912.69,torque,51.5376,51.5376,1912.69
0,22,7,1912.69,vibration,0.2085,0.2085,1912.69
0,22,7,1912.69,temperature,67.7558,67.7558,1912.69
0,22,7,1912.69,pressure,28.5823,28.5823,1912.69
0,22,7,1912.69,humidity,43.3936,43.3936,1912.69
0,23,6,1912.69,torque,50.2236,50.2236,1912.69
0,23,6,1912.69,vibration,0.2023,0.2023,1912.69
0,23,6,1912.69,temperature,67.8559,67.8559,1912.69
0,23,6,1912.69,pressure,28.8788,28.8788,1912.69
0,23,6,1912.69,humidity,40.935,40.935,1912.69
0,28,5,1912.69,torque,50.7303,50.7303,1912.69
0,28,5,1912.69,vibration,0.1856,0.1856,1912.69
0,28,5,1912.69,temperature,70.5977,70.5977,1912.69
0,28,5,1912.69,pressure,29.2051,29.2051,1912.69
0,28,5,1912.69,humidity,44.3058,44.3058,1912.69
0,19,11,1922.7,torque,49.0464,49.0464,1922.7
0,19,11,1922.7,vibration,0.2216,0.2216,1922.7
0,19,11,1922.7,temperature,70.7155,70.7155,1922.7
0,19,11,1922.7,pressure,29.8018,29.8018,1922.7
0,19,11,1922.7,humidity,43.5408,43.5408,1922.7
0,20,10,1922.7,torque,53.921,53.921,1922.7
0,20,10,1922.7,vibration,0.223,0.223,1922.7
0,20,10,1922.7,temperature,69.96,69.96,1922.7
0,20,10,1922.7,pressure,27.8838,27.8838,1922.7
0,20,10,1922.7,humidity,43.2003,43.2003,1922.7
0,35,2,1926.5,torque,52.0614,52.0614,1926.5
0,35,2,1926.5,vibration,0.1905,0.1905,1926.5
0,35,2,1926.5,temperature,70.7428,70.7428,1926.5
0,35,2,1926.5,pressure,30.7469,30.7469,1926.5
0,35,2,1926.5,humidity,45.678,45.678,1926.5
0,21,9,1936.02,torque,50.8289,,1936.02
0,21,9,1936.02,vibration,0.1964,,1936.02
0,21,9,1936.02,temperature,73.904,,1936.02
0,21,9,1936.02,pressure,30.6577,,1936.02
0,21,9,1936.02,humidity,44.9331,,1936.02
0,39,0,1949.15,torque,52.2586,52.2586,1949.15
0,39,0,1949.15,vibration,0.1785,0.1785,1949.15
0,39,0,1949.15,temperature,68.4402,68.4402,1949.15
0,39,0,1949.15,pressure,30.0236,30.0236,1949.15
0,39,0,1949.15,humidity,46.1321,46.1321,1949.15
0,33,4,1951.92,torque,50.2099,,1951.92
0,33,4,1951.92,vibration,0.1849,,1951.92
0,33,4,1951.92,temperature,67.8662,,1951.92
0,33,4,1951.92,pressure,30.5799,,1951.92
0,33,4,1951.92,humidity,45.5351,,1951.92
0,34,3,1951.92,torque,51.5135,51.5135,1951.92
0,34,3,1951.92,vibration,0.1903,0.1903,1951.92
0,34,3,1951.92,temperature,73.9294,73.9294,1951.92
0,34,3,1951.92,pressure,31.1761,31.1761,1951.92
0,34,3,1951.92,humidity,43.6814,43.6814,1951.92
0,37,1,1961.1,torque,49.6983,49.6983,1961.1
0,37,1,1961.1,vibration,0.2306,0.2306,1961.1
0,37,1,1961.1,temperature,68.2518,68.2518,1961.1
0,37,1,1961.1,pressure,31.0432,31.0432,1961.1
0,37,1,1961.1,humidity,45.8655,45.8655,1961.1
0,22,8,1963.87,torque,49.7624,49.7624,1963.87
0,22,8,1963.87,vibration,0.1679,0.1679,1963.87
0,22,8,1963.87,temperature,67.0458,67.0458,1963.87
0,22,8,1963.87,pressure,32.3524,32.3524,1963.87
0,22,8,1963.87,humidity,41.1245,41.1245,1963.87
0,20,11,1967.96,torque,50.4864,50.4864,1967.96
0,20,11,1967.96,vibration,0.1804,0.1804,1967.96
0,20,11,1967.96,temperature,65.8842,65.8842,1967.96
0,20,11,1967.96,pressure,31.1033,31.1033,1967.96
0,20,11,1967.96,humidity,43.2054,43.2054,1967.96
0,36,2,1973.01,torque,48.3663,48.3663,1973.01
0,36,2,1973.01,vibration,0.1756,0.1756,1973.01
0,36,2,1973.01,temperature,67.4979,67.4979,1973.01
0,36,2,1973.01,pressure,30.1186,30.1186,1973.01
0,36,2,1973.01,humidity,45.571,45.571,1973.01
0,35,3,1992.43,torque,52.3478,52.3478,1992.43
0,35,3,1992.43,vibration,0.1788,0.1788,1992.43
0,35,3,1992.43,temperature,66.9933,66.9933,1992.43
0,35,3,1992.43,pressure,28.1386,28.1386,1992.43
0,35,3,1992.43,humidity,44.3627,44.3627,1992.43
0,21,10,2000.65,torque,47.5756,47.5756,2000.65
0,21,10,2000.65,vibration,0.1872,0.1872,2000.65
0,21,10,2000.65,temperature,70.1578,70.1578,2000.65
0,21,10,2000.65,pressure,29.9711,29.9711,2000.65
0,21,10,2000.65,humidity,44.1019,44.1019,2000.65
0,23,7,2000.73,torque,50.8475,50.8475,2000.73
0,23,7,2000.73,vibration,0.1711,0.1711,2000.73
0,23,7,2000.73,temperature,68.8106,68.8106,2000.73
0,23,7,2000.73,pressure,33.6183,33.6183,2000.73
0,23,7,2000.73,humidity,43.9989,43.9989,2000.73
0,24,6,2000.73,torque,48.2823,48.2823,2000.73
0,24,6,2000.73,vibration,0.2165,0.2165,2000.73
0,24,6,2000.73,temperature,71.5477,71.5477,2000.73
0,24,6,2000.73,pressure,26.3155,26.3155,2000.73
0,24,6,2000.73,humidity,41.3667,41.3667,2000.73
0,29,5,2000.73,torque,50.0489,50.0489,2000.73
0,29,5,2000.73,vibration,0.196,0.196,2000.73
0,29,5,2000.73,temperature,67.9407,67.9407,2000.73
0,29,5,2000.73,pressure,26.7778,26.7778,2000.73
0,29,5,2000.73,humidity,43.3961,43.3961,2000.73
0,37,2,2008.38,torque,51.0747,51.0747,2008.38
0,37,2,2008.38,vibration,0.1892,0.1892,2008.38
0,37,2,2008.38,temperature,70.9,70.9,2008.38
0,37,2,2008.38,pressure,28.2517,28.2517,2008.38
0,37,2,2008.38,humidity,47.1352,47.1352,2008.38
0,38,1,2008.38,torque,50.2095,50.2095,2008.38
0,38,1,2008.38,vibration,0.2355,0.2355,2008.38
0,38,1,2008.38,temperature,67.2492,67.2492,2008.38
0,38,1,2008.38,pressure,28.3743,28.3743,2008.38
0,38,1,2008.38,humidity,45.3237,45.3237,2008.38
0,34,4,2010.51,torque,51.4037,,2010.51
0,34,4,2010.51,vibration,0.2001,,2010.51
0,34,4,2010.51,temperature,69.5164,,2010.51
0,34,4,2010.51,pressure,31.2955,,2010.51
0,34,4,2010.51,humidity,44.7325,,2010.51
0,40,0,2015.63,torque,45.7452,45.7452,2015.63
0,40,0,2015.63,vibration,0.1642,0.1642,2015.63
0,40,0,2015.63,temperature,70.7875,70.7875,2015.63
0,40,0,2015.63,pressure,30.0104,30.0104,2015.63
0,40,0,2015.63,humidity,43.9483,43.9483,2015.63
0,22,9,2022.2,torque,52.3739,,2022.2
0,22,9,2022.2,vibration,0.1889,,2022.2
0,22,9,2022.2,temperature,69.3105,,2022.2
0,22,9,2022.2,pressure,29.3885,,2022.2
0,22,9,2022.2,humidity,46.381,,2022.2
0,23,8,2042.31,torque,49.826,49.826,2042.31
0,23,8,2042.31,vibration,0.2032,0.2032,2042.31
0,23,8,2042.31,temperature,69.2597,69.2597,2042.31
0,23,8,2042.31,pressure,28.3916,28.3916,2042.31
0,23,8,2042.31,humidity,42.1203,42.1203,2042.31
0,36,3,2046.7,torque,49.8802,49.8802,2046.7
0,36,3,2046.7,vibration,0.1838,0.1838,2046.7
0,36,3,2046.7,temperature,71.1963,71.1963,2046.7
0,36,3,2046.7,pressure,30.3087,30.3087,2046.7
0,36,3,2046.7,humidity,44.2457,44.2457,2046.7
0,21,11,2057.76,torque,52.1111,52.1111,2057.76
0,21,11,2057.76,vibration,0.1672,0.1672,2057.76
0,21,11,2057.76,temperature,63.7686,63.7686,2057.76
0,21,11,2057.76,pressure,30.074,30.074,2057.76
0,21,11,2057.76,humidity,40.8863,40.8863,2057.76
0,38,2,2061.71,torque,48.4209,48.4209,2061.71
0,38,2,2061.71,vibration,0.2016,0.2016,2061.71
0,38,2,2061.71,temperature,69.2406,69.2406,2061.71
0,38,2,2061.71,pressure,27.6949,27.6949,2061.71
0,38,2,2061.71,humidity,45.9219,45.9219,2061.71
0,39,1,2061.71,torque,47.6394,47.6394,2061.71
0,39,1,2061.71,vibration,0.2822,0.2822,2061.71
0,39,1,2061.71,temperature,70.9878,70.9878,2061.71
0,39,1,2061.71,pressure,31.7192,31.7192,2061.71
0,39,1,2061.71,humidity,45.9214,45.9214,2061.71
0,41,0,2065.78,torque,50.3555,50.3555,2065.78
0,41,0,2065.78,vibration,0.1627,0.1627,2065.78
0,41,0,2065.78,temperature,69.7307,69.7307,2065.78
0,41,0,2065.78,pressure,27.7101,27.7101,2065.78
0,41,0,2065.78,humidity,45.3112,45.3112,2065.78
0,22,10,2075.11,torque,49.9735,49.9735,2075.11
0,22,10,2075.11,vibration,0.1569,0.1569,2075.11
0,22,10,2075.11,temperature,67.6793,67.6793,2075.11
0,22,10,2075.11,pressure,29.7387,29.7387,2075.11
0,22,10,2075.11,humidity,43.5115,43.5115,2075.11
0,24,7,2090.46,torque,49.7028,49.7028,2090.46
0,24,7,2090.46,vibration,0.1541,0.1541,2090.46
0,24,7,2090.46,temperature,65.7336,65.7336,2090.46
0,24,7,2090.46,pressure,30.6858,30.6858,2090.46
0,24,7,2090.46,humidity,45.3639,45.3639,2090.46
0,25,6,2090.46,torque,49.0318,49.0318,2090.46
0,25,6,2090.46,vibration,0.152,0.152,2090.46
0,25,6,2090.46,temperature,69.1218,69.1218,2090.46
0,25,6,2090.46,pressure,29.3744,29.3744,2090.46
0,25,6,2090.46,humidity,41.306,41.306,2090.46
0,30,5,2090.46,torque,48.4115,48.4115,2090.46
0,30,5,2090.46,vibration,0.1888,0.1888,2090.46
0,30,5,2090.46,temperature,71.5064,71.5064,2090.46
0,30,5,2090.46,pressure,33.2984,33.2984,2090.46
0,30,5,2090.46,humidity,43.6933,43.6933,2090.46
0,35,4,2090.46,torque,50.1356,,2090.46
0,35,4,2090.46,vibration,0.1812,,2090.46
0,35,4,2090.46,temperature,68.0682,,2090.46
0,35,4,2090.46,pressure,25.1721,,2090.46
0,35,4,2090.46,humidity,45.9766,,2090.46
0,37,3,2090.95,torque,51.7519,51.7519,2090.95
0,37,3,2090.95,vibration,0.2286,0.2286,2090.95
0,37,3,2090.95,temperature,71.5802,71.5802,2090.95
0,37,3,2090.95,pressure,31.7878,31.7878,2090.95
0,37,3,2090.95,humidity,45.8404,45.8404,2090.95
0,23,9,2106.83,torque,49.5222,,2106.83
0,23,9,2106.83,vibration,0.1873,,2106.83
0,23,9,2106.83,temperature,70.9228,,2106.83
0,23,9,2106.83,pressure,30.1193,,2106.83
0,23,9,2106.83,humidity,48.5961,,2106.83
0,39,2,2109.73,torque,51.0145,51.0145,2109.73
0,39,2,2109.73,vibration,0.2347,0.2347,2109.73
0,39,2,2109.73,temperature,70.8701,70.8701,2109.73
0,39,2,2109.73,pressure,28.9307,28.9307,2109.73
0,39,2,2109.73,humidity,45.748,45.748,2109.73
0,40,1,2109.73,torque,46.4825,46.4825,2109.73
0,40,1,2109.73,vibration,0.2318,0.2318,2109.73
0,40,1,2109.73,temperature,69.3924,69.3924,2109.73
0,40,1,2109.73,pressure,29.689,29.689,2109.73
0,40,1,2109.73,humidity,44.5156,44.5156,2109.73
0,42,0,2115.84,torque,50.6483,50.6483,2115.84
0,42,0,2115.84,vibration,0.1452,0.1452,2115.84
0,42,0,2115.84,temperature,68.6723,68.6723,2115.84
0,42,0,2115.84,pressure,29.9453,29.9453,2115.84
0,42,0,2115.84,humidity,45.5357,45.5357,2115.84
0,22,11,2124.96,torque,50.1796,50.1796,2124.96
0,22,11,2124.96,vibration,0.1997,0.1997,2124.96
0,22,11,2124.96,temperature,64.7232,64.7232,2124.96
0,22,11,2124.96,pressure,28.6335,28.6335,2124.96
0,22,11,2124.96,humidity,39.6072,39.6072,2124.96
0,38,3,2131.94,torque,50.7708,50.7708,2131.94
0,38,3,2131.94,vibration,0.2452,0.2452,2131.94
0,38,3,2131.94,temperature,72.8839,72.8839,2131.94
0,38,3,2131.94,pressure,32.4094,32.4094,2131.94
0,38,3,2131.94,humidity,46.5218,46.5218,2131.94
0,24,8,2143.4,torque,48.9791,48.9791,2143.4
0,24,8,2143.4,vibration,0.2117,0.2117,2143.4
0,24,8,2143.4,temperature,69.7419,69.7419,2143.4
0,24,8,2143.4,pressure,31.8072,31.8072,2143.4
0,24,8,2143.4,humidity,41.3055,41.3055,2143.4
0,23,10,2166.13,torque,51.2635,51.2635,2166.13
0,23,10,2166.13,vibration,0.1928,0.1928,2166.13
0,23,10,2166.13,temperature,68.7039,68.7039,2166.13
0,23,10,2166.13,pressure,28.8359,28.8359,2166.13
0,23,10,2166.13,humidity,44.427,44.427,2166.13
0,25,7,2166.85,torque,49.9227,49.9227,2166.85
0,25,7,2166.85,vibration,0.2351,0.2351,2166.85
0,25,7,2166.85,temperature,70.3504,70.3504,2166.85
0,25,7,2166.85,pressure,29.4341,29.4341,2166.85
0,25,7,2166.85,humidity,44.7284,44.7284,2166.85
0,26,6,2166.85,torque,50.0628,50.0628,2166.85
0,26,6,2166.85,vibration,0.1976,0.1976,2166.85
0,26,6,2166.85,temperature,68.6343,68.6343,2166.85
0,26,6,2166.85,pressure,29.5582,29.5582,2166.85
0,26,6,2166.85,humidity,40.9991,40.9991,2166.85
0,31,5,2166.85,torque,49.1254,49.1254,2166.85
0,31,5,2166.85,vibration,0.2147,0.2147,2166.85
0,31,5,2166.85,temperature,69.3015,69.3015,2166.85
0,31,5,2166.85,pressure,28.0096,28.0096,2166.85
0,31,5,2166.85,humidity,42.742,42.742,2166.85
0,36,4,2166.85,torque,52.1455,,2166.85
0,36,4,2166.85,vibration,0.1864,,2166.85
0,36,4,2166.85,temperature,70.9347,,2166.85
0,36,4,2166.85,pressure,27.6458,,2166.85
0,36,4,2166.85,humidity,45.8826,,2166.85
0,43,0,2168.93,torque,48.8125,48.8125,2168.93
0,43,0,2168.93,vibration,0.2197,0.2197,2168.93
0,43,0,2168.93,temperature,70.2456,70.2456,2168.93
0,43,0,2168.93,pressure,29.236,29.236,2168.93
0,43,0,2168.93,humidity,47.1502,47.1502,2168.93
0,40,2,2172.43,torque,50.9468,50.9468,2172.43
0,40,2,2172.43,vibration,0.2283,0.2283,2172.43
0,40,2,2172.43,temperature,71.7235,71.7235,2172.43
0,40,2,2172.43,pressure,29.4405,29.4405,2172.43
0,40,2,2172.43,humidity,46.7756,46.7756,2172.43
0,41,1,2172.43,torque,52.2925,52.2925,2172.43
0,41,1,2172.43,vibration,0.1535,0.1535,2172.43
0,41,1,2172.43,temperature,67.8829,67.8829,2172.43
0,41,1,2172.43,pressure,31.2448,31.2448,2172.43
0,41,1,2172.43,humidity,44.3535,44.3535,2172.43
0,39,3,2174.3,torque,46.5045,46.5045,2174.3
0,39,3,2174.3,vibration,0.1572,0.1572,2174.3
0,39,3,2174.3,temperature,70.2055,70.2055,2174.3
0,39,3,2174.3,pressure,31.1705,31.1705,2174.3
0,39,3,2174.3,humidity,44.4479,44.4479,2174.3
0,24,9,2177.86,torque,50.825,,2177.86
0,24,9,2177.86,vibration,0.1765,,2177.86
0,24,9,2177.86,temperature,65.4051,,2177.86
0,24,9,2177.86,pressure,33.5869,,2177.86
0,24,9,2177.86,humidity,48.8853,,2177.86
0,23,11,2215.3,torque,50.3891,50.3891,2215.3
0,23,11,2215.3,vibration,0.134,0.134,2215.3
0,23,11,2215.3,temperature,72.4547,72.4547,2215.3
0,23,11,2215.3,pressure,28.0771,28.0771,2215.3
0,23,11,2215.3,humidity,41.7811,41.7811,2215.3
0,44,0,2216.27,torque,50.995,50.995,2216.27
0,44,0,2216.27,vibration,0.2236,0.2236,2216.27
0,44,0,2216.27,temperature,65.9999,65.9999,2216.27
0,44,0,2216.27,pressure,29.0546,29.0546,2216.27
0,44,0,2216.27,humidity,47.158,47.158,2216.27
0,25,8,2218.61,torque,50.1837,50.1837,2218.61
0,25,8,2218.61,vibration,0.155,0.155,2218.61
0,25,8,2218.61,temperature,69.4352,69.4352,2218.61
0,25,8,2218.61,pressure,32.4289,32.4289,2218.61
0,25,8,2218.61,humidity,41.0395,41.0395,2218.61
0,42,1,2228.01,torque,50.9017,50.9017,2228.01
0,42,1,2228.01,vibration,0.2584,0.2584,2228.01
0,42,1,2228.01,temperature,69.8253,69.8253,2228.01
0,42,1,2228.01,pressure,29.9886,29.9886,2228.01
0,42,1,2228.01,humidity,43.5541,43.5541,2228.01
0,40,3,2228.54,torque,49.9311,49.9311,2228.54
0,40,3,2228.54,vibration,0.1908,0.1908,2228.54
0,40,3,2228.54,temperature,71.3836,71.3836,2228.54
0,40,3,2228.54,pressure,28.462,28.462,2228.54
0,40,3,2228.54,humidity,44.4007,44.4007,2228.54
0,41,2,2228.54,torque,50.7386,50.7386,2228.54
0,41,2,2228.54,vibration,0.2086,0.2086,2228.54
0,41,2,2228.54,temperature,67.6475,67.6475,2228.54
0,41,2,2228.54,pressure,30.6043,30.6043,2228.54
0,41,2,2228.54,humidity,45.5463,45.5463,2228.54
0,26,7,2235.26,torque,46.4994,46.4994,2235.26
0,26,7,2235.26,vibration,0.2058,0.2058,2235.26
0,26,7,2235.26,temperature,69.6251,69.6251,2235.26
0,26,7,2235.26,pressure,30.1371,30.1371,2235.26
0,26,7,2235.26,humidity,45.2809,45.2809,2235.26
0,27,6,2235.26,torque,50.7923,50.7923,2235.26
0,27,6,2235.26,vibration,0.1915,0.1915,2235.26
0,27,6,2235.26,temperature,71.1149,71.1149,2235.26
0,27,6,2235.26,pressure,31.0049,31.0049,2235.26
0,27,6,2235.26,humidity,42.8666,42.8666,2235.26
0,32,5,2235.26,torque,51.9707,51.9707,2235.26
0,32,5,2235.26,vibration,0.2404,0.2404,2235.26
0,32,5,2235.26,temperature,65.808,65.808,2235.26
0,32,5,2235.26,pressure,27.5402,27.5402,2235.26
0,32,5,2235.26,humidity,40.6837,40.6837,2235.26
0,37,4,2235.26,torque,48.3322,,2235.26
0,37,4,2235.26,vibration,0.2017,,2235.26
0,37,4,2235.26,temperature,67.8891,,2235.26
0,37,4,2235.26,pressure,29.8898,,2235.26
0,37,4,2235.26,humidity,44.8704,,2235.26
0,24,10,2240.12,torque,49.6468,49.6468,2240.12
0,24,10,2240.12,vibration,0.2122,0.2122,2240.12
0,24,10,2240.12,temperature,68.5486,68.5486,2240.12
0,24,10,2240.12,pressure,27.2794,27.2794,2240.12
0,24,10,2240.12,humidity,45.3086,45.3086,2240.12
0,45,0,2267.96,torque,50.2631,50.2631,2267.96
0,45,0,2267.96,vibration,0.2066,0.2066,2267.96
0,45,0,2267.96,temperature,68.9716,68.9716,2267.96
0,45,0,2267.96,pressure,31.6825,31.6825,2267.96
0,45,0,2267.96,humidity,47.2504,47.2504,2267.96
0,25,9,2269.27,torque,50.134,,2269.27
0,25,9,2269.27,vibration,0.1937,,2269.27
0,25,9,2269.27,temperature,70.469,,2269.27
0,25,9,2269.27,pressure,27.4944,,2269.27
0,25,9,2269.27,humidity,47.3639,,2269.27
0,41,3,2277.54,torque,51.6454,51.6454,2277.54
0,41,3,2277.54,vibration,0.1704,0.1704,2277.54
0,41,3,2277.54,temperature,67.7222,67.7222,2277.54
0,41,3,2277.54,pressure,30.0412,30.0412,2277.54
0,41,3,2277.54,humidity,45.256,45.256,2277.54
0,42,2,2281.21,torque,50.6608,50.6608,2281.21
0,42,2,2281.21,vibration,0.1826,0.1826,2281.21
0,42,2,2281.21,temperature,68.9335,68.9335,2281.21
0,42,2,2281.21,pressure,28.5205,28.5205,2281.21
0,42,2,2281.21,humidity,46.1426,46.1426,2281.21
0,43,1,2281.21,torque,47.9609,47.9609,2281.21
0,43,1,2281.21,vibration,0.2093,0.2093,2281.21
0,43,1,2281.21,temperature,71.0451,71.0451,2281.21
0,43,1,2281.21,pressure,26.4185,26.4185,2281.21
0,43,1,2281.21,humidity,45.3334,45.3334,2281.21
0,26,8,2286.03,torque,50.0565,50.0565,2286.03
0,26,8,2286.03,vibration,0.2158,0.2158,2286.03
0,26,8,2286.03,temperature,68.0399,68.0399,2286.03
0,26,8,2286.03,pressure,29.3835,29.3835,2286.03
0,26,8,2286.03,humidity,42.8127,42.8127,2286.03
0,24,11,2297.47,torque,50.2353,50.2353,2297.47
0,24,11,2297.47,vibration,0.2282,0.2282,2297.47
0,24,11,2297.47,temperature,70.4661,70.4661,2297.47
0,24,11,2297.47,pressure,30.6113,30.6113,2297.47
0,24,11,2297.47,humidity,39.3215,39.3215,2297.47
0,27,7,2314.85,torque,49.5931,49.5931,2314.85
0,27,7,2314.85,vibration,0.2193,0.2193,2314.85
0,27,7,2314.85,temperature,71.5253,71.5253,2314.85
0,27,7,2314.85,pressure,30.8193,30.8193,2314.85
0,27,7,2314.85,humidity,44.125,44.125,2314.85
0,28,6,2314.85,torque,48.5193,48.5193,2314.85
0,28,6,2314.85,vibration,0.201,0.201,2314.85
0,28,6,2314.85,temperature,66.8502,66.8502,2314.85
0,28,6,2314.85,pressure,25.2879,25.2879,2314.85
0,28,6,2314.85,humidity,41.5403,41.5403,2314.85
0,33,5,2314.85,torque,51.3908,51.3908,2314.85
0,33,5,2314.85,vibration,0.1779,0.1779,2314.85
0,33,5,2314.85,temperature,72.2486,72.2486,2314.85
0,33,5,2314.85,pressure,28.021,28.021,2314.85
0,33,5,2314.85,humidity,41.8628,41.8628,2314.85
0,38,4,2314.85,torque,50.0797,,2314.85
0,38,4,2314.85,vibration,0.1601,,2314.85
0,38,4,2314.85,temperature,70.7636,,2314.85
0,38,4,2314.85,pressure,28.6594,,2314.85
0,38,4,2314.85,humidity,44.9828,,2314.85
0,46,0,2317.58,torque,48.6807,48.6807,2317.58
0,46,0,2317.58,vibration,0.2127,0.2127,2317.58
0,46,0,2317.58,temperature,70.9766,70.9766,2317.58
0,46,0,2317.58,pressure,31.0363,31.0363,2317.58
0,46,0,2317.58,humidity,47.4024,47.4024,2317.58
0,25,10,2322.94,torque,49.8846,49.8846,2322.94
0,25,10,2322.94,vibration,0.1995,0.1995,2322.94
0,25,10,2322.94,temperature,67.1651,67.1651,2322.94
0,25,10,2322.94,pressure,34.1257,34.1257,2322.94
0,25,10,2322.94,humidity,44.9433,44.9433,2322.94
0,42,3,2324.79,torque,49.9493,49.9493,2324.79
0,42,3,2324.79,vibration,0.2265,0.2265,2324.79
0,42,3,2324.79,temperature,67.7658,67.7658,2324.79
0,42,3,2324.79,pressure,30.9897,30.9897,2324.79
0,42,3,2324.79,humidity,43.9652,43.9652,2324.79
0,43,2,2330.28,torque,49.324,49.324,2330.28
0,43,2,2330.28,vibration,0.152,0.152,2330.28
0,43,2,2330.28,temperature,67.1557,67.1557,2330.28
0,43,2,2330.28,pressure,27.5614,27.5614,2330.28
0,43,2,2330.28,humidity,45.9379,45.9379,2330.28
0,44,1,2330.28,torque,48.7093,48.7093,2330.28
0,44,1,2330.28,vibration,0.1818,0.1818,2330.28
0,44,1,2330.28,temperature,70.0769,70.0769,2330.28
0,44,1,2330.28,pressure,27.2504,27.2504,2330.28
0,44,1,2330.28,humidity,46.9007,46.9007,2330.28
0,26,9,2350.98,torque,52.0829,,2350.98
0,26,9,2350.98,vibration,0.2234,,2350.98
0,26,9,2350.98,temperature,71.0019,,2350.98
0,26,9,2350.98,pressure,28.9199,,2350.98
0,26,9,2350.98,humidity,46.6697,,2350.98
0,27,8,2353.96,torque,49.909,49.909,2353.96
0,27,8,2353.96,vibration,0.2313,0.2313,2353.96
0,27,8,2353.96,temperature,70.0086,70.0086,2353.96
0,27,8,2353.96,pressure,30.81,30.81,2353.96
0,27,8,2353.96,humidity,43.3759,43.3759,2353.96
0,47,0,2365.98,torque,51.4624,51.4624,2365.98
0,47,0,2365.98,vibration,0.18,0.18,2365.98
0,47,0,2365.98,temperature,72.3319,72.3319,2365.98
0,47,0,2365.98,pressure,28.8477,28.8477,2365.98
0,47,0,2365.98,humidity,46.8361,46.8361,2365.98
0,43,3,2367.18,torque,50.1007,50.1007,2367.18
0,43,3,2367.18,vibration,0.1797,0.1797,2367.18
0,43,3,2367.18,temperature,65.966,65.966,2367.18
0,43,3,2367.18,pressure,31.1809,31.1809,2367.18
0,43,3,2367.18,humidity,43.8884,43.8884,2367.18
0,25,11,2369.94,torque,48.2605,48.2605,2369.94
0,25,11,2369.94,vibration,0.1866,0.1866,2369.94
0,25,11,2369.94,temperature,70.2548,70.2548,2369.94
0,25,11,2369.94,pressure,27.8631,27.8631,2369.94
0,25,11,2369.94,humidity,39.7311,39.7311,2369.94
0,28,7,2371.85,torque,51.0073,51.0073,2371.85
0,28,7,2371.85,vibration,0.1557,0.1557,2371.85
0,28,7,2371.85,temperature,70.5671,70.5671,2371.85
0,28,7,2371.85,pressure,31.3866,31.3866,2371.85
0,28,7,2371.85,humidity,46.0704,46.0704,2371.85
0,29,6,2371.85,torque,49.6388,49.6388,2371.85
0,29,6,2371.85,vibration,0.2176,0.2176,2371.85
0,29,6,2371.85,temperature,64.9153,64.9153,2371.85
0,29,6,2371.85,pressure,32.1054,32.1054,2371.85
0,29,6,2371.85,humidity,41.5953,41.5953,2371.85
0,34,5,2371.85,torque,47.1493,47.1493,2371.85
0,34,5,2371.85,vibration,0.2531,0.2531,2371.85
0,34,5,2371.85,temperature,68.6626,68.6626,2371.85
0,34,5,2371.85,pressure,30.3656,30.3656,2371.85
0,34,5,2371.85,humidity,41.7829,41.7829,2371.85
0,39,4,2371.85,torque,48.9733,,2371.85
0,39,4,2371.85,vibration,0.2035,,2371.85
0,39,4,2371.85,temperature,71.5485,,2371.85
0,39,4,2371.85,pressure,28.8607,,2371.85
0,39,4,2371.85,humidity,44.7104,,2371.85
0,44,2,2394.7,torque,45.5033,45.5033,2394.7
0,44,2,2394.7,vibration,0.1996,0.1996,2394.7
0,44,2,2394.7,temperature,72.1604,72.1604,2394.7
0,44,2,2394.7,pressure,31.9457,31.9457,2394.7
0,44,2,2394.7,humidity,45.7922,45.7922,2394.7
0,45,1,2394.7,torque,50.9975,50.9975,2394.7
0,45,1,2394.7,vibration,0.254,0.254,2394.7
0,45,1,2394.7,temperature,72.7429,72.7429,2394.7
0,45,1,2394.7,pressure,27.6677,27.6677,2394.7
0,45,1,2394.7,humidity,45.2487,45.2487,2394.7
0,26,10,2410.11,torque,47.8779,47.8779,2410.11
0,26,10,2410.11,vibration,0.1674,0.1674,2410.11
0,26,10,2410.11,temperature,68.892,68.892,2410.11
0,26,10,2410.11,pressure,32.3176,32.3176,2410.11
0,26,10,2410.11,humidity,45.9056,45.9056,2410.11
0,27,9,2410.11,torque,51.7947,,2410.11
0,27,9,2410.11,vibration,0.2095,,2410.11
0,27,9,2410.11,temperature,67.9272,,2410.11
0,27,9,2410.11,pressure,29.1857,,2410.11
0,27,9,2410.11,humidity,47.2385,,2410.11
0,28,8,2417.8,torque,47.0434,47.0434,2417.8
0,28,8,2417.8,vibration,0.218,0.218,2417.8
0,28,8,2417.8,temperature,70.5791,70.5791,2417.8
0,28,8,2417.8,pressure,27.8018,27.8018,2417.8
0,28,8,2417.8,humidity,42.5707,42.5707,2417.8
0,48,0,2419.15,torque,48.0209,48.0209,2419.15
0,48,0,2419.15,vibration,0.1828,0.1828,2419.15
0,48,0,2419.15,temperature,69.5855,69.5855,2419.15
0,48,0,2419.15,pressure,30.7652,30.7652,2419.15
0,48,0,2419.15,humidity,49.2236,49.2236,2419.15
0,44,3,2432.85,torque,50.4805,50.4805,2432.85
0,44,3,2432.85,vibration,0.2272,0.2272,2432.85
0,44,3,2432.85,temperature,69.4814,69.4814,2432.85
0,44,3,2432.85,pressure,31.66,31.66,2432.85
0,44,3,2432.85,humidity,43.5177,43.5177,2432.85
0,29,7,2444.38,torque,48.8363,48.8363,2444.38
0,29,7,2444.38,vibration,0.2121,0.2121,2444.38
0,29,7,2444.38,temperature,69.1462,69.1462,2444.38
0,29,7,2444.38,pressure,29.6757,29.6757,2444.38
0,29,7,2444.38,humidity,44.7531,44.7531,2444.38
0,30,6,2444.38,torque,48.0406,48.0406,2444.38
0,30,6,2444.38,vibration,0.1938,0.1938,2444.38
0,30,6,2444.38,temperature,70.0392,70.0392,2444.38
0,30,6,2444.38,pressure,28.9499,28.9499,2444.38
0,30,6,2444.38,humidity,43.9315,43.9315,2444.38
0,35,5,2444.38,torque,48.5299,48.5299,2444.38
0,35,5,2444.38,vibration,0.1682,0.1682,2444.38
0,35,5,2444.38,temperature,68.565,68.565,2444.38
0,35,5,2444.38,pressure,32.4354,32.4354,2444.38
0,35,5,2444.38,humidity,42.02,42.02,2444.38
0,40,4,2444.38,torque,50.6009,,2444.38
0,40,4,2444.38,vibration,0.2139,,2444.38
0,40,4,2444.38,temperature,69.8337,,2444.38
0,40,4,2444.38,pressure,28.9082,,2444.38
0,40,4,2444.38,humidity,44.734,,2444.38
0,45,2,2445.99,torque,51.483,51.483,2445.99
0,45,2,2445.99,vibration,0.1806,0.1806,2445.99
0,45,2,2445.99,temperature,68.6289,68.6289,2445.99
0,45,2,2445.99,pressure,30.3147,30.3147,2445.99
0,45,2,2445.99,humidity,47.1013,47.1013,2445.99
0,46,1,2445.99,torque,48.8443,48.8443,2445.99
0,46,1,2445.99,vibration,0.2221,0.2221,2445.99
0,46,1,2445.99,temperature,72.0398,72.0398,2445.99
0,46,1,2445.99,pressure,29.8452,29.8452,2445.99
0,46,1,2445.99,humidity,47.3663,47.3663,2445.99
0,26,11,2451.95,torque,50.6862,50.6862,2451.95
0,26,11,2451.95,vibration,0.1721,0.1721,2451.95
0,26,11,2451.95,temperature,69.0213,69.0213,2451.95
0,26,11,2451.95,pressure,28.4046,28.4046,2451.95
0,26,11,2451.95,humidity,40.3268,40.3268,2451.95
0,27,10,2466.9,torque,47.9737,47.9737,2466.9
0,27,10,2466.9,vibration,0.1478,0.1478,2466.9
0,27,10,2466.9,temperature,71.0673,71.0673,2466.9
0,27,10,2466.9,pressure,29.4981,29.4981,2466.9
0,27,10,2466.9,humidity,44.4649,44.4649,2466.9
0,28,9,2466.9,torque,49.8012,,2466.9
0,28,9,2466.9,vibration,0.1909,,2466.9
0,28,9,2466.9,temperature,69.1226,,2466.9
0,28,9,2466.9,pressure,32.394,,2466.9
0,28,9,2466.9,humidity,46.1592,,2466.9
0,49,0,2488.45,torque,51.4842,51.4842,2488.45
0,49,0,2488.45,vibration,0.1618,0.1618,2488.45
0,49,0,2488.45,temperature,70.4726,70.4726,2488.45
0,49,0,2488.45,pressure,29.8835,29.8835,2488.45
0,49,0,2488.45,humidity,49.6345,49.6345,2488.45
0,29,8,2495.38,torque,46.9824,46.9824,2495.38
0,29,8,2495.38,vibration,0.2393,0.2393,2495.38
0,29,8,2495.38,temperature,70.9302,70.9302,2495.38
0,29,8,2495.38,pressure,31.1797,31.1797,2495.38
0,29,8,2495.38,humidity,45.2475,45.2475,2495.38
0,47,1,2502.96,torque,49.2922,49.2922,2502.96
0,47,1,2502.96,vibration,0.2216,0.2216,2502.96
0,47,1,2502.96,temperature,71.9732,71.9732,2502.96
0,47,1,2502.96,pressure,29.2756,29.2756,2502.96
0,47,1,2502.96,humidity,47.5604,47.5604,2502.96
0,45,3,2505.88,torque,48.9969,48.9969,2505.88
0,45,3,2505.88,vibration,0.1318,0.1318,2505.88
0,45,3,2505.88,temperature,70.7397,70.7397,2505.88
0,45,3,2505.88,pressure,29.3103,29.3103,2505.88
0,45,3,2505.88,humidity,43.7664,43.7664,2505.88
0,46,2,2505.88,torque,50.9533,50.9533,2505.88
0,46,2,2505.88,vibration,0.1542,0.1542,2505.88
0,46,2,2505.88,temperature,73.1672,73.1672,2505.88
0,46,2,2505.88,pressure,31.7359,31.7359,2505.88
0,46,2,2505.88,humidity,46.5544,46.5544,2505.88
0,30,7,2515.96,torque,48.5593,48.5593,2515.96
0,30,7,2515.96,vibration,0.158,0.158,2515.96
0,30,7,2515.96,temperature,69.8965,69.8965,2515.96
0,30,7,2515.96,pressure,32.5136,32.5136,2515.96
0,30,7,2515.96,humidity,43.4087,43.4087,2515.96
0,31,6,2515.96,torque,50.2535,50.2535,2515.96
0,31,6,2515.96,vibration,0.1873,0.1873,2515.96
0,31,6,2515.96,temperature,70.5791,70.5791,2515.96
0,31,6,2515.96,pressure,33.0291,33.0291,2515.96
0,31,6,2515.96,humidity,43.5917,43.5917,2515.96
0,36,5,2515.96,torque,49.5772,49.5772,2515.96
0,36,5,2515.96,vibration,0.2105,0.2105,2515.96
0,36,5,2515.96,temperature,73.508,73.508,2515.96
0,36,5,2515.96,pressure,30.1444,30.1444,2515.96
0,36,5,2515.96,humidity,42.3944,42.3944,2515.96
0,27,11,2517.25,torque,50.2243,50.2243,2517.25
0,27,11,2517.25,vibration,0.2025,0.2025,2517.25
0,27,11,2517.25,temperature,68.545,68.545,2517.25
0,27,11,2517.25,pressure,30.3064,30.3064,2517.25
0,27,11,2517.25,humidity,41.0696,41.0696,2517.25
0,41,4,2523.29,torque,48.7247,,2523.29
0,41,4,2523.29,vibration,0.1509,,2523.29
0,41,4,2523.29,temperature,72.4288,,2523.29
0,41,4,2523.29,pressure,28.4616,,2523.29
0,41,4,2523.29,humidity,45.1827,,2523.29
0,28,10,2526.54,torque,48.9601,48.9601,2526.54
0,28,10,2526.54,vibration,0.1955,0.1955,2526.54
0,28,10,2526.54,temperature,71.5029,71.5029,2526.54
0,28,10,2526.54,pressure,31.3071,31.3071,2526.54
0,28,10,2526.54,humidity,43.7193,43.7193,2526.54
0,50,0,2540.58,torque,49.7825,49.7825,2540.58
0,50,0,2540.58,vibration,0.2208,0.2208,2540.58
0,50,0,2540.58,temperature,69.3635,69.3635,2540.58
0,50,0,2540.58,pressure,29.3071,29.3071,2540.58
0,50,0,2540.58,humidity,50.0758,50.0758,2540.58
0,29,9,2542.92,torque,49.2226,,2542.92
0,29,9,2542.92,vibration,0.2802,,2542.92
0,29,9,2542.92,temperature,65.7373,,2542.92
0,29,9,2542.92,pressure,31.2655,,2542.92
0,29,9,2542.92,humidity,46.0232,,2542.92
0,48,1,2551.31,torque,49.4652,49.4652,2551.31
0,48,1,2551.31,vibration,0.1622,0.1622,2551.31
0,48,1,2551.31,temperature,71.5249,71.5249,2551.31
0,48,1,2551.31,pressure,31.0621,31.0621,2551.31
0,48,1,2551.31,humidity,47.7591,47.7591,2551.31
0,46,3,2557.86,torque,50.889,50.889,2557.86
0,46,3,2557.86,vibration,0.2289,0.2289,2557.86
0,46,3,2557.86,temperature,68.9453,68.9453,2557.86
0,46,3,2557.86,pressure,29.7744,29.7744,2557.86
0,46,3,2557.86,humidity,43.7822,43.7822,2557.86
0,47,2,2557.86,torque,50.5546,50.5546,2557.86
0,47,2,2557.86,vibration,0.2336,0.2336,2557.86
0,47,2,2557.86,temperature,71.908,71.908,2557.86
0,47,2,2557.86,pressure,29.6237,29.6237,2557.86
0,47,2,2557.86,humidity,47.6965,47.6965,2557.86
0,30,8,2573.91,torque,50.4102,50.4102,2573.91
0,30,8,2573.91,vibration,0.1851,0.1851,2573.91
0,30,8,2573.91,temperature,71.9214,71.9214,2573.91
0,30,8,2573.91,pressure,30.6662,30.6662,2573.91
0,30,8,2573.91,humidity,45.446,45.446,2573.91
0,51,0,2583.3,torque,51.7295,51.7295,2583.3
0,51,0,2583.3,vibration,0.2122,0.2122,2583.3
0,51,0,2583.3,temperature,70.6158,70.6158,2583.3
0,51,0,2583.3,pressure,26.1544,26.1544,2583.3
0,51,0,2583.3,humidity,49.5442,49.5442,2583.3
0,28,11,2589.48,torque,48.1955,48.1955,2589.48
0,28,11,2589.48,vibration,0.2705,0.2705,2589.48
0,28,11,2589.48,temperature,70.9187,70.9187,2589.48
0,28,11,2589.48,pressure,29.8174,29.8174,2589.48
0,28,11,2589.48,humidity,42.9938,42.9938,2589.48
0,29,10,2592.72,torque,49.1095,49.1095,2592.72
0,29,10,2592.72,vibration,0.1645,0.1645,2592.72
0,29,10,2592.72,temperature,68.2415,68.2415,2592.72
0,29,10,2592.72,pressure,27.9755,27.9755,2592.72
0,29,10,2592.72,humidity,44.2014,44.2014,2592.72
0,31,7,2594.05,torque,50.0355,50.0355,2594.05
0,31,7,2594.05,vibration,0.219,0.219,2594.05
0,31,7,2594.05,temperature,70.7869,70.7869,2594.05
0,31,7,2594.05,pressure,32.423,32.423,2594.05
0,31,7,2594.05,humidity,43.5722,43.5722,2594.05
0,32,6,2594.05,torque,48.8155,48.8155,2594.05
0,32,6,2594.05,vibration,0.2814,0.2814,2594.05
0,32,6,2594.05,temperature,67.4807,67.4807,2594.05
0,32,6,2594.05,pressure,32.3718,32.3718,2594.05
0,32,6,2594.05,humidity,43.4254,43.4254,2594.05
0,37,5,2594.05,torque,49.3479,49.3479,2594.05
0,37,5,2594.05,vibration,0.2066,0.2066,2594.05
0,37,5,2594.05,temperature,67.4183,67.4183,2594.05
0,37,5,2594.05,pressure,31.302,31.302,2594.05
0,37,5,2594.05,humidity,42.4119,42.4119,2594.05
0,42,4,2598.04,torque,46.8475,,2598.04
0,42,4,2598.04,vibration,0.1707,,2598.04
0,42,4,2598.04,temperature,71.4191,,2598.04
0,42,4,2598.04,pressure,31.5991,,2598.04
0,42,4,2598.04,humidity,45.3675,,2598.04
0,48,2,2605.2,torque,50.4813,50.4813,2605.2
0,48,2,2605.2,vibration,0.2039,0.2039,2605.2
0,48,2,2605.2,temperature,70.8551,70.8551,2605.2
0,48,2,2605.2,pressure,30.2534,30.2534,2605.2
0,48,2,2605.2,humidity,47.5166,47.5166,2605.2
0,49,1,2605.2,torque,49.8514,49.8514,2605.2
0,49,1,2605.2,vibration,0.2262,0.2262,2605.2
0,49,1,2605.2,temperature,69.7378,69.7378,2605.2
0,49,1,2605.2,pressure,26.0712,26.0712,2605.2
0,49,1,2605.2,humidity,48.6639,48.6639,2605.2
0,47,3,2608.79,torque,49.8231,49.8231,2608.79
0,47,3,2608.79,vibration,0.1818,0.1818,2608.79
0,47,3,2608.79,temperature,70.409,70.409,2608.79
0,47,3,2608.79,pressure,25.9895,25.9895,2608.79
0,47,3,2608.79,humidity,46.0104,46.0104,2608.79
0,52,0,2632.6,torque,52.2875,52.2875,2632.6
0,52,0,2632.6,vibration,0.1693,0.1693,2632.6
0,52,0,2632.6,temperature,70.7232,70.7232,2632.6
0,52,0,2632.6,pressure,27.7503,27.7503,2632.6
0,52,0,2632.6,humidity,50.4928,50.4928,2632.6
0,30,9,2634.56,torque,49.5665,,2634.56
0,30,9,2634.56,vibration,0.1895,,2634.56
0,30,9,2634.56,temperature,69.7109,,2634.56
0,30,9,2634.56,pressure,31.0115,,2634.56
0,30,9,2634.56,humidity,45.6723,,2634.56
0,33,6,2637.2,torque,49.1326,49.1326,2637.2
0,33,6,2637.2,vibration,0.1667,0.1667,2637.2
0,33,6,2637.2,temperature,68.3945,68.3945,2637.2
0,33,6,2637.2,pressure,30.1499,30.1499,2637.2
0,33,6,2637.2,humidity,42.9656,42.9656,2637.2
0,29,11,2647.7,torque,48.6827,48.6827,2647.7
0,29,11,2647.7,vibration,0.1459,0.1459,2647.7
0,29,11,2647.7,temperature,72.7394,72.7394,2647.7
0,29,11,2647.7,pressure,29.4782,29.4782,2647.7
0,29,11,2647.7,humidity,42.3302,42.3302,2647.7
0,31,8,2648.93,torque,50.395,50.395,2648.93
0,31,8,2648.93,vibration,0.2304,0.2304,2648.93
0,31,8,2648.93,temperature,68.0041,68.0041,2648.93
0,31,8,2648.93,pressure,32.8309,32.8309,2648.93
0,31,8,2648.93,humidity,44.4903,44.4903,2648.93
0,32,7,2648.93,torque,51.7221,51.7221,2648.93
0,32,7,2648.93,vibration,0.1863,0.1863,2648.93
0,32,7,2648.93,temperature,69.2147,69.2147,2648.93
0,32,7,2648.93,pressure,28.5479,28.5479,2648.93
0,32,7,2648.93,humidity,43.2869,43.2869,2648.93
0,38,5,2658.49,torque,48.8429,48.8429,2658.49
0,38,5,2658.49,vibration,0.2265,0.2265,2658.49
0,38,5,2658.49,temperature,66.0773,66.0773,2658.49
0,38,5,2658.49,pressure,34.2363,34.2363,2658.49
0,38,5,2658.49,humidity,40.9249,40.9249,2658.49
0,49,2,2664.76,torque,49.0882,49.0882,2664.76
0,49,2,2664.76,vibration,0.1978,0.1978,2664.76
0,49,2,2664.76,temperature,70.2045,70.2045,2664.76
0,49,2,2664.76,pressure,25.7574,25.7574,2664.76
0,49,2,2664.76,humidity,48.1834,48.1834,2664.76
0,50,1,2664.76,torque,48.8706,48.8706,2664.76
0,50,1,2664.76,vibration,0.1721,0.1721,2664.76
0,50,1,2664.76,temperature,71.3962,71.3962,2664.76
0,50,1,2664.76,pressure,32.7712,32.7712,2664.76
0,50,1,2664.76,humidity,46.8941,46.8941,2664.76
0,43,4,2667.16,torque,49.7299,,2667.16
0,43,4,2667.16,vibration,0.2213,,2667.16
0,43,4,2667.16,temperature,73.4009,,2667.16
0,43,4,2667.16,pressure,32.5081,,2667.16
0,43,4,2667.16,humidity,43.7505,,2667.16
0,48,3,2667.16,torque,51.9237,51.9237,2667.16
0,48,3,2667.16,vibration,0.2675,0.2675,2667.16
0,48,3,2667.16,temperature,73.1834,73.1834,2667.16
0,48,3,2667.16,pressure,29.8553,29.8553,2667.16
0,48,3,2667.16,humidity,43.7252,43.7252,2667.16
0,53,0,2677.7,torque,47.5247,47.5247,2677.7
0,53,0,2677.7,vibration,0.1607,0.1607,2677.7
0,53,0,2677.7,temperature,68.3847,68.3847,2677.7
0,53,0,2677.7,pressure,29.7734,29.7734,2677.7
0,53,0,2677.7,humidity,50.8919,50.8919,2677.7
0,30,10,2696.17,torque,53.4046,53.4046,2696.17
0,30,10,2696.17,vibration,0.2107,0.2107,2696.17
0,30,10,2696.17,temperature,69.8634,69.8634,2696.17
0,30,10,2696.17,pressure,28.1776,28.1776,2696.17
0,30,10,2696.17,humidity,44.0509,44.0509,2696.17
0,31,9,2700.55,torque,49.6033,,2700.55
0,31,9,2700.55,vibration,0.1833,,2700.55
0,31,9,2700.55,temperature,72.2279,,2700.55
0,31,9,2700.55,pressure,30.82,,2700.55
0,31,9,2700.55,humidity,46.1892,,2700.55
0,32,8,2701.94,torque,48.5303,48.5303,2701.94
0,32,8,2701.94,vibration,0.1938,0.1938,2701.94
0,32,8,2701.94,temperature,68.3419,68.3419,2701.94
0,32,8,2701.94,pressure,30.4393,30.4393,2701.94
0,32,8,2701.94,humidity,43.603,43.603,2701.94
0,33,7,2724.55,torque,48.7993,48.7993,2724.55
0,33,7,2724.55,vibration,0.2149,0.2149,2724.55
0,33,7,2724.55,temperature,68.3287,68.3287,2724.55
0,33,7,2724.55,pressure,27.2941,27.2941,2724.55
0,33,7,2724.55,humidity,44.4088,44.4088,2724.55
0,34,6,2724.55,torque,48.3338,48.3338,2724.55
0,34,6,2724.55,vibration,0.1927,0.1927,2724.55
0,34,6,2724.55,temperature,71.9161,71.9161,2724.55
0,34,6,2724.55,pressure,28.7766,28.7766,2724.55
0,34,6,2724.55,humidity,44.3202,44.3202,2724.55
0,39,5,2724.55,torque,51.9488,51.9488,2724.55
0,39,5,2724.55,vibration,0.2206,0.2206,2724.55
0,39,5,2724.55,temperature,74.4293,74.4293,2724.55
0,39,5,2724.55,pressure,30.1468,30.1468,2724.55
0,39,5,2724.55,humidity,42.5589,42.5589,2724.55
0,50,2,2725.35,torque,49.6977,49.6977,2725.35
0,50,2,2725.35,vibration,0.2008,0.2008,2725.35
0,50,2,2725.35,temperature,69.5424,69.5424,2725.35
0,50,2,2725.35,pressure,27.9114,27.9114,2725.35
0,50,2,2725.35,humidity,46.521,46.521,2725.35
0,51,1,2725.35,torque,51.477,51.477,2725.35
0,51,1,2725.35,vibration,0.202,0.202,2725.35
0,51,1,2725.35,temperature,70.8239,70.8239,2725.35
0,51,1,2725.35,pressure,30.9481,30.9481,2725.35
0,51,1,2725.35,humidity,46.6577,46.6577,2725.35
0,54,0,2728.76,torque,52.4314,52.4314,2728.76
0,54,0,2728.76,vibration,0.2493,0.2493,2728.76
0,54,0,2728.76,temperature,72.5774,72.5774,2728.76
0,54,0,2728.76,pressure,29.6681,29.6681,2728.76
0,54,0,2728.76,humidity,49.7138,49.7138,2728.76
0,44,4,2734.89,torque,51.02,,2734.89
0,44,4,2734.89,vibration,0.1469,,2734.89
0,44,4,2734.89,temperature,68.9647,,2734.89
0,44,4,2734.89,pressure,33.6951,,2734.89
0,44,4,2734.89,humidity,45.4064,,2734.89
0,49,3,2734.89,torque,53.8296,53.8296,2734.89
0,49,3,2734.89,vibration,0.2742,0.2742,2734.89
0,49,3,2734.89,temperature,73.0103,73.0103,2734.89
0,49,3,2734.89,pressure,31.8431,31.8431,2734.89
0,49,3,2734.89,humidity,43.0503,43.0503,2734.89
0,30,11,2740.2,torque,50.4683,50.4683,2740.2
0,30,11,2740.2,vibration,0.2268,0.2268,2740.2
0,30,11,2740.2,temperature,71.3924,71.3924,2740.2
0,30,11,2740.2,pressure,31.2874,31.2874,2740.2
0,30,11,2740.2,humidity,42.9438,42.9438,2740.2
0,31,10,2756.4,torque,51.7991,51.7991,2756.4
0,31,10,2756.4,vibration,0.2192,0.2192,2756.4
0,31,10,2756.4,temperature,72.1299,72.1299,2756.4
0,31,10,2756.4,pressure,27.6986,27.6986,2756.4
0,31,10,2756.4,humidity,45.6314,45.6314,2756.4
0,32,9,2756.4,torque,48.4117,,2756.4
0,32,9,2756.4,vibration,0.1892,,2756.4
0,32,9,2756.4,temperature,69.4306,,2756.4
0,32,9,2756.4,pressure,33.0565,,2756.4
0,32,9,2756.4,humidity,46.5385,,2756.4
0,33,8,2765.3,torque,49.0247,49.0247,2765.3
0,33,8,2765.3,vibration,0.2156,0.2156,2765.3
0,33,8,2765.3,temperature,69.0072,69.0072,2765.3
0,33,8,2765.3,pressure,31.0868,31.0868,2765.3
0,33,8,2765.3,humidity,44.251,44.251,2765.3
0,34,7,2770.52,torque,47.998,47.998,2770.52
0,34,7,2770.52,vibration,0.1732,0.1732,2770.52
0,34,7,2770.52,temperature,67.8565,67.8565,2770.52
0,34,7,2770.52,pressure,24.8696,24.8696,2770.52
0,34,7,2770.52,humidity,45.6537,45.6537,2770.52
0,35,6,2770.52,torque,49.1275,49.1275,2770.52
0,35,6,2770.52,vibration,0.2157,0.2157,2770.52
0,35,6,2770.52,temperature,66.4023,66.4023,2770.52
0,35,6,2770.52,pressure,28.3414,28.3414,2770.52
0,35,6,2770.52,humidity,43.9572,43.9572,2770.52
0,51,2,2774.87,torque,50.0059,50.0059,2774.87
0,51,2,2774.87,vibration,0.2059,0.2059,2774.87
0,51,2,2774.87,temperature,74.6444,74.6444,2774.87
0,51,2,2774.87,pressure,31.6931,31.6931,2774.87
0,51,2,2774.87,humidity,47.2174,47.2174,2774.87
0,52,1,2774.87,torque,51.0923,51.0923,2774.87
0,52,1,2774.87,vibration,0.1997,0.1997,2774.87
0,52,1,2774.87,temperature,73.1901,73.1901,2774.87
0,52,1,2774.87,pressure,27.2212,27.2212,2774.87
0,52,1,2774.87,humidity,47.506,47.506,2774.87
0,40,5,2785.5,torque,49.1701,49.1701,2785.5
0,40,5,2785.5,vibration,0.1777,0.1777,2785.5
0,40,5,2785.5,temperature,68.6066,68.6066,2785.5
0,40,5,2785.5,pressure,28.0056,28.0056,2785.5
0,40,5,2785.5,humidity,42.0756,42.0756,2785.5
0,55,0,2786.89,torque,49.5295,49.5295,2786.89
0,55,0,2786.89,vibration,0.1769,0.1769,2786.89
0,55,0,2786.89,temperature,70.4709,70.4709,2786.89
0,55,0,2786.89,pressure,28.2037,28.2037,2786.89
0,55,0,2786.89,humidity,48.1373,48.1373,2786.89
0,45,4,2789.49,torque,50.176,,2789.49
0,45,4,2789.49,vibration,0.1945,,2789.49
0,45,4,2789.49,temperature,68.9731,,2789.49
0,45,4,2789.49,pressure,29.5241,,2789.49
0,45,4,2789.49,humidity,43.9909,,2789.49
0,50,3,2789.49,torque,58.3465,58.3465,2789.49
0,50,3,2789.49,vibration,0.336,0.336,2789.49
0,50,3,2789.49,temperature,77.2133,77.2133,2789.49
0,50,3,2789.49,pressure,30.2411,30.2411,2789.49
0,50,3,2789.49,humidity,42.9128,42.9128,2789.49
0,31,11,2810.05,torque,49.1935,49.1935,2810.05
0,31,11,2810.05,vibration,0.1871,0.1871,2810.05
0,31,11,2810.05,temperature,69.8215,69.8215,2810.05
0,31,11,2810.05,pressure,30.5979,30.5979,2810.05
0,31,11,2810.05,humidity,42.0313,42.0313,2810.05
0,32,10,2810.05,torque,49.5669,49.5669,2810.05
0,32,10,2810.05,vibration,0.1802,0.1802,2810.05
0,32,10,2810.05,temperature,71.5705,71.5705,2810.05
0,32,10,2810.05,pressure,31.0527,31.0527,2810.05
0,32,10,2810.05,humidity,46.3116,46.3116,2810.05
0,33,9,2813.02,torque,51.2035,,2813.02
0,33,9,2813.02,vibration,0.1837,,2813.02
0,33,9,2813.02,temperature,70.0369,,2813.02
0,33,9,2813.02,pressure,29.8296,,2813.02
0,33,9,2813.02,humidity,47.285,,2813.02
0,34,8,2814.76,torque,51.1918,51.1918,2814.76
0,34,8,2814.76,vibration,0.1834,0.1834,2814.76
0,34,8,2814.76,temperature,72.5819,72.5819,2814.76
0,34,8,2814.76,pressure,28.8671,28.8671,2814.76
0,34,8,2814.76,humidity,41.9136,41.9136,2814.76
0,56,0,2833.25,torque,52.7907,52.7907,2833.25
0,56,0,2833.25,vibration,0.2253,0.2253,2833.25
0,56,0,2833.25,temperature,70.424,70.424,2833.25
0,56,0,2833.25,pressure,29.9174,29.9174,2833.25
0,56,0,2833.25,humidity,46.629,46.629,2833.25
0,35,7,2840.07,torque,52.091,52.091,2840.07
0,35,7,2840.07,vibration,0.2222,0.2222,2840.07
0,35,7,2840.07,temperature,71.0773,71.0773,2840.07
0,35,7,2840.07,pressure,28.8738,28.8738,2840.07
0,35,7,2840.07,humidity,45.1306,45.1306,2840.07
0,36,6,2840.07,torque,51.0092,51.0092,2840.07
0,36,6,2840.07,vibration,0.183,0.183,2840.07
0,36,6,2840.07,temperature,71.5055,71.5055,2840.07
0,36,6,2840.07,pressure,31.2758,31.2758,2840.07
0,36,6,2840.07,humidity,43.049,43.049,2840.07
0,41,5,2840.07,torque,50.7014,50.7014,2840.07
0,41,5,2840.07,vibration,0.1862,0.1862,2840.07
0,41,5,2840.07,temperature,71.8878,71.8878,2840.07
0,41,5,2840.07,pressure,28.8437,28.8437,2840.07
0,41,5,2840.07,humidity,43.17,43.17,2840.07
0,46,4,2840.07,torque,51.0125,,2840.07
0,46,4,2840.07,vibration,0.2343,,2840.07
0,46,4,2840.07,temperature,67.5243,,2840.07
0,46,4,2840.07,pressure,32.2839,,2840.07
0,46,4,2840.07,humidity,42.5154,,2840.07
0,52,2,2840.23,torque,50.7555,50.7555,2840.23
0,52,2,2840.23,vibration,0.1702,0.1702,2840.23
0,52,2,2840.23,temperature,70.5254,70.5254,2840.23
0,52,2,2840.23,pressure,30.1506,30.1506,2840.23
0,52,2,2840.23,humidity,46.2138,46.2138,2840.23
0,53,1,2840.23,torque,50.3122,50.3122,2840.23
0,53,1,2840.23,vibration,0.1974,0.1974,2840.23
0,53,1,2840.23,temperature,67.0991,67.0991,2840.23
0,53,1,2840.23,pressure,30.2689,30.2689,2840.23
0,53,1,2840.23,humidity,45.0533,45.0533,2840.23
0,51,3,2841.76,torque,61.2862,61.2862,2841.76
0,51,3,2841.76,vibration,0.4468,0.4468,2841.76
0,51,3,2841.76,temperature,79.794,79.794,2841.76
0,51,3,2841.76,pressure,30.3079,30.3079,2841.76
0,51,3,2841.76,humidity,43.7334,43.7334,2841.76
0,34,9,2866.99,torque,50.4119,,2866.99
0,34,9,2866.99,vibration,0.1612,,2866.99
0,34,9,2866.99,temperature,72.0755,,2866.99
0,34,9,2866.99,pressure,30.5787,,2866.99
0,34,9,2866.99,humidity,46.7529,,2866.99
0,32,11,2869.95,torque,48.9842,48.9842,2869.95
0,32,11,2869.95,vibration,0.1722,0.1722,2869.95
0,32,11,2869.95,temperature,71.3258,71.3258,2869.95
0,32,11,2869.95,pressure,30.6175,30.6175,2869.95
0,32,11,2869.95,humidity,41.8122,41.8122,2869.95
0,33,10,2869.95,torque,53.0935,53.0935,2869.95
0,33,10,2869.95,vibration,0.18,0.18,2869.95
0,33,10,2869.95,temperature,74.0881,74.0881,2869.95
0,33,10,2869.95,pressure,31.8211,31.8211,2869.95
0,33,10,2869.95,humidity,45.5681,45.5681,2869.95
0,57,0,2886.95,torque,50.4562,50.4562,2886.95
0,57,0,2886.95,vibration,0.2122,0.2122,2886.95
0,57,0,2886.95,temperature,69.5511,69.5511,2886.95
0,57,0,2886.95,pressure,31.4454,31.4454,2886.95
0,57,0,2886.95,humidity,46.8285,46.8285,2886.95
0,54,1,2889.53,torque,52.2273,52.2273,2889.53
0,54,1,2889.53,vibration,0.2247,0.2247,2889.53
0,54,1,2889.53,temperature,72.2148,72.2148,2889.53
0,54,1,2889.53,pressure,33.0245,33.0245,2889.53
0,54,1,2889.53,humidity,44.3079,44.3079,2889.53
0,35,8,2895.28,torque,50.8003,50.8003,2895.28
0,35,8,2895.28,vibration,0.1879,0.1879,2895.28
0,35,8,2895.28,temperature,68.2005,68.2005,2895.28
0,35,8,2895.28,pressure,33.8876,33.8876,2895.28
0,35,8,2895.28,humidity,42.7968,42.7968,2895.28
0,53,2,2895.82,torque,52.6516,52.6516,2895.82
0,53,2,2895.82,vibration,0.1776,0.1776,2895.82
0,53,2,2895.82,temperature,71.4333,71.4333,2895.82
0,53,2,2895.82,pressure,30.2049,30.2049,2895.82
0,53,2,2895.82,humidity,47.3833,47.3833,2895.82
0,36,7,2913.19,torque,51.4828,51.4828,2913.19
0,36,7,2913.19,vibration,0.212,0.212,2913.19
0,36,7,2913.19,temperature,71.4339,71.4339,2913.19
0,36,7,2913.19,pressure,28.7317,28.7317,2913.19
0,36,7,2913.19,humidity,45.5841,45.5841,2913.19
0,37,6,2913.19,torque,49.8808,49.8808,2913.19
0,37,6,2913.19,vibration,0.2426,0.2426,2913.19
0,37,6,2913.19,temperature,71.6602,71.6602,2913.19
0,37,6,2913.19,pressure,28.6533,28.6533,2913.19
0,37,6,2913.19,humidity,45.0423,45.0423,2913.19
0,42,5,2913.19,torque,50.7928,50.7928,2913.19
0,42,5,2913.19,vibration,0.1831,0.1831,2913.19
0,42,5,2913.19,temperature,69.0581,69.0581,2913.19
0,42,5,2913.19,pressure,33.4197,33.4197,2913.19
0,42,5,2913.19,humidity,42.2992,42.2992,2913.19
0,47,4,2913.19,torque,48.9018,,2913.19
0,47,4,2913.19,vibration,0.2113,,2913.19
0,47,4,2913.19,temperature,69.3963,,2913.19
0,47,4,2913.19,pressure,31.4352,,2913.19
0,47,4,2913.19,humidity,43.2944,,2913.19
0,52,3,2913.19,torque,59.1421,59.1421,2913.19
0,52,3,2913.19,vibration,0.3621,0.3621,2913.19
0,52,3,2913.19,temperature,76.2116,76.2116,2913.19
0,52,3,2913.19,pressure,29.09,29.09,2913.19
0,52,3,2913.19,humidity,44.0561,44.0561,2913.19
0,34,10,2919.42,torque,50.3844,50.3844,2919.42
0,34,10,2919.42,vibration,0.1958,0.1958,2919.42
0,34,10,2919.42,temperature,70.0295,70.0295,2919.42
0,34,10,2919.42,pressure,30.5525,30.5525,2919.42
0,34,10,2919.42,humidity,45.5964,45.5964,2919.42
0,33,11,2922.22,torque,48.9229,48.9229,2922.22
0,33,11,2922.22,vibration,0.2407,0.2407,2922.22
0,33,11,2922.22,temperature,71.4038,71.4038,2922.22
0,33,11,2922.22,pressure,27.8609,27.8609,2922.22
0,33,11,2922.22,humidity,39.8653,39.8653,2922.22
0,58,0,2940.24,torque,49.7186,49.7186,2940.24
0,58,0,2940.24,vibration,0.1557,0.1557,2940.24
0,58,0,2940.24,temperature,66.9455,66.9455,2940.24
0,58,0,2940.24,pressure,28.8066,28.8066,2940.24
0,58,0,2940.24,humidity,45.6223,45.6223,2940.24
0,55,1,2943.38,torque,49.2912,49.2912,2943.38
0,55,1,2943.38,vibration,0.148,0.148,2943.38
0,55,1,2943.38,temperature,70.8077,70.8077,2943.38
0,55,1,2943.38,pressure,31.1258,31.1258,2943.38
0,55,1,2943.38,humidity,44.419,44.419,2943.38
0,54,2,2943.87,torque,49.6644,49.6644,2943.87
0,54,2,2943.87,vibration,0.2191,0.2191,2943.87
0,54,2,2943.87,temperature,70.844,70.844,2943.87
0,54,2,2943.87,pressure,25.7171,25.7171,2943.87
0,54,2,2943.87,humidity,46.4589,46.4589,2943.87
0,35,9,2948.01,torque,51.2531,,2948.01
0,35,9,2948.01,vibration,0.2321,,2948.01
0,35,9,2948.01,temperature,68.5925,,2948.01
0,35,9,2948.01,pressure,30.5339,,2948.01
0,35,9,2948.01,humidity,48.8577,,2948.01
0,36,8,2956.37,torque,50.8603,50.8603,2956.37
0,36,8,2956.37,vibration,0.2353,0.2353,2956.37
0,36,8,2956.37,temperature,70.7147,70.7147,2956.37
0,36,8,2956.37,pressure,29.946,29.946,2956.37
0,36,8,2956.37,humidity,42.104,42.104,2956.37
0,34,11,2976.33,torque,47.6008,47.6008,2976.33
0,34,11,2976.33,vibration,0.2089,0.2089,2976.33
0,34,11,2976.33,temperature,69.2443,69.2443,2976.33
0,34,11,2976.33,pressure,30.7575,30.7575,2976.33
0,34,11,2976.33,humidity,40.838,40.838,2976.33
0,35,10,2986.53,torque,48.7368,48.7368,2986.53
0,35,10,2986.53,vibration,0.2376,0.2376,2986.53
0,35,10,2986.53,temperature,72.9955,72.9955,2986.53
0,35,10,2986.53,pressure,31.9212,31.9212,2986.53
0,35,10,2986.53,humidity,44.0263,44.0263,2986.53
0,56,1,2990.16,torque,50.3575,50.3575,2990.16
0,56,1,2990.16,vibration,0.1764,0.1764,2990.16
0,56,1,2990.16,temperature,69.3066,69.3066,2990.16
0,56,1,2990.16,pressure,28.1473,28.1473,2990.16
0,56,1,2990.16,humidity,44.2258,44.2258,2990.16
0,59,0,2990.41,torque,48.9729,48.9729,2990.41
0,59,0,2990.41,vibration,0.2086,0.2086,2990.41
0,59,0,2990.41,temperature,68.861,68.861,2990.41
0,59,0,2990.41,pressure,30.0819,30.0819,2990.41
0,59,0,2990.41,humidity,46.5751,46.5751,2990.41
0,37,7,2993.11,torque,51.2198,51.2198,2993.11
0,37,7,2993.11,vibration,0.1796,0.1796,2993.11
0,37,7,2993.11,temperature,67.7098,67.7098,2993.11
0,37,7,2993.11,pressure,31.5272,31.5272,2993.11
0,37,7,2993.11,humidity,46.5735,46.5735,2993.11
0,38,6,2993.11,torque,51.4498,51.4498,2993.11
0,38,6,2993.11,vibration,0.2408,0.2408,2993.11
0,38,6,2993.11,temperature,69.6335,69.6335,2993.11
0,38,6,2993.11,pressure,33.5002,33.5002,2993.11
0,38,6,2993.11,humidity,46.145,46.145,2993.11
0,43,5,2993.11,torque,49.421,49.421,2993.11
0,43,5,2993.11,vibration,0.1875,0.1875,2993.11
0,43,5,2993.11,temperature,70.5664,70.5664,2993.11
0,43,5,2993.11,pressure,28.0805,28.0805,2993.11
0,43,5,2993.11,humidity,41.3015,41.3015,2993.11
0,48,4,2993.11,torque,50.7805,,2993.11
0,48,4,2993.11,vibration,0.1909,,2993.11
0,48,4,2993.11,temperature,71.7745,,2993.11
0,48,4,2993.11,pressure,29.6655,,2993.11
0,48,4,2993.11,humidity,44.2725,,2993.11
0,53,3,2993.11,torque,59.4462,59.4462,2993.11
0,53,3,2993.11,vibration,0.3552,0.3552,2993.11
0,53,3,2993.11,temperature,78.075,78.075,2993.11
0,53,3,2993.11,pressure,27.3911,27.3911,2993.11
0,53,3,2993.11,humidity,42.8947,42.8947,2993.11
0,36,9,2995.44,torque,48.8699,,2995.44
0,36,9,2995.44,vibration,0.1767,,2995.44
0,36,9,2995.44,temperature,69.7427,,2995.44
0,36,9,2995.44,pressure,29.6327,,2995.44
0,36,9,2995.44,humidity,47.9,,2995.44
0,55,2,2996.79,torque,48.1871,48.1871,2996.79
0,55,2,2996.79,vibration,0.21,0.21,2996.79
0,55,2,2996.79,temperature,72.726,72.726,2996.79
0,55,2,2996.79,pressure,27.7589,27.7589,2996.79
0,55,2,2996.79,humidity,46.1475,46.1475,2996.79
0,35,11,3028.35,torque,49.5431,49.5431,3028.35
0,35,11,3028.35,vibration,0.26,0.26,3028.35
0,35,11,3028.35,temperature,71.3915,71.3915,3028.35
0,35,11,3028.35,pressure,32.3772,32.3772,3028.35
0,35,11,3028.35,humidity,40.4703,40.4703,3028.35
0,37,8,3039.64,torque,52.2281,52.2281,3039.64
0,37,8,3039.64,vibration,0.2187,0.2187,3039.64
0,37,8,3039.64,temperature,69.4659,69.4659,3039.64
0,37,8,3039.64,pressure,25.7385,25.7385,3039.64
0,37,8,3039.64,humidity,42.5179,42.5179,3039.64
0,57,1,3039.69,torque,47.9726,47.9726,3039.69
0,57,1,3039.69,vibration,0.1958,0.1958,3039.69
0,57,1,3039.69,temperature,72.2268,72.2268,3039.69
0,57,1,3039.69,pressure,30.5299,30.5299,3039.69
0,57,1,3039.69,humidity,43.4953,43.4953,3039.69
0,36,10,3043.15,torque,48.1106,48.1106,3043.15
0,36,10,3043.15,vibration,0.169,0.169,3043.15
0,36,10,3043.15,temperature,71.4085,71.4085,3043.15
0,36,10,3043.15,pressure,31.0762,31.0762,3043.15
0,36,10,3043.15,humidity,43.7232,43.7232,3043.15
0,60,0,3045.08,torque,49.7894,49.7894,3045.08
0,60,0,3045.08,vibration,0.2339,0.2339,3045.08
0,60,0,3045.08,temperature,72.6664,72.6664,3045.08
0,60,0,3045.08,pressure,29.0835,29.0835,3045.08
0,60,0,3045.08,humidity,46.4492,46.4492,3045.08
0,56,2,3049.76,torque,51.7875,51.7875,3049.76
0,56,2,3049.76,vibration,0.2256,0.2256,3049.76
0,56,2,3049.76,temperature,71.1903,71.1903,3049.76
0,56,2,3049.76,pressure,29.71,29.71,3049.76
0,56,2,3049.76,humidity,45.0214,45.0214,3049.76
0,38,7,3056.21,torque,51.6555,51.6555,3056.21
0,38,7,3056.21,vibration,0.151,0.151,3056.21
0,38,7,3056.21,temperature,70.3898,70.3898,3056.21
0,38,7,3056.21,pressure,32.415,32.415,3056.21
0,38,7,3056.21,humidity,48.0518,48.0518,3056.21
0,39,6,3056.21,torque,48.8979,48.8979,3056.21
0,39,6,3056.21,vibration,0.1747,0.1747,3056.21
0,39,6,3056.21,temperature,71.538,71.538,3056.21
0,39,6,3056.21,pressure,32.0073,32.0073,3056.21
0,39,6,3056.21,humidity,46.0833,46.0833,3056.21
0,44,5,3056.21,torque,53.6929,53.6929,3056.21
0,44,5,3056.21,vibration,0.1944,0.1944,3056.21
0,44,5,3056.21,temperature,71.0472,71.0472,3056.21
0,44,5,3056.21,pressure,29.7736,29.7736,3056.21
0,44,5,3056.21,humidity,41.8843,41.8843,3056.21
0,49,4,3057.15,torque,48.866,,3057.15
0,49,4,3057.15,vibration,0.193,,3057.15
0,49,4,3057.15,temperature,67.9713,,3057.15
0,49,4,3057.15,pressure,28.4912,,3057.15
0,49,4,3057.15,humidity,44.8379,,3057.15
0,54,3,3057.15,torque,59.3281,59.3281,3057.15
0,54,3,3057.15,vibration,0.356,0.356,3057.15
0,54,3,3057.15,temperature,76.9387,76.9387,3057.15
0,54,3,3057.15,pressure,30.9116,30.9116,3057.15
0,54,3,3057.15,humidity,43.6138,43.6138,3057.15
0,58,1,3091.76,torque,50.5468,50.5468,3091.76
0,58,1,3091.76,vibration,0.1773,0.1773,3091.76
0,58,1,3091.76,temperature,71.0433,71.0433,3091.76
0,58,1,3091.76,pressure,27.4802,27.4802,3091.76
0,58,1,3091.76,humidity,44.829,44.829,3091.76
0,37,9,3092.0,torque,49.7264,,3092.0
0,37,9,3092.0,vibration,0.1936,,3092.0
0,37,9,3092.0,temperature,70.7172,,3092.0
0,37,9,3092.0,pressure,31.9408,,3092.0
0,37,9,3092.0,humidity,47.4486,,3092.0
0,61,0,3097.7,torque,50.4785,50.4785,3097.7
0,61,0,3097.7,vibration,0.2485,0.2485,3097.7
0,61,0,3097.7,temperature,71.2783,71.2783,3097.7
0,61,0,3097.7,pressure,31.8613,31.8613,3097.7
0,61,0,3097.7,humidity,45.5692,45.5692,3097.7
0,38,8,3100.47,torque,49.2598,49.2598,3100.47
0,38,8,3100.47,vibration,0.2196,0.2196,3100.47
0,38,8,3100.47,temperature,71.7425,71.7425,3100.47
0,38,8,3100.47,pressure,26.5682,26.5682,3100.47
0,38,8,3100.47,humidity,42.3976,42.3976,3100.47
0,57,2,3104.09,torque,50.2285,50.2285,3104.09
0,57,2,3104.09,vibration,0.1579,0.1579,3104.09
0,57,2,3104.09,temperature,72.5326,72.5326,3104.09
0,57,2,3104.09,pressure,27.5093,27.5093,3104.09
0,57,2,3104.09,humidity,45.5792,45.5792,3104.09
0,36,11,3106.76,torque,47.3889,47.3889,3106.76
0,36,11,3106.76,vibration,0.1902,0.1902,3106.76
0,36,11,3106.76,temperature,72.598,72.598,3106.76
0,36,11,3106.76,pressure,31.0542,31.0542,3106.76
0,36,11,3106.76,humidity,41.2536,41.2536,3106.76
0,39,7,3111.47,torque,50.699,50.699,3111.47
0,39,7,3111.47,vibration,0.2018,0.2018,3111.47
0,39,7,3111.47,temperature,69.4041,69.4041,3111.47
0,39,7,3111.47,pressure,30.7794,30.7794,3111.47
0,39,7,3111.47,humidity,48.6392,48.6392,3111.47
0,40,6,3111.47,torque,50.3901,50.3901,3111.47
0,40,6,3111.47,vibration,0.1848,0.1848,3111.47
0,40,6,3111.47,temperature,67.6757,67.6757,3111.47
0,40,6,3111.47,pressure,31.1846,31.1846,3111.47
0,40,6,3111.47,humidity,46.5985,46.5985,3111.47
0,45,5,3111.84,torque,49.4107,49.4107,3111.84
0,45,5,3111.84,vibration,0.1661,0.1661,3111.84
0,45,5,3111.84,temperature,68.6732,68.6732,3111.84
0,45,5,3111.84,pressure,32.9318,32.9318,3111.84
0,45,5,3111.84,humidity,43.3909,43.3909,3111.84
0,50,4,3115.44,torque,51.1946,,3115.44
0,50,4,3115.44,vibration,0.1795,,3115.44
0,50,4,3115.44,temperature,67.5329,,3115.44
0,50,4,3115.44,pressure,29.0498,,3115.44
0,50,4,3115.44,humidity,44.4239,,3115.44
0,55,3,3115.44,torque,59.4848,59.4848,3115.44
0,55,3,3115.44,vibration,0.2876,0.2876,3115.44
0,55,3,3115.44,temperature,81.194,81.194,3115.44
0,55,3,3115.44,pressure,31.0715,31.0715,3115.44
0,55,3,3115.44,humidity,45.2964,45.2964,3115.44
0,37,10,3144.99,torque,49.878,49.878,3144.99
0,37,10,3144.99,vibration,0.1932,0.1932,3144.99
0,37,10,3144.99,temperature,70.7941,70.7941,3144.99
0,37,10,3144.99,pressure,28.7794,28.7794,3144.99
0,37,10,3144.99,humidity,44.0028,44.0028,3144.99
0,38,9,3144.99,torque,50.238,,3144.99
0,38,9,3144.99,vibration,0.2308,,3144.99
0,38,9,3144.99,temperature,68.4477,,3144.99
0,38,9,3144.99,pressure,32.1208,,3144.99
0,38,9,3144.99,humidity,47.1212,,3144.99
0,59,1,3145.15,torque,50.1858,50.1858,3145.15
0,59,1,3145.15,vibration,0.2037,0.2037,3145.15
0,59,1,3145.15,temperature,67.7776,67.7776,3145.15
0,59,1,3145.15,pressure,32.6052,32.6052,3145.15
0,59,1,3145.15,humidity,46.8474,46.8474,3145.15
0,58,2,3151.72,torque,48.6372,48.6372,3151.72
0,58,2,3151.72,vibration,0.2167,0.2167,3151.72
0,58,2,3151.72,temperature,71.6959,71.6959,3151.72
0,58,2,3151.72,pressure,28.8475,28.8475,3151.72
0,58,2,3151.72,humidity,46.6653,46.6653,3151.72
0,62,0,3151.75,torque,48.977,48.977,3151.75
0,62,0,3151.75,vibration,0.2045,0.2045,3151.75
0,62,0,3151.75,temperature,68.1718,68.1718,3151.75
0,62,0,3151.75,pressure,28.1178,28.1178,3151.75
0,62,0,3151.75,humidity,45.5064,45.5064,3151.75
0,39,8,3155.05,torque,49.1019,49.1019,3155.05
0,39,8,3155.05,vibration,0.2231,0.2231,3155.05
0,39,8,3155.05,temperature,69.3571,69.3571,3155.05
0,39,8,3155.05,pressure,27.6332,27.6332,3155.05
0,39,8,3155.05,humidity,41.7111,41.7111,3155.05
0,40,7,3196.62,torque,51.4508,51.4508,3196.62
0,40,7,3196.62,vibration,0.1884,0.1884,3196.62
0,40,7,3196.62,temperature,71.4805,71.4805,3196.62
0,40,7,3196.62,pressure,30.549,30.549,3196.62
0,40,7,3196.62,humidity,46.7585,46.7585,3196.62
0,41,6,3196.62,torque,50.1049,50.1049,3196.62
0,41,6,3196.62,vibration,0.1567,0.1567,3196.62
0,41,6,3196.62,temperature,72.1727,72.1727,3196.62
0,41,6,3196.62,pressure,32.7232,32.7232,3196.62
0,41,6,3196.62,humidity,46.7675,46.7675,3196.62
0,46,5,3196.62,torque,49.0415,49.0415,3196.62
0,46,5,3196.62,vibration,0.2016,0.2016,3196.62
0,46,5,3196.62,temperature,68.4706,68.4706,3196.62
0,46,5,3196.62,pressure,30.5456,30.5456,3196.62
0,46,5,3196.62,humidity,42.6598,42.6598,3196.62
0,51,4,3196.62,torque,49.5124,,3196.62
0,51,4,3196.62,vibration,0.2049,,3196.62
0,51,4,3196.62,temperature,70.8194,,3196.62
0,51,4,3196.62,pressure,29.594,,3196.62
0,51,4,3196.62,humidity,44.0223,,3196.62
0,56,3,3196.62,torque,56.2989,56.2989,3196.62
0,56,3,3196.62,vibration,0.3191,0.3191,3196.62
0,56,3,3196.62,temperature,75.7107,75.7107,3196.62
0,56,3,3196.62,pressure,29.3941,29.3941,3196.62
0,56,3,3196.62,humidity,43.7503,43.7503,3196.62
0,37,11,3199.24,torque,47.7458,47.7458,3199.24
0,37,11,3199.24,vibration,0.182,0.182,3199.24
0,37,11,3199.24,temperature,70.7162,70.7162,3199.24
0,37,11,3199.24,pressure,31.429,31.429,3199.24
0,37,11,3199.24,humidity,40.1138,40.1138,3199.24
0,38,10,3199.24,torque,47.6935,47.6935,3199.24
0,38,10,3199.24,vibration,0.2199,0.2199,3199.24
0,38,10,3199.24,temperature,69.6881,69.6881,3199.24
0,38,10,3199.24,pressure,27.6759,27.6759,3199.24
0,38,10,3199.24,humidity,44.362,44.362,3199.24
0,60,1,3201.44,torque,49.6379,49.6379,3201.44
0,60,1,3201.44,vibration,0.2155,0.2155,3201.44
0,60,1,3201.44,temperature,72.6799,72.6799,3201.44
0,60,1,3201.44,pressure,29.0884,29.0884,3201.44
0,60,1,3201.44,humidity,46.5347,46.5347,3201.44
0,39,9,3201.63,torque,49.0803,,3201.63
0,39,9,3201.63,vibration,0.1928,,3201.63
0,39,9,3201.63,temperature,70.2129,,3201.63
0,39,9,3201.63,pressure,31.1657,,3201.63
0,39,9,3201.63,humidity,45.7621,,3201.63
0,59,2,3202.27,torque,48.2355,48.2355,3202.27
0,59,2,3202.27,vibration,0.2438,0.2438,3202.27
0,59,2,3202.27,temperature,69.889,69.889,3202.27
0,59,2,3202.27,pressure,27.3557,27.3557,3202.27
0,59,2,3202.27,humidity,46.6082,46.6082,3202.27
0,63,0,3215.33,torque,46.8426,46.8426,3215.33
0,63,0,3215.33,vibration,0.1591,0.1591,3215.33
0,63,0,3215.33,temperature,71.4518,71.4518,3215.33
0,63,0,3215.33,pressure,29.2051,29.2051,3215.33
0,63,0,3215.33,humidity,45.2387,45.2387,3215.33
0,40,8,3246.24,torque,51.2093,51.2093,3246.24
0,40,8,3246.24,vibration,0.2212,0.2212,3246.24
0,40,8,3246.24,temperature,70.524,70.524,3246.24
0,40,8,3246.24,pressure,30.8912,30.8912,3246.24
0,40,8,3246.24,humidity,43.2896,43.2896,3246.24
0,60,2,3256.28,torque,54.2362,54.2362,3256.28
0,60,2,3256.28,vibration,0.2225,0.2225,3256.28
0,60,2,3256.28,temperature,68.0243,68.0243,3256.28
0,60,2,3256.28,pressure,27.9826,27.9826,3256.28
0,60,2,3256.28,humidity,44.8403,44.8403,3256.28
0,61,1,3256.28,torque,48.1352,48.1352,3256.28
0,61,1,3256.28,vibration,0.2202,0.2202,3256.28
0,61,1,3256.28,temperature,70.9079,70.9079,3256.28
0,61,1,3256.28,pressure,30.3214,30.3214,3256.28
0,61,1,3256.28,humidity,45.4973,45.4973,3256.28
0,38,11,3257.42,torque,50.2375,50.2375,3257.42
0,38,11,3257.42,vibration,0.1863,0.1863,3257.42
0,38,11,3257.42,temperature,69.4907,69.4907,3257.42
0,38,11,3257.42,pressure,29.5595,29.5595,3257.42
0,38,11,3257.42,humidity,41.4949,41.4949,3257.42
0,64,0,3257.42,torque,51.9076,51.9076,3257.42
0,64,0,3257.42,vibration,0.1923,0.1923,3257.42
0,64,0,3257.42,temperature,71.8817,71.8817,3257.42
0,64,0,3257.42,pressure,31.6125,31.6125,3257.42
0,64,0,3257.42,humidity,46.3437,46.3437,3257.42
0,39,10,3266.12,torque,49.7211,49.7211,3266.12
0,39,10,3266.12,vibration,0.1933,0.1933,3266.12
0,39,10,3266.12,temperature,70.1936,70.1936,3266.12
0,39,10,3266.12,pressure,30.6253,30.6253,3266.12
0,39,10,3266.12,humidity,44.5341,44.5341,3266.12
0,40,9,3289.7,torque,48.1051,,3289.7
0,40,9,3289.7,vibration,0.2162,,3289.7
0,40,9,3289.7,temperature,69.0334,,3289.7
0,40,9,3289.7,pressure,30.4194,,3289.7
0,40,9,3289.7,humidity,45.7576,,3289.7
0,41,7,3294.66,torque,48.0063,48.0063,3294.66
0,41,7,3294.66,vibration,0.2485,0.2485,3294.66
0,41,7,3294.66,temperature,69.425,69.425,3294.66
0,41,7,3294.66,pressure,31.1703,31.1703,3294.66
0,41,7,3294.66,humidity,47.7011,47.7011,3294.66
0,42,6,3294.66,torque,51.2542,51.2542,3294.66
0,42,6,3294.66,vibration,0.2087,0.2087,3294.66
0,42,6,3294.66,temperature,71.5794,71.5794,3294.66
0,42,6,3294.66,pressure,30.4972,30.4972,3294.66
0,42,6,3294.66,humidity,47.2565,47.2565,3294.66
0,47,5,3294.66,torque,52.0957,52.0957,3294.66
0,47,5,3294.66,vibration,0.1904,0.1904,3294.66
0,47,5,3294.66,temperature,67.9874,67.9874,3294.66
0,47,5,3294.66,pressure,29.4778,29.4778,3294.66
0,47,5,3294.66,humidity,44.8307,44.8307,3294.66
0,52,4,3294.66,torque,47.1609,,3294.66
0,52,4,3294.66,vibration,0.2252,,3294.66
0,52,4,3294.66,temperature,66.3556,,3294.66
0,52,4,3294.66,pressure,29.7187,,3294.66
0,52,4,3294.66,humidity,44.6593,,3294.66
0,57,3,3294.66,torque,50.6021,50.6021,3294.66
0,57,3,3294.66,vibration,0.2684,0.2684,3294.66
0,57,3,3294.66,temperature,72.6078,72.6078,3294.66
0,57,3,3294.66,pressure,29.3388,29.3388,3294.66
0,57,3,3294.66,humidity,42.5903,42.5903,3294.66
0,65,0,3303.06,torque,49.3172,49.3172,3303.06
0,65,0,3303.06,vibration,0.1922,0.1922,3303.06
0,65,0,3303.06,temperature,67.4209,67.4209,3303.06
0,65,0,3303.06,pressure,28.5572,28.5572,3303.06
0,65,0,3303.06,humidity,45.693,45.693,3303.06
0,61,2,3311.68,torque,49.0168,49.0168,3311.68
0,61,2,3311.68,vibration,0.2154,0.2154,3311.68
0,61,2,3311.68,temperature,71.058,71.058,3311.68
0,61,2,3311.68,pressure,29.3887,29.3887,3311.68
0,61,2,3311.68,humidity,46.3392,46.3392,3311.68
0,62,1,3311.68,torque,50.2683,50.2683,3311.68
0,62,1,3311.68,vibration,0.1973,0.1973,3311.68
0,62,1,3311.68,temperature,68.2073,68.2073,3311.68
0,62,1,3311.68,pressure,29.9291,29.9291,3311.68
0,62,1,3311.68,humidity,46.1977,46.1977,3311.68
0,39,11,3329.13,torque,51.9863,51.9863,3329.13
0,39,11,3329.13,vibration,0.2315,0.2315,3329.13
0,39,11,3329.13,temperature,72.4021,72.4021,3329.13
0,39,11,3329.13,pressure,31.714,31.714,3329.13
0,39,11,3329.13,humidity,41.8954,41.8954,3329.13
0,41,8,3335.31,torque,51.072,51.072,3335.31
0,41,8,3335.31,vibration,0.2428,0.2428,3335.31
0,41,8,3335.31,temperature,65.2054,65.2054,3335.31
0,41,8,3335.31,pressure,31.5918,31.5918,3335.31
0,41,8,3335.31,humidity,42.0897,42.0897,3335.31
0,40,10,3342.16,torque,49.842,49.842,3342.16
0,40,10,3342.16,vibration,0.2269,0.2269,3342.16
0,40,10,3342.16,temperature,67.732,67.732,3342.16
0,40,10,3342.16,pressure,29.9478,29.9478,3342.16
0,40,10,3342.16,humidity,42.5743,42.5743,3342.16
0,66,0,3360.08,torque,51.6988,51.6988,3360.08
0,66,0,3360.08,vibration,0.2271,0.2271,3360.08
0,66,0,3360.08,temperature,73.8364,73.8364,3360.08
0,66,0,3360.08,pressure,28.5379,28.5379,3360.08
0,66,0,3360.08,humidity,44.953,44.953,3360.08
0,62,2,3366.16,torque,48.9842,48.9842,3366.16
0,62,2,3366.16,vibration,0.1842,0.1842,3366.16
0,62,2,3366.16,temperature,69.1207,69.1207,3366.16
0,62,2,3366.16,pressure,32.8558,32.8558,3366.16
0,62,2,3366.16,humidity,45.539,45.539,3366.16
0,63,1,3366.16,torque,48.186,48.186,3366.16
0,63,1,3366.16,vibration,0.198,0.198,3366.16
0,63,1,3366.16,temperature,69.3338,69.3338,3366.16
0,63,1,3366.16,pressure,27.7354,27.7354,3366.16
0,63,1,3366.16,humidity,46.0837,46.0837,3366.16
0,41,9,3373.56,torque,46.2345,,3373.56
0,41,9,3373.56,vibration,0.1545,,3373.56
0,41,9,3373.56,temperature,69.4704,,3373.56
0,41,9,3373.56,pressure,30.8206,,3373.56
0,41,9,3373.56,humidity,45.7841,,3373.56
0,42,7,3374.28,torque,46.6725,46.6725,3374.28
0,42,7,3374.28,vibration,0.1427,0.1427,3374.28
0,42,7,3374.28,temperature,67.6274,67.6274,3374.28
0,42,7,3374.28,pressure,26.5405,26.5405,3374.28
0,42,7,3374.28,humidity,46.9367,46.9367,3374.28
0,43,6,3374.28,torque,52.0791,52.0791,3374.28
0,43,6,3374.28,vibration,0.1785,0.1785,3374.28
0,43,6,3374.28,temperature,68.1946,68.1946,3374.28
0,43,6,3374.28,pressure,28.4108,28.4108,3374.28
0,43,6,3374.28,humidity,46.248,46.248,3374.28
0,48,5,3374.28,torque,49.0975,49.0975,3374.28
0,48,5,3374.28,vibration,0.2245,0.2245,3374.28
0,48,5,3374.28,temperature,71.7887,71.7887,3374.28
0,48,5,3374.28,pressure,29.0237,29.0237,3374.28
0,48,5,3374.28,humidity,43.538,43.538,3374.28
0,53,4,3374.28,torque,51.0606,,3374.28
0,53,4,3374.28,vibration,0.2017,,3374.28
0,53,4,3374.28,temperature,71.7398,,3374.28
0,53,4,3374.28,pressure,26.8684,,3374.28
0,53,4,3374.28,humidity,43.8814,,3374.28
0,58,3,3374.28,torque,54.5211,54.5211,3374.28
0,58,3,3374.28,vibration,0.2277,0.2277,3374.28
0,58,3,3374.28,temperature,74.1843,74.1843,3374.28
0,58,3,3374.28,pressure,31.0075,31.0075,3374.28
0,58,3,3374.28,humidity,43.0441,43.0441,3374.28
0,40,11,3392.37,torque,48.6041,48.6041,3392.37
0,40,11,3392.37,vibration,0.1964,0.1964,3392.37
0,40,11,3392.37,temperature,66.095,66.095,3392.37
0,40,11,3392.37,pressure,27.5085,27.5085,3392.37
0,40,11,3392.37,humidity,41.8247,41.8247,3392.37
0,67,0,3409.02,torque,48.4131,48.4131,3409.02
0,67,0,3409.02,vibration,0.124,0.124,3409.02
0,67,0,3409.02,temperature,70.4393,70.4393,3409.02
0,67,0,3409.02,pressure,28.2257,28.2257,3409.02
0,67,0,3409.02,humidity,45.28,45.28,3409.02
0,63,2,3422.86,torque,50.2981,50.2981,3422.86
0,63,2,3422.86,vibration,0.2291,0.2291,3422.86
0,63,2,3422.86,temperature,69.9176,69.9176,3422.86
0,63,2,3422.86,pressure,26.123,26.123,3422.86
0,63,2,3422.86,humidity,44.4734,44.4734,3422.86
0,64,1,3422.86,torque,48.2031,48.2031,3422.86
0,64,1,3422.86,vibration,0.1936,0.1936,3422.86
0,64,1,3422.86,temperature,68.9278,68.9278,3422.86
0,64,1,3422.86,pressure,27.0734,27.0734,3422.86
0,64,1,3422.86,humidity,45.4393,45.4393,3422.86
0,41,10,3425.53,torque,50.1859,50.1859,3425.53
0,41,10,3425.53,vibration,0.2495,0.2495,3425.53
0,41,10,3425.53,temperature,71.4082,71.4082,3425.53
0,41,10,3425.53,pressure,31.1109,31.1109,3425.53
0,41,10,3425.53,humidity,43.2159,43.2159,3425.53
0,42,8,3433.64,torque,50.5624,50.5624,3433.64
0,42,8,3433.64,vibration,0.2525,0.2525,3433.64
0,42,8,3433.64,temperature,74.0497,74.0497,3433.64
0,42,8,3433.64,pressure,30.9146,30.9146,3433.64
0,42,8,3433.64,humidity,42.3921,42.3921,3433.64
0,43,7,3435.85,torque,50.3194,50.3194,3435.85
0,43,7,3435.85,vibration,0.1784,0.1784,3435.85
0,43,7,3435.85,temperature,73.5417,73.5417,3435.85
0,43,7,3435.85,pressure,27.3044,27.3044,3435.85
0,43,7,3435.85,humidity,46.7923,46.7923,3435.85
0,44,6,3435.85,torque,48.9489,48.9489,3435.85
0,44,6,3435.85,vibration,0.1935,0.1935,3435.85
0,44,6,3435.85,temperature,71.6757,71.6757,3435.85
0,44,6,3435.85,pressure,30.8913,30.8913,3435.85
0,44,6,3435.85,humidity,45.9701,45.9701,3435.85
0,49,5,3435.85,torque,51.2895,51.2895,3435.85
0,49,5,3435.85,vibration,0.1836,0.1836,3435.85
0,49,5,3435.85,temperature,74.3388,74.3388,3435.85
0,49,5,3435.85,pressure,29.8476,29.8476,3435.85
0,49,5,3435.85,humidity,44.5318,44.5318,3435.85
0,54,4,3435.85,torque,49.5255,,3435.85
0,54,4,3435.85,vibration,0.1812,,3435.85
0,54,4,3435.85,temperature,72.1202,,3435.85
0,54,4,3435.85,pressure,32.9463,,3435.85
0,54,4,3435.85,humidity,43.5254,,3435.85
0,59,3,3435.85,torque,50.8227,50.8227,3435.85
0,59,3,3435.85,vibration,0.2144,0.2144,3435.85
0,59,3,3435.85,temperature,71.8724,71.8724,3435.85
0,59,3,3435.85,pressure,31.572,31.572,3435.85
0,59,3,3435.85,humidity,43.7118,43.7118,3435.85
0,68,0,3458.9,torque,50.1966,50.1966,3458.9
0,68,0,3458.9,vibration,0.1944,0.1944,3458.9
0,68,0,3458.9,temperature,70.481,70.481,3458.9
0,68,0,3458.9,pressure,33.6635,33.6635,3458.9
0,68,0,3458.9,humidity,45.3667,45.3667,3458.9
0,64,2,3477.66,torque,51.2151,51.2151,3477.66
0,64,2,3477.66,vibration,0.2063,0.2063,3477.66
0,64,2,3477.66,temperature,74.9218,74.9218,3477.66
0,64,2,3477.66,pressure,30.2498,30.2498,3477.66
0,64,2,3477.66,humidity,45.2691,45.2691,3477.66
0,65,1,3477.66,torque,47.4957,47.4957,3477.66
0,65,1,3477.66,vibration,0.2004,0.2004,3477.66
0,65,1,3477.66,temperature,70.52,70.52,3477.66
0,65,1,3477.66,pressure,30.8204,30.8204,3477.66
0,65,1,3477.66,humidity,46.4616,46.4616,3477.66
0,41,11,3485.09,torque,47.8605,47.8605,3485.09
0,41,11,3485.09,vibration,0.2025,0.2025,3485.09
0,41,11,3485.09,temperature,68.3681,68.3681,3485.09
0,41,11,3485.09,pressure,30.7495,30.7495,3485.09
0,41,11,3485.09,humidity,42.5862,42.5862,3485.09
0,42,9,3486.27,torque,50.0022,,3486.27
0,42,9,3486.27,vibration,0.1704,,3486.27
0,42,9,3486.27,temperature,69.6892,,3486.27
0,42,9,3486.27,pressure,28.2081,,3486.27
0,42,9,3486.27,humidity,45.0847,,3486.27
0,43,8,3486.27,torque,48.975,48.975,3486.27
0,43,8,3486.27,vibration,0.2318,0.2318,3486.27
0,43,8,3486.27,temperature,68.6946,68.6946,3486.27
0,43,8,3486.27,pressure,30.0292,30.0292,3486.27
0,43,8,3486.27,humidity,41.2061,41.2061,3486.27
0,44,7,3511.97,torque,52.7297,52.7297,3511.97
0,44,7,3511.97,vibration,0.2114,0.2114,3511.97
0,44,7,3511.97,temperature,67.8836,67.8836,3511.97
0,44,7,3511.97,pressure,28.1224,28.1224,3511.97
0,44,7,3511.97,humidity,47.5827,47.5827,3511.97
0,45,6,3511.97,torque,49.5012,49.5012,3511.97
0,45,6,3511.97,vibration,0.1848,0.1848,3511.97
0,45,6,3511.97,temperature,64.6463,64.6463,3511.97
0,45,6,3511.97,pressure,30.0035,30.0035,3511.97
0,45,6,3511.97,humidity,45.6745,45.6745,3511.97
0,50,5,3511.97,torque,53.6472,53.6472,3511.97
0,50,5,3511.97,vibration,0.2078,0.2078,3511.97
0,50,5,3511.97,temperature,69.2701,69.2701,3511.97
0,50,5,3511.97,pressure,31.1923,31.1923,3511.97
0,50,5,3511.97,humidity,44.2299,44.2299,3511.97
0,55,4,3511.97,torque,51.3111,,3511.97
0,55,4,3511.97,vibration,0.2291,,3511.97
0,55,4,3511.97,temperature,68.95,,3511.97
0,55,4,3511.97,pressure,31.7923,,3511.97
0,55,4,3511.97,humidity,44.6646,,3511.97
0,60,3,3511.97,torque,49.3853,49.3853,3511.97
0,60,3,3511.97,vibration,0.1858,0.1858,3511.97
0,60,3,3511.97,temperature,70.2479,70.2479,3511.97
0,60,3,3511.97,pressure,28.7879,28.7879,3511.97
0,60,3,3511.97,humidity,43.4073,43.4073,3511.97
0,69,0,3512.28,torque,49.3354,49.3354,3512.28
0,69,0,3512.28,vibration,0.1848,0.1848,3512.28
0,69,0,3512.28,temperature,73.1012,73.1012,3512.28
0,69,0,3512.28,pressure,30.9357,30.9357,3512.28
0,69,0,3512.28,humidity,45.071,45.071,3512.28
0,65,2,3524.11,torque,50.7183,50.7183,3524.11
0,65,2,3524.11,vibration,0.2073,0.2073,3524.11
0,65,2,3524.11,temperature,69.76,69.76,3524.11
0,65,2,3524.11,pressure,31.6608,31.6608,3524.11
0,65,2,3524.11,humidity,45.5365,45.5365,3524.11
0,66,1,3524.11,torque,49.736,49.736,3524.11
0,66,1,3524.11,vibration,0.1838,0.1838,3524.11
0,66,1,3524.11,temperature,70.118,70.118,3524.11
0,66,1,3524.11,pressure,30.6173,30.6173,3524.11
0,66,1,3524.11,humidity,46.7407,46.7407,3524.11
0,42,10,3539.5,torque,52.1127,52.1127,3539.5
0,42,10,3539.5,vibration,0.1899,0.1899,3539.5
0,42,10,3539.5,temperature,70.0452,70.0452,3539.5
0,42,10,3539.5,pressure,30.9191,30.9191,3539.5
0,42,10,3539.5,humidity,44.0046,44.0046,3539.5
0,43,9,3539.5,torque,50.613,,3539.5
0,43,9,3539.5,vibration,0.2423,,3539.5
0,43,9,3539.5,temperature,66.6473,,3539.5
0,43,9,3539.5,pressure,33.0394,,3539.5
0,43,9,3539.5,humidity,45.0658,,3539.5
0,70,0,3556.35,torque,47.6641,47.6641,3556.35
0,70,0,3556.35,vibration,0.1732,0.1732,3556.35
0,70,0,3556.35,temperature,68.7803,68.7803,3556.35
0,70,0,3556.35,pressure,29.3611,29.3611,3556.35
0,70,0,3556.35,humidity,44.8399,44.8399,3556.35
0,44,8,3557.24,torque,49.2033,49.2033,3557.24
0,44,8,3557.24,vibration,0.2179,0.2179,3557.24
0,44,8,3557.24,temperature,70.4751,70.4751,3557.24
0,44,8,3557.24,pressure,33.5793,33.5793,3557.24
0,44,8,3557.24,humidity,40.9567,40.9567,3557.24
0,67,1,3558.74,torque,50.304,50.304,3558.74
0,67,1,3558.74,vibration,0.2049,0.2049,3558.74
0,67,1,3558.74,temperature,69.8129,69.8129,3558.74
0,67,1,3558.74,pressure,31.5275,31.5275,3558.74
0,67,1,3558.74,humidity,46.6835,46.6835,3558.74
0,42,11,3586.73,torque,49.9041,49.9041,3586.73
0,42,11,3586.73,vibration,0.1617,0.1617,3586.73
0,42,11,3586.73,temperature,70.1981,70.1981,3586.73
0,42,11,3586.73,pressure,28.1913,28.1913,3586.73
0,42,11,3586.73,humidity,42.332,42.332,3586.73
0,43,10,3586.73,torque,49.9222,49.9222,3586.73
0,43,10,3586.73,vibration,0.2683,0.2683,3586.73
0,43,10,3586.73,temperature,71.5058,71.5058,3586.73
0,43,10,3586.73,pressure,28.0406,28.0406,3586.73
0,43,10,3586.73,humidity,44.7145,44.7145,3586.73
0,45,7,3592.9,torque,52.3315,52.3315,3592.9
0,45,7,3592.9,vibration,0.2157,0.2157,3592.9
0,45,7,3592.9,temperature,70.9227,70.9227,3592.9
0,45,7,3592.9,pressure,30.8543,30.8543,3592.9
0,45,7,3592.9,humidity,47.6574,47.6574,3592.9
0,46,6,3592.9,torque,49.4231,49.4231,3592.9
0,46,6,3592.9,vibration,0.148,0.148,3592.9
0,46,6,3592.9,temperature,73.0888,73.0888,3592.9
0,46,6,3592.9,pressure,31.9383,31.9383,3592.9
0,46,6,3592.9,humidity,45.9902,45.9902,3592.9
0,51,5,3592.9,torque,49.3439,49.3439,3592.9
0,51,5,3592.9,vibration,0.2038,0.2038,3592.9
0,51,5,3592.9,temperature,71.313,71.313,3592.9
0,51,5,3592.9,pressure,29.2896,29.2896,3592.9
0,51,5,3592.9,humidity,42.9871,42.9871,3592.9
0,56,4,3592.9,torque,49.6372,,3592.9
0,56,4,3592.9,vibration,0.1604,,3592.9
0,56,4,3592.9,temperature,71.7234,,3592.9
0,56,4,3592.9,pressure,28.0788,,3592.9
0,56,4,3592.9,humidity,44.6968,,3592.9
0,61,3,3592.9,torque,48.9197,48.9197,3592.9
0,61,3,3592.9,vibration,0.1943,0.1943,3592.9
0,61,3,3592.9,temperature,72.8819,72.8819,3592.9
0,61,3,3592.9,pressure,28.0764,28.0764,3592.9
0,61,3,3592.9,humidity,45.0673,45.0673,3592.9
0,66,2,3592.9,torque,52.7062,52.7062,3592.9
0,66,2,3592.9,vibration,0.2039,0.2039,3592.9
0,66,2,3592.9,temperature,71.8177,71.8177,3592.9
0,66,2,3592.9,pressure,30.2522,30.2522,3592.9
0,66,2,3592.9,humidity,45.9041,45.9041,3592.9
0,44,9,3595.87,torque,51.7129,,3595.87
0,44,9,3595.87,vibration,0.171,,3595.87
0,44,9,3595.87,temperature,69.807,,3595.87
0,44,9,3595.87,pressure,27.4055,,3595.87
0,44,9,3595.87,humidity,46.0564,,3595.87
0,68,1,3601.25,torque,49.7743,49.7743,3601.25
0,68,1,3601.25,vibration,0.1899,0.1899,3601.25
0,68,1,3601.25,temperature,72.4294,72.4294,3601.25
0,68,1,3601.25,pressure,33.916,33.916,3601.25
0,68,1,3601.25,humidity,47.1972,47.1972,3601.25
0,71,0,3607.03,torque,49.5264,49.5264,3607.03
0,71,0,3607.03,vibration,0.211,0.211,3607.03
0,71,0,3607.03,temperature,68.6801,68.6801,3607.03
0,71,0,3607.03,pressure,32.8228,32.8228,3607.03
0,71,0,3607.03,humidity,45.7673,45.7673,3607.03
0,47,6,3624.47,torque,48.6915,48.6915,3624.47
0,47,6,3624.47,vibration,0.1956,0.1956,3624.47
0,47,6,3624.47,temperature,70.9485,70.9485,3624.47
0,47,6,3624.47,pressure,29.4996,29.4996,3624.47
0,47,6,3624.47,humidity,45.545,45.545,3624.47
0,43,11,3638.27,torque,50.3964,50.3964,3638.27
0,43,11,3638.27,vibration,0.1892,0.1892,3638.27
0,43,11,3638.27,temperature,69.2064,69.2064,3638.27
0,43,11,3638.27,pressure,27.8249,27.8249,3638.27
0,43,11,3638.27,humidity,41.3643,41.3643,3638.27
0,52,5,3643.12,torque,49.4042,49.4042,3643.12
0,52,5,3643.12,vibration,0.173,0.173,3643.12
0,52,5,3643.12,temperature,69.8543,69.8543,3643.12
0,52,5,3643.12,pressure,30.0951,30.0951,3643.12
0,52,5,3643.12,humidity,42.6582,42.6582,3643.12
0,44,10,3645.44,torque,49.399,49.399,3645.44
0,44,10,3645.44,vibration,0.1856,0.1856,3645.44
0,44,10,3645.44,temperature,69.4562,69.4562,3645.44
0,44,10,3645.44,pressure,23.2645,23.2645,3645.44
0,44,10,3645.44,humidity,44.5591,44.5591,3645.44
0,57,4,3647.03,torque,52.1259,,3647.03
0,57,4,3647.03,vibration,0.2316,,3647.03
0,57,4,3647.03,temperature,67.6387,,3647.03
0,57,4,3647.03,pressure,28.8044,,3647.03
0,57,4,3647.03,humidity,44.5609,,3647.03
0,62,3,3647.03,torque,51.5407,51.5407,3647.03
0,62,3,3647.03,vibration,0.1436,0.1436,3647.03
0,62,3,3647.03,temperature,70.5956,70.5956,3647.03
0,62,3,3647.03,pressure,28.752,28.752,3647.03
0,62,3,3647.03,humidity,45.9191,45.9191,3647.03
0,67,2,3647.03,torque,49.1805,49.1805,3647.03
0,67,2,3647.03,vibration,0.1518,0.1518,3647.03
0,67,2,3647.03,temperature,69.4426,69.4426,3647.03
0,67,2,3647.03,pressure,31.0348,31.0348,3647.03
0,67,2,3647.03,humidity,45.0855,45.0855,3647.03
0,45,8,3649.16,torque,47.8862,47.8862,3649.16
0,45,8,3649.16,vibration,0.1376,0.1376,3649.16
0,45,8,3649.16,temperature,68.6133,68.6133,3649.16
0,45,8,3649.16,pressure,31.813,31.813,3649.16
0,45,8,3649.16,humidity,40.8786,40.8786,3649.16
0,46,7,3649.16,torque,48.5641,48.5641,3649.16
0,46,7,3649.16,vibration,0.2205,0.2205,3649.16
0,46,7,3649.16,temperature,66.5376,66.5376,3649.16
0,46,7,3649.16,pressure,29.1073,29.1073,3649.16
0,46,7,3649.16,humidity,47.6255,47.6255,3649.16
0,72,0,3653.84,torque,52.2352,52.2352,3653.84
0,72,0,3653.84,vibration,0.2274,0.2274,3653.84
0,72,0,3653.84,temperature,70.691,70.691,3653.84
0,72,0,3653.84,pressure,31.3167,31.3167,3653.84
0,72,0,3653.84,humidity,44.7653,44.7653,3653.84
0,69,1,3658.92,torque,51.5761,51.5761,3658.92
0,69,1,3658.92,vibration,0.2112,0.2112,3658.92
0,69,1,3658.92,temperature,69.4434,69.4434,3658.92
0,69,1,3658.92,pressure,26.7268,26.7268,3658.92
0,69,1,3658.92,humidity,46.4372,46.4372,3658.92
0,48,6,3685.28,torque,49.3462,49.3462,3685.28
0,48,6,3685.28,vibration,0.2208,0.2208,3685.28
0,48,6,3685.28,temperature,68.8074,68.8074,3685.28
0,48,6,3685.28,pressure,35.8425,35.8425,3685.28
0,48,6,3685.28,humidity,45.1331,45.1331,3685.28
0,53,5,3690.78,torque,48.6947,48.6947,3690.78
0,53,5,3690.78,vibration,0.1662,0.1662,3690.78
0,53,5,3690.78,temperature,70.3044,70.3044,3690.78
0,53,5,3690.78,pressure,30.3012,30.3012,3690.78
0,53,5,3690.78,humidity,42.845,42.845,3690.78
0,44,11,3691.76,torque,52.3719,52.3719,3691.76
0,44,11,3691.76,vibration,0.2254,0.2254,3691.76
0,44,11,3691.76,temperature,68.9782,68.9782,3691.76
0,44,11,3691.76,pressure,32.0692,32.0692,3691.76
0,44,11,3691.76,humidity,42.6924,42.6924,3691.76
0,70,1,3702.2,torque,48.1356,48.1356,3702.2
0,70,1,3702.2,vibration,0.2043,0.2043,3702.2
0,70,1,3702.2,temperature,68.7434,68.7434,3702.2
0,70,1,3702.2,pressure,31.0691,31.0691,3702.2
0,70,1,3702.2,humidity,45.9704,45.9704,3702.2
0,58,4,3704.7,torque,50.0721,,3704.7
0,58,4,3704.7,vibration,0.181,,3704.7
0,58,4,3704.7,temperature,71.2193,,3704.7
0,58,4,3704.7,pressure,27.3881,,3704.7
0,58,4,3704.7,humidity,45.8595,,3704.7
0,63,3,3704.7,torque,51.1123,51.1123,3704.7
0,63,3,3704.7,vibration,0.2416,0.2416,3704.7
0,63,3,3704.7,temperature,67.3578,67.3578,3704.7
0,63,3,3704.7,pressure,30.4977,30.4977,3704.7
0,63,3,3704.7,humidity,45.2339,45.2339,3704.7
0,68,2,3704.7,torque,50.3248,50.3248,3704.7
0,68,2,3704.7,vibration,0.1961,0.1961,3704.7
0,68,2,3704.7,temperature,69.7819,69.7819,3704.7
0,68,2,3704.7,pressure,28.058,28.058,3704.7
0,68,2,3704.7,humidity,46.8112,46.8112,3704.7
0,47,7,3707.03,torque,50.3456,50.3456,3707.03
0,47,7,3707.03,vibration,0.1868,0.1868,3707.03
0,47,7,3707.03,temperature,68.7256,68.7256,3707.03
0,47,7,3707.03,pressure,32.7751,32.7751,3707.03
0,47,7,3707.03,humidity,47.1384,47.1384,3707.03
0,73,0,3709.93,torque,50.6034,50.6034,3709.93
0,73,0,3709.93,vibration,0.1855,0.1855,3709.93
0,73,0,3709.93,temperature,71.5497,71.5497,3709.93
0,73,0,3709.93,pressure,27.2595,27.2595,3709.93
0,73,0,3709.93,humidity,44.6815,44.6815,3709.93
0,45,9,3710.07,torque,51.6288,,3710.07
0,45,9,3710.07,vibration,0.2162,,3710.07
0,45,9,3710.07,temperature,70.3288,,3710.07
0,45,9,3710.07,pressure,30.0904,,3710.07
0,45,9,3710.07,humidity,44.8202,,3710.07
0,46,8,3710.07,torque,48.2848,48.2848,3710.07
0,46,8,3710.07,vibration,0.244,0.244,3710.07
0,46,8,3710.07,temperature,69.4026,69.4026,3710.07
0,46,8,3710.07,pressure,32.1618,32.1618,3710.07
0,46,8,3710.07,humidity,40.1938,40.1938,3710.07
0,71,1,3755.88,torque,51.4713,51.4713,3755.88
0,71,1,3755.88,vibration,0.175,0.175,3755.88
0,71,1,3755.88,temperature,69.706,69.706,3755.88
0,71,1,3755.88,pressure,33.4938,33.4938,3755.88
0,71,1,3755.88,humidity,46.309,46.309,3755.88
0,48,7,3756.45,torque,49.1168,49.1168,3756.45
0,48,7,3756.45,vibration,0.2325,0.2325,3756.45
0,48,7,3756.45,temperature,72.0482,72.0482,3756.45
0,48,7,3756.45,pressure,32.4895,32.4895,3756.45
0,48,7,3756.45,humidity,47.0344,47.0344,3756.45
0,49,6,3756.45,torque,50.1101,50.1101,3756.45
0,49,6,3756.45,vibration,0.2463,0.2463,3756.45
0,49,6,3756.45,temperature,69.4801,69.4801,3756.45
0,49,6,3756.45,pressure,33.6967,33.6967,3756.45
0,49,6,3756.45,humidity,46.2514,46.2514,3756.45
0,54,5,3756.45,torque,50.6597,50.6597,3756.45
0,54,5,3756.45,vibration,0.2179,0.2179,3756.45
0,54,5,3756.45,temperature,68.8208,68.8208,3756.45
0,54,5,3756.45,pressure,25.8703,25.8703,3756.45
0,54,5,3756.45,humidity,42.5994,42.5994,3756.45
0,59,4,3756.45,torque,50.5534,,3756.45
0,59,4,3756.45,vibration,0.2443,,3756.45
0,59,4,3756.45,temperature,73.4096,,3756.45
0,59,4,3756.45,pressure,32.1393,,3756.45
0,59,4,3756.45,humidity,45.0849,,3756.45
0,64,3,3756.45,torque,51.9229,51.9229,3756.45
0,64,3,3756.45,vibration,0.176,0.176,3756.45
0,64,3,3756.45,temperature,70.1781,70.1781,3756.45
0,64,3,3756.45,pressure,28.822,28.822,3756.45
0,64,3,3756.45,humidity,44.4747,44.4747,3756.45
0,69,2,3756.45,torque,50.027,50.027,3756.45
0,69,2,3756.45,vibration,0.1932,0.1932,3756.45
0,69,2,3756.45,temperature,70.8569,70.8569,3756.45
0,69,2,3756.45,pressure,26.5736,26.5736,3756.45
0,69,2,3756.45,humidity,47.0476,47.0476,3756.45
0,47,8,3759.6,torque,51.6991,51.6991,3759.6
0,47,8,3759.6,vibration,0.2669,0.2669,3759.6
0,47,8,3759.6,temperature,70.7595,70.7595,3759.6
0,47,8,3759.6,pressure,29.8222,29.8222,3759.6
0,47,8,3759.6,humidity,39.4533,39.4533,3759.6
0,74,0,3760.0,torque,49.8326,49.8326,3760.0
0,74,0,3760.0,vibration,0.1933,0.1933,3760.0
0,74,0,3760.0,temperature,68.3417,68.3417,3760.0
0,74,0,3760.0,pressure,28.4516,28.4516,3760.0
0,74,0,3760.0,humidity,45.4577,45.4577,3760.0
0,45,10,3760.27,torque,49.872,49.872,3760.27
0,45,10,3760.27,vibration,0.2444,0.2444,3760.27
0,45,10,3760.27,temperature,71.935,71.935,3760.27
0,45,10,3760.27,pressure,28.7473,28.7473,3760.27
0,45,10,3760.27,humidity,44.6549,44.6549,3760.27
0,46,9,3760.27,torque,49.5033,,3760.27
0,46,9,3760.27,vibration,0.215,,3760.27
0,46,9,3760.27,temperature,70.6749,,3760.27
0,46,9,3760.27,pressure,30.3975,,3760.27
0,46,9,3760.27,humidity,46.2853,,3760.27
0,72,1,3806.4,torque,47.4717,47.4717,3806.4
0,72,1,3806.4,vibration,0.1676,0.1676,3806.4
0,72,1,3806.4,temperature,71.647,71.647,3806.4
0,72,1,3806.4,pressure,30.6855,30.6855,3806.4
0,72,1,3806.4,humidity,46.3282,46.3282,3806.4
0,48,8,3810.76,torque,48.7416,48.7416,3810.76
0,48,8,3810.76,vibration,0.2042,0.2042,3810.76
0,48,8,3810.76,temperature,69.6819,69.6819,3810.76
0,48,8,3810.76,pressure,29.5966,29.5966,3810.76
0,48,8,3810.76,humidity,40.7625,40.7625,3810.76
0,47,9,3811.29,torque,47.4033,,3811.29
0,47,9,3811.29,vibration,0.1721,,3811.29
0,47,9,3811.29,temperature,73.1328,,3811.29
0,47,9,3811.29,pressure,28.0017,,3811.29
0,47,9,3811.29,humidity,45.6937,,3811.29
0,45,11,3816.37,torque,50.0802,50.0802,3816.37
0,45,11,3816.37,vibration,0.2194,0.2194,3816.37
0,45,11,3816.37,temperature,70.0732,70.0732,3816.37
0,45,11,3816.37,pressure,30.4281,30.4281,3816.37
0,45,11,3816.37,humidity,40.5545,40.5545,3816.37
0,46,10,3816.37,torque,50.5111,50.5111,3816.37
0,46,10,3816.37,vibration,0.1759,0.1759,3816.37
0,46,10,3816.37,temperature,69.5581,69.5581,3816.37
0,46,10,3816.37,pressure,31.05,31.05,3816.37
0,46,10,3816.37,humidity,46.5911,46.5911,3816.37
0,75,0,3820.46,torque,52.4291,52.4291,3820.46
0,75,0,3820.46,vibration,0.169,0.169,3820.46
0,75,0,3820.46,temperature,70.2446,70.2446,3820.46
0,75,0,3820.46,pressure,31.065,31.065,3820.46
0,75,0,3820.46,humidity,45.6689,45.6689,3820.46
0,49,7,3842.42,torque,46.9145,46.9145,3842.42
0,49,7,3842.42,vibration,0.1862,0.1862,3842.42
0,49,7,3842.42,temperature,69.3499,69.3499,3842.42
0,49,7,3842.42,pressure,32.3472,32.3472,3842.42
0,49,7,3842.42,humidity,46.3626,46.3626,3842.42
0,50,6,3842.42,torque,51.1183,51.1183,3842.42
0,50,6,3842.42,vibration,0.1784,0.1784,3842.42
0,50,6,3842.42,temperature,67.7833,67.7833,3842.42
0,50,6,3842.42,pressure,30.5596,30.5596,3842.42
0,50,6,3842.42,humidity,43.8953,43.8953,3842.42
0,55,5,3842.42,torque,51.6795,51.6795,3842.42
0,55,5,3842.42,vibration,0.1977,0.1977,3842.42
0,55,5,3842.42,temperature,69.48,69.48,3842.42
0,55,5,3842.42,pressure,27.3413,27.3413,3842.42
0,55,5,3842.42,humidity,41.5738,41.5738,3842.42
0,60,4,3842.42,torque,49.7457,,3842.42
0,60,4,3842.42,vibration,0.221,,3842.42
0,60,4,3842.42,temperature,70.1437,,3842.42
0,60,4,3842.42,pressure,29.6379,,3842.42
0,60,4,3842.42,humidity,44.8478,,3842.42
0,65,3,3842.42,torque,49.266,49.266,3842.42
0,65,3,3842.42,vibration,0.2031,0.2031,3842.42
0,65,3,3842.42,temperature,67.7773,67.7773,3842.42
0,65,3,3842.42,pressure,30.407,30.407,3842.42
0,65,3,3842.42,humidity,42.9187,42.9187,3842.42
0,70,2,3842.42,torque,45.4682,45.4682,3842.42
0,70,2,3842.42,vibration,0.1628,0.1628,3842.42
0,70,2,3842.42,temperature,65.4114,65.4114,3842.42
0,70,2,3842.42,pressure,29.4603,29.4603,3842.42
0,70,2,3842.42,humidity,47.6373,47.6373,3842.42
0,73,1,3855.74,torque,51.5291,51.5291,3855.74
0,73,1,3855.74,vibration,0.212,0.212,3855.74
0,73,1,3855.74,temperature,67.4727,67.4727,3855.74
0,73,1,3855.74,pressure,29.9293,29.9293,3855.74
0,73,1,3855.74,humidity,46.3642,46.3642,3855.74
0,48,9,3863.07,torque,47.6482,,3863.07
0,48,9,3863.07,vibration,0.2023,,3863.07
0,48,9,3863.07,temperature,68.3792,,3863.07
0,48,9,3863.07,pressure,29.4627,,3863.07
0,48,9,3863.07,humidity,46.6147,,3863.07
0,46,11,3864.85,torque,48.9888,48.9888,3864.85
0,46,11,3864.85,vibration,0.2039,0.2039,3864.85
0,46,11,3864.85,temperature,71.8436,71.8436,3864.85
0,46,11,3864.85,pressure,31.3251,31.3251,3864.85
0,46,11,3864.85,humidity,40.9247,40.9247,3864.85
0,47,10,3864.85,torque,49.6373,49.6373,3864.85
0,47,10,3864.85,vibration,0.2367,0.2367,3864.85
0,47,10,3864.85,temperature,67.4974,67.4974,3864.85
0,47,10,3864.85,pressure,25.3411,25.3411,3864.85
0,47,10,3864.85,humidity,46.4803,46.4803,3864.85
0,76,0,3870.55,torque,48.0724,48.0724,3870.55
0,76,0,3870.55,vibration,0.1848,0.1848,3870.55
0,76,0,3870.55,temperature,69.0255,69.0255,3870.55
0,76,0,3870.55,pressure,34.9543,34.9543,3870.55
0,76,0,3870.55,humidity,47.0485,47.0485,3870.55
0,49,8,3875.71,torque,49.5473,49.5473,3875.71
0,49,8,3875.71,vibration,0.1844,0.1844,3875.71
0,49,8,3875.71,temperature,70.2971,70.2971,3875.71
0,49,8,3875.71,pressure,28.9752,28.9752,3875.71
0,49,8,3875.71,humidity,40.2186,40.2186,3875.71
0,74,1,3898.93,torque,52.674,52.674,3898.93
0,74,1,3898.93,vibration,0.1381,0.1381,3898.93
0,74,1,3898.93,temperature,71.1552,71.1552,3898.93
0,74,1,3898.93,pressure,27.6842,27.6842,3898.93
0,74,1,3898.93,humidity,46.6514,46.6514,3898.93
0,50,7,3906.97,torque,50.5001,50.5001,3906.97
0,50,7,3906.97,vibration,0.1354,0.1354,3906.97
0,50,7,3906.97,temperature,72.6123,72.6123,3906.97
0,50,7,3906.97,pressure,29.2522,29.2522,3906.97
0,50,7,3906.97,humidity,47.6955,47.6955,3906.97
0,51,6,3906.97,torque,51.8678,51.8678,3906.97
0,51,6,3906.97,vibration,0.2009,0.2009,3906.97
0,51,6,3906.97,temperature,69.9671,69.9671,3906.97
0,51,6,3906.97,pressure,32.954,32.954,3906.97
0,51,6,3906.97,humidity,46.2984,46.2984,3906.97
0,56,5,3906.97,torque,48.146,48.146,3906.97
0,56,5,3906.97,vibration,0.2199,0.2199,3906.97
0,56,5,3906.97,temperature,65.2088,65.2088,3906.97
0,56,5,3906.97,pressure,29.2128,29.2128,3906.97
0,56,5,3906.97,humidity,45.1482,45.1482,3906.97
0,47,11,3918.07,torque,49.9541,49.9541,3918.07
0,47,11,3918.07,vibration,0.2073,0.2073,3918.07
0,47,11,3918.07,temperature,66.7139,66.7139,3918.07
0,47,11,3918.07,pressure,33.1929,33.1929,3918.07
0,47,11,3918.07,humidity,42.4058,42.4058,3918.07
0,48,10,3918.07,torque,49.9506,49.9506,3918.07
0,48,10,3918.07,vibration,0.2017,0.2017,3918.07
0,48,10,3918.07,temperature,72.3222,72.3222,3918.07
0,48,10,3918.07,pressure,33.454,33.454,3918.07
0,48,10,3918.07,humidity,48.1017,48.1017,3918.07
0,61,4,3918.35,torque,49.7805,,3918.35
0,61,4,3918.35,vibration,0.2008,,3918.35
0,61,4,3918.35,temperature,70.765,,3918.35
0,61,4,3918.35,pressure,29.9678,,3918.35
0,61,4,3918.35,humidity,42.6311,,3918.35
0,66,3,3918.35,torque,50.4936,50.4936,3918.35
0,66,3,3918.35,vibration,0.1743,0.1743,3918.35
0,66,3,3918.35,temperature,67.3059,67.3059,3918.35
0,66,3,3918.35,pressure,30.6626,30.6626,3918.35
0,66,3,3918.35,humidity,44.1149,44.1149,3918.35
0,71,2,3918.35,torque,53.5227,53.5227,3918.35
0,71,2,3918.35,vibration,0.1852,0.1852,3918.35
0,71,2,3918.35,temperature,68.3726,68.3726,3918.35
0,71,2,3918.35,pressure,26.8049,26.8049,3918.35
0,71,2,3918.35,humidity,48.1987,48.1987,3918.35
0,49,9,3926.64,torque,49.7538,,3926.64
0,49,9,3926.64,vibration,0.2284,,3926.64
0,49,9,3926.64,temperature,71.0297,,3926.64
0,49,9,3926.64,pressure,31.0898,,3926.64
0,49,9,3926.64,humidity,48.4066,,3926.64
0,77,0,3929.04,torque,49.524,49.524,3929.04
0,77,0,3929.04,vibration,0.1806,0.1806,3929.04
0,77,0,3929.04,temperature,72.139,72.139,3929.04
0,77,0,3929.04,pressure,29.3604,29.3604,3929.04
0,77,0,3929.04,humidity,45.8123,45.8123,3929.04
0,75,1,3949.78,torque,51.5359,51.5359,3949.78
0,75,1,3949.78,vibration,0.1722,0.1722,3949.78
0,75,1,3949.78,temperature,70.7047,70.7047,3949.78
0,75,1,3949.78,pressure,31.1467,31.1467,3949.78
0,75,1,3949.78,humidity,47.793,47.793,3949.78
0,50,8,3955.4,torque,48.5645,48.5645,3955.4
0,50,8,3955.4,vibration,0.1642,0.1642,3955.4
0,50,8,3955.4,temperature,76.0507,76.0507,3955.4
0,50,8,3955.4,pressure,27.2966,27.2966,3955.4
0,50,8,3955.4,humidity,40.0509,40.0509,3955.4
0,48,11,3963.82,torque,48.4026,48.4026,3963.82
0,48,11,3963.82,vibration,0.172,0.172,3963.82
0,48,11,3963.82,temperature,69.9275,69.9275,3963.82
0,48,11,3963.82,pressure,28.2624,28.2624,3963.82
0,48,11,3963.82,humidity,43.2036,43.2036,3963.82
0,51,7,3966.01,torque,51.244,51.244,3966.01
0,51,7,3966.01,vibration,0.1977,0.1977,3966.01
0,51,7,3966.01,temperature,68.4363,68.4363,3966.01
0,51,7,3966.01,pressure,28.6102,28.6102,3966.01
0,51,7,3966.01,humidity,48.3019,48.3019,3966.01
0,52,6,3966.01,torque,49.499,49.499,3966.01
0,52,6,3966.01,vibration,0.179,0.179,3966.01
0,52,6,3966.01,temperature,70.9164,70.9164,3966.01
0,52,6,3966.01,pressure,29.8791,29.8791,3966.01
0,52,6,3966.01,humidity,44.7636,44.7636,3966.01
0,57,5,3966.01,torque,50.2628,50.2628,3966.01
0,57,5,3966.01,vibration,0.2007,0.2007,3966.01
0,57,5,3966.01,temperature,70.7758,70.7758,3966.01
0,57,5,3966.01,pressure,31.6746,31.6746,3966.01
0,57,5,3966.01,humidity,44.5903,44.5903,3966.01
0,62,4,3966.01,torque,52.3072,,3966.01
0,62,4,3966.01,vibration,0.1874,,3966.01
0,62,4,3966.01,temperature,70.8773,,3966.01
0,62,4,3966.01,pressure,29.744,,3966.01
0,62,4,3966.01,humidity,44.1855,,3966.01
0,67,3,3967.19,torque,47.3907,47.3907,3967.19
0,67,3,3967.19,vibration,0.2303,0.2303,3967.19
0,67,3,3967.19,temperature,70.972,70.972,3967.19
0,67,3,3967.19,pressure,28.4872,28.4872,3967.19
0,67,3,3967.19,humidity,44.8484,44.8484,3967.19
0,72,2,3967.19,torque,49.1229,49.1229,3967.19
0,72,2,3967.19,vibration,0.2285,0.2285,3967.19
0,72,2,3967.19,temperature,70.497,70.497,3967.19
0,72,2,3967.19,pressure,28.8698,28.8698,3967.19
0,72,2,3967.19,humidity,47.164,47.164,3967.19
0,78,0,3979.21,torque,51.7498,51.7498,3979.21
0,78,0,3979.21,vibration,0.1714,0.1714,3979.21
0,78,0,3979.21,temperature,69.6409,69.6409,3979.21
0,78,0,3979.21,pressure,31.6744,31.6744,3979.21
0,78,0,3979.21,humidity,46.1577,46.1577,3979.21
0,49,10,3986.49,torque,53.1734,53.1734,3986.49
0,49,10,3986.49,vibration,0.2218,0.2218,3986.49
0,49,10,3986.49,temperature,70.7564,70.7564,3986.49
0,49,10,3986.49,pressure,25.3481,25.3481,3986.49
0,49,10,3986.49,humidity,48.1526,48.1526,3986.49
0,50,9,3995.5,torque,50.1254,,3995.5
0,50,9,3995.5,vibration,0.2262,,3995.5
0,50,9,3995.5,temperature,71.217,,3995.5
0,50,9,3995.5,pressure,23.116,,3995.5
0,50,9,3995.5,humidity,47.4787,,3995.5
0,76,1,3998.26,torque,50.0679,50.0679,3998.26
0,76,1,3998.26,vibration,0.274,0.274,3998.26
0,76,1,3998.26,temperature,71.4316,71.4316,3998.26
0,76,1,3998.26,pressure,30.6252,30.6252,3998.26
0,76,1,3998.26,humidity,46.5116,46.5116,3998.26
0,51,8,4012.54,torque,46.7686,46.7686,4012.54
0,51,8,4012.54,vibration,0.2171,0.2171,4012.54
0,51,8,4012.54,temperature,71.1456,71.1456,4012.54
0,51,8,4012.54,pressure,31.4684,31.4684,4012.54
0,51,8,4012.54,humidity,41.2675,41.2675,4012.54
0,79,0,4034.37,torque,48.5224,48.5224,4034.37
0,79,0,4034.37,vibration,0.2097,0.2097,4034.37
0,79,0,4034.37,temperature,72.3961,72.3961,4034.37
0,79,0,4034.37,pressure,27.0717,27.0717,4034.37
0,79,0,4034.37,humidity,46.4145,46.4145,4034.37
0,52,7,4036.54,torque,51.5557,51.5557,4036.54
0,52,7,4036.54,vibration,0.2442,0.2442,4036.54
0,52,7,4036.54,temperature,72.0725,72.0725,4036.54
0,52,7,4036.54,pressure,31.401,31.401,4036.54
0,52,7,4036.54,humidity,48.6257,48.6257,4036.54
0,53,6,4036.54,torque,51.2695,51.2695,4036.54
0,53,6,4036.54,vibration,0.1295,0.1295,4036.54
0,53,6,4036.54,temperature,67.9333,67.9333,4036.54
0,53,6,4036.54,pressure,33.3247,33.3247,4036.54
0,53,6,4036.54,humidity,44.8499,44.8499,4036.54
0,58,5,4036.54,torque,50.6186,50.6186,4036.54
0,58,5,4036.54,vibration,0.2162,0.2162,4036.54
0,58,5,4036.54,temperature,73.2035,73.2035,4036.54
0,58,5,4036.54,pressure,29.4105,29.4105,4036.54
0,58,5,4036.54,humidity,42.6931,42.6931,4036.54
0,63,4,4036.54,torque,52.4319,,4036.54
0,63,4,4036.54,vibration,0.1967,,4036.54
0,63,4,4036.54,temperature,69.7495,,4036.54
0,63,4,4036.54,pressure,29.9972,,4036.54
0,63,4,4036.54,humidity,46.9877,,4036.54
0,68,3,4036.54,torque,48.6089,48.6089,4036.54
0,68,3,4036.54,vibration,0.2207,0.2207,4036.54
0,68,3,4036.54,temperature,70.9545,70.9545,4036.54
0,68,3,4036.54,pressure,27.8478,27.8478,4036.54
0,68,3,4036.54,humidity,43.7888,43.7888,4036.54
0,73,2,4036.54,torque,48.1164,48.1164,4036.54
0,73,2,4036.54,vibration,0.1716,0.1716,4036.54
0,73,2,4036.54,temperature,70.1289,70.1289,4036.54
0,73,2,4036.54,pressure,30.7372,30.7372,4036.54
0,73,2,4036.54,humidity,48.358,48.358,4036.54
0,49,11,4038.99,torque,49.6802,49.6802,4038.99
0,49,11,4038.99,vibration,0.1754,0.1754,4038.99
0,49,11,4038.99,temperature,71.423,71.423,4038.99
0,49,11,4038.99,pressure,29.7072,29.7072,4038.99
0,49,11,4038.99,humidity,42.6761,42.6761,4038.99
0,50,10,4047.76,torque,49.9251,49.9251,4047.76
0,50,10,4047.76,vibration,0.2439,0.2439,4047.76
0,50,10,4047.76,temperature,71.6711,71.6711,4047.76
0,50,10,4047.76,pressure,31.1111,31.1111,4047.76
0,50,10,4047.76,humidity,48.6223,48.6223,4047.76
0,77,1,4057.5,torque,49.6584,49.6584,4057.5
0,77,1,4057.5,vibration,0.2044,0.2044,4057.5
0,77,1,4057.5,temperature,69.9994,69.9994,4057.5
0,77,1,4057.5,pressure,28.588,28.588,4057.5
0,77,1,4057.5,humidity,47.4208,47.4208,4057.5
0,51,9,4063.7,torque,50.0497,,4063.7
0,51,9,4063.7,vibration,0.2525,,4063.7
0,51,9,4063.7,temperature,70.8086,,4063.7
0,51,9,4063.7,pressure,29.4476,,4063.7
0,51,9,4063.7,humidity,48.8525,,4063.7
0,52,8,4077.16,torque,52.0845,52.0845,4077.16
0,52,8,4077.16,vibration,0.2257,0.2257,4077.16
0,52,8,4077.16,temperature,69.4777,69.4777,4077.16
0,52,8,4077.16,pressure,28.2965,28.2965,4077.16
0,52,8,4077.16,humidity,41.1249,41.1249,4077.16
0,80,0,4082.3,torque,52.4426,52.4426,4082.3
0,80,0,4082.3,vibration,0.255,0.255,4082.3
0,80,0,4082.3,temperature,74.6451,74.6451,4082.3
0,80,0,4082.3,pressure,31.5545,31.5545,4082.3
0,80,0,4082.3,humidity,44.2058,44.2058,4082.3
0,50,11,4089.82,torque,50.787,50.787,4089.82
0,50,11,4089.82,vibration,0.1604,0.1604,4089.82
0,50,11,4089.82,temperature,68.8087,68.8087,4089.82
0,50,11,4089.82,pressure,32.0843,32.0843,4089.82
0,50,11,4089.82,humidity,42.2472,42.2472,4089.82
0,53,7,4091.21,torque,49.8803,49.8803,4091.21
0,53,7,4091.21,vibration,0.2141,0.2141,4091.21
0,53,7,4091.21,temperature,69.7414,69.7414,4091.21
0,53,7,4091.21,pressure,31.0049,31.0049,4091.21
0,53,7,4091.21,humidity,48.3705,48.3705,4091.21
0,54,6,4091.21,torque,48.4698,48.4698,4091.21
0,54,6,4091.21,vibration,0.1807,0.1807,4091.21
0,54,6,4091.21,temperature,67.9154,67.9154,4091.21
0,54,6,4091.21,pressure,31.303,31.303,4091.21
0,54,6,4091.21,humidity,44.9725,44.9725,4091.21
0,59,5,4091.21,torque,50.0781,50.0781,4091.21
0,59,5,4091.21,vibration,0.1708,0.1708,4091.21
0,59,5,4091.21,temperature,72.2593,72.2593,4091.21
0,59,5,4091.21,pressure,29.8379,29.8379,4091.21
0,59,5,4091.21,humidity,44.1835,44.1835,4091.21
0,64,4,4095.97,torque,49.5687,,4095.97
0,64,4,4095.97,vibration,0.1953,,4095.97
0,64,4,4095.97,temperature,69.9254,,4095.97
0,64,4,4095.97,pressure,28.2552,,4095.97
0,64,4,4095.97,humidity,47.485,,4095.97
0,69,3,4095.97,torque,50.9192,50.9192,4095.97
0,69,3,4095.97,vibration,0.2336,0.2336,4095.97
0,69,3,4095.97,temperature,65.4739,65.4739,4095.97
0,69,3,4095.97,pressure,30.8662,30.8662,4095.97
0,69,3,4095.97,humidity,44.1287,44.1287,4095.97
0,74,2,4095.97,torque,50.9459,50.9459,4095.97
0,74,2,4095.97,vibration,0.1931,0.1931,4095.97
0,74,2,4095.97,temperature,68.1925,68.1925,4095.97
0,74,2,4095.97,pressure,28.0958,28.0958,4095.97
0,74,2,4095.97,humidity,46.8102,46.8102,4095.97
0,51,10,4104.57,torque,50.8051,50.8051,4104.57
0,51,10,4104.57,vibration,0.204,0.204,4104.57
0,51,10,4104.57,temperature,71.1971,71.1971,4104.57
0,51,10,4104.57,pressure,30.0942,30.0942,4104.57
0,51,10,4104.57,humidity,49.823,49.823,4104.57
0,78,1,4107.72,torque,52.0775,52.0775,4107.72
0,78,1,4107.72,vibration,0.1686,0.1686,4107.72
0,78,1,4107.72,temperature,66.3481,66.3481,4107.72
0,78,1,4107.72,pressure,28.5508,28.5508,4107.72
0,78,1,4107.72,humidity,47.3079,47.3079,4107.72
0,52,9,4133.77,torque,49.2161,,4133.77
0,52,9,4133.77,vibration,0.1571,,4133.77
0,52,9,4133.77,temperature,67.8953,,4133.77
0,52,9,4133.77,pressure,28.6577,,4133.77
0,52,9,4133.77,humidity,47.7015,,4133.77
0,53,8,4134.96,torque,47.5793,47.5793,4134.96
0,53,8,4134.96,vibration,0.1366,0.1366,4134.96
0,53,8,4134.96,temperature,69.6407,69.6407,4134.96
0,53,8,4134.96,pressure,28.9822,28.9822,4134.96
0,53,8,4134.96,humidity,41.6084,41.6084,4134.96
0,81,0,4144.01,torque,50.9552,50.9552,4144.01
0,81,0,4144.01,vibration,0.2009,0.2009,4144.01
0,81,0,4144.01,temperature,71.5956,71.5956,4144.01
0,81,0,4144.01,pressure,30.0409,30.0409,4144.01
0,81,0,4144.01,humidity,45.7603,45.7603,4144.01
0,79,1,4145.78,torque,51.9502,51.9502,4145.78
0,79,1,4145.78,vibration,0.2489,0.2489,4145.78
0,79,1,4145.78,temperature,68.8969,68.8969,4145.78
0,79,1,4145.78,pressure,29.8005,29.8005,4145.78
0,79,1,4145.78,humidity,47.5371,47.5371,4145.78
0,51,11,4154.67,torque,51.644,51.644,4154.67
0,51,11,4154.67,vibration,0.1935,0.1935,4154.67
0,51,11,4154.67,temperature,68.8409,68.8409,4154.67
0,51,11,4154.67,pressure,30.7221,30.7221,4154.67
0,51,11,4154.67,humidity,42.8426,42.8426,4154.67
0,54,7,4166.71,torque,47.6568,47.6568,4166.71
0,54,7,4166.71,vibration,0.1511,0.1511,4166.71
0,54,7,4166.71,temperature,71.7148,71.7148,4166.71
0,54,7,4166.71,pressure,27.2359,27.2359,4166.71
0,54,7,4166.71,humidity,47.1519,47.1519,4166.71
0,55,6,4166.71,torque,46.7609,46.7609,4166.71
0,55,6,4166.71,vibration,0.1797,0.1797,4166.71
0,55,6,4166.71,temperature,68.1756,68.1756,4166.71
0,55,6,4166.71,pressure,29.134,29.134,4166.71
0,55,6,4166.71,humidity,44.6259,44.6259,4166.71
0,60,5,4166.71,torque,51.5708,51.5708,4166.71
0,60,5,4166.71,vibration,0.2388,0.2388,4166.71
0,60,5,4166.71,temperature,69.7966,69.7966,4166.71
0,60,5,4166.71,pressure,31.7322,31.7322,4166.71
0,60,5,4166.71,humidity,42.9302,42.9302,4166.71
0,65,4,4166.71,torque,48.7497,,4166.71
0,65,4,4166.71,vibration,0.1893,,4166.71
0,65,4,4166.71,temperature,70.5095,,4166.71
0,65,4,4166.71,pressure,26.2627,,4166.71
0,65,4,4166.71,humidity,45.0231,,4166.71
0,70,3,4166.71,torque,50.0371,50.0371,4166.71
0,70,3,4166.71,vibration,0.2071,0.2071,4166.71
0,70,3,4166.71,temperature,68.5818,68.5818,4166.71
0,70,3,4166.71,pressure,29.2003,29.2003,4166.71
0,70,3,4166.71,humidity,43.1753,43.1753,4166.71
0,75,2,4166.71,torque,52.6857,52.6857,4166.71
0,75,2,4166.71,vibration,0.2082,0.2082,4166.71
0,75,2,4166.71,temperature,70.0141,70.0141,4166.71
0,75,2,4166.71,pressure,31.6379,31.6379,4166.71
0,75,2,4166.71,humidity,48.1006,48.1006,4166.71
0,82,0,4189.69,torque,51.5642,51.5642,4189.69
0,82,0,4189.69,vibration,0.1694,0.1694,4189.69
0,82,0,4189.69,temperature,73.5214,73.5214,4189.69
0,82,0,4189.69,pressure,26.7957,26.7957,4189.69
0,82,0,4189.69,humidity,45.1851,45.1851,4189.69
0,52,10,4199.14,torque,51.772,51.772,4199.14
0,52,10,4199.14,vibration,0.1796,0.1796,4199.14
0,52,10,4199.14,temperature,70.8212,70.8212,4199.14
0,52,10,4199.14,pressure,26.5391,26.5391,4199.14
0,52,10,4199.14,humidity,48.2693,48.2693,4199.14
0,53,9,4199.14,torque,48.3017,,4199.14
0,53,9,4199.14,vibration,0.2076,,4199.14
0,53,9,4199.14,temperature,67.1981,,4199.14
0,53,9,4199.14,pressure,30.3297,,4199.14
0,53,9,4199.14,humidity,46.9172,,4199.14
0,80,1,4202.57,torque,54.5148,54.5148,4202.57
0,80,1,4202.57,vibration,0.1437,0.1437,4202.57
0,80,1,4202.57,temperature,71.2723,71.2723,4202.57
0,80,1,4202.57,pressure,32.0685,32.0685,4202.57
0,80,1,4202.57,humidity,46.8118,46.8118,4202.57
0,54,8,4219.06,torque,49.6932,49.6932,4219.06
0,54,8,4219.06,vibration,0.2316,0.2316,4219.06
0,54,8,4219.06,temperature,69.4149,69.4149,4219.06
0,54,8,4219.06,pressure,27.5651,27.5651,4219.06
0,54,8,4219.06,humidity,41.3675,41.3675,4219.06
0,55,7,4237.53,torque,52.2689,52.2689,4237.53
0,55,7,4237.53,vibration,0.1815,0.1815,4237.53
0,55,7,4237.53,temperature,68.8407,68.8407,4237.53
0,55,7,4237.53,pressure,31.4928,31.4928,4237.53
0,55,7,4237.53,humidity,47.1593,47.1593,4237.53
0,56,6,4237.53,torque,49.021,49.021,4237.53
0,56,6,4237.53,vibration,0.2237,0.2237,4237.53
0,56,6,4237.53,temperature,69.4784,69.4784,4237.53
0,56,6,4237.53,pressure,30.8458,30.8458,4237.53
0,56,6,4237.53,humidity,44.5966,44.5966,4237.53
0,61,5,4237.53,torque,52.6963,52.6963,4237.53
0,61,5,4237.53,vibration,0.2088,0.2088,4237.53
0,61,5,4237.53,temperature,72.1425,72.1425,4237.53
0,61,5,4237.53,pressure,29.5437,29.5437,4237.53
0,61,5,4237.53,humidity,42.0563,42.0563,4237.53
0,66,4,4237.53,torque,51.1624,,4237.53
0,66,4,4237.53,vibration,0.2489,,4237.53
0,66,4,4237.53,temperature,69.8284,,4237.53
0,66,4,4237.53,pressure,29.5505,,4237.53
0,66,4,4237.53,humidity,45.3396,,4237.53
0,71,3,4237.53,torque,48.0239,48.0239,4237.53
0,71,3,4237.53,vibration,0.1893,0.1893,4237.53
0,71,3,4237.53,temperature,65.4455,65.4455,4237.53
0,71,3,4237.53,pressure,28.7558,28.7558,4237.53
0,71,3,4237.53,humidity,42.7574,42.7574,4237.53
0,76,2,4237.53,torque,51.0372,51.0372,4237.53
0,76,2,4237.53,vibration,0.1858,0.1858,4237.53
0,76,2,4237.53,temperature,72.6923,72.6923,4237.53
0,76,2,4237.53,pressure,29.8253,29.8253,4237.53
0,76,2,4237.53,humidity,46.0386,46.0386,4237.53
0,83,0,4244.95,torque,48.7882,48.7882,4244.95
0,83,0,4244.95,vibration,0.2293,0.2293,4244.95
0,83,0,4244.95,temperature,69.457,69.457,4244.95
0,83,0,4244.95,pressure,30.7745,30.7745,4244.95
0,83,0,4244.95,humidity,46.6401,46.6401,4244.95
0,52,11,4247.95,torque,48.5544,48.5544,4247.95
0,52,11,4247.95,vibration,0.1916,0.1916,4247.95
0,52,11,4247.95,temperature,69.6388,69.6388,4247.95
0,52,11,4247.95,pressure,29.6011,29.6011,4247.95
0,52,11,4247.95,humidity,42.3737,42.3737,4247.95
0,53,10,4248.86,torque,49.7891,49.7891,4248.86
0,53,10,4248.86,vibration,0.2129,0.2129,4248.86
0,53,10,4248.86,temperature,70.0259,70.0259,4248.86
0,53,10,4248.86,pressure,32.4298,32.4298,4248.86
0,53,10,4248.86,humidity,48.58,48.58,4248.86
0,81,1,4262.05,torque,48.5322,48.5322,4262.05
0,81,1,4262.05,vibration,0.2056,0.2056,4262.05
0,81,1,4262.05,temperature,65.3823,65.3823,4262.05
0,81,1,4262.05,pressure,29.2722,29.2722,4262.05
0,81,1,4262.05,humidity,47.6366,47.6366,4262.05
0,54,9,4269.98,torque,48.4193,,4269.98
0,54,9,4269.98,vibration,0.1968,,4269.98
0,54,9,4269.98,temperature,70.026,,4269.98
0,54,9,4269.98,pressure,30.0674,,4269.98
0,54,9,4269.98,humidity,49.3668,,4269.98
0,55,8,4291.57,torque,51.8642,51.8642,4291.57
0,55,8,4291.57,vibration,0.1834,0.1834,4291.57
0,55,8,4291.57,temperature,67.8236,67.8236,4291.57
0,55,8,4291.57,pressure,28.5709,28.5709,4291.57
0,55,8,4291.57,humidity,41.1489,41.1489,4291.57
0,84,0,4294.48,torque,49.7253,49.7253,4294.48
0,84,0,4294.48,vibration,0.246,0.246,4294.48
0,84,0,4294.48,temperature,69.2646,69.2646,4294.48
0,84,0,4294.48,pressure,30.5134,30.5134,4294.48
0,84,0,4294.48,humidity,46.3894,46.3894,4294.48
0,56,7,4296.19,torque,49.3761,49.3761,4296.19
0,56,7,4296.19,vibration,0.2172,0.2172,4296.19
0,56,7,4296.19,temperature,73.3906,73.3906,4296.19
0,56,7,4296.19,pressure,27.7455,27.7455,4296.19
0,56,7,4296.19,humidity,47.64,47.64,4296.19
0,57,6,4296.19,torque,50.1346,50.1346,4296.19
0,57,6,4296.19,vibration,0.2561,0.2561,4296.19
0,57,6,4296.19,temperature,71.6845,71.6845,4296.19
0,57,6,4296.19,pressure,30.1778,30.1778,4296.19
0,57,6,4296.19,humidity,44.5817,44.5817,4296.19
0,62,5,4296.19,torque,48.7696,48.7696,4296.19
0,62,5,4296.19,vibration,0.2169,0.2169,4296.19
0,62,5,4296.19,temperature,71.5817,71.5817,4296.19
0,62,5,4296.19,pressure,38.0872,38.0872,4296.19
0,62,5,4296.19,humidity,40.9938,40.9938,4296.19
0,67,4,4296.19,torque,51.7166,,4296.19
0,67,4,4296.19,vibration,0.1274,,4296.19
0,67,4,4296.19,temperature,74.6575,,4296.19
0,67,4,4296.19,pressure,29.1099,,4296.19
0,67,4,4296.19,humidity,44.5383,,4296.19
0,72,3,4296.19,torque,49.1031,49.1031,4296.19
0,72,3,4296.19,vibration,0.179,0.179,4296.19
0,72,3,4296.19,temperature,69.3185,69.3185,4296.19
0,72,3,4296.19,pressure,28.6893,28.6893,4296.19
0,72,3,4296.19,humidity,44.734,44.734,4296.19
0,77,2,4296.19,torque,49.9771,49.9771,4296.19
0,77,2,4296.19,vibration,0.1972,0.1972,4296.19
0,77,2,4296.19,temperature,67.1472,67.1472,4296.19
0,77,2,4296.19,pressure,28.7547,28.7547,4296.19
0,77,2,4296.19,humidity,45.2383,45.2383,4296.19
0,53,11,4299.87,torque,51.2957,51.2957,4299.87
0,53,11,4299.87,vibration,0.1792,0.1792,4299.87
0,53,11,4299.87,temperature,67.8463,67.8463,4299.87
0,53,11,4299.87,pressure,29.6815,29.6815,4299.87
0,53,11,4299.87,humidity,43.0463,43.0463,4299.87
0,82,1,4319.86,torque,50.4709,50.4709,4319.86
0,82,1,4319.86,vibration,0.1454,0.1454,4319.86
0,82,1,4319.86,temperature,70.539,70.539,4319.86
0,82,1,4319.86,pressure,31.0181,31.0181,4319.86
0,82,1,4319.86,humidity,46.4701,46.4701,4319.86
0,54,10,4320.82,torque,48.7512,48.7512,4320.82
0,54,10,4320.82,vibration,0.2129,0.2129,4320.82
0,54,10,4320.82,temperature,69.6744,69.6744,4320.82
0,54,10,4320.82,pressure,31.858,31.858,4320.82
0,54,10,4320.82,humidity,48.7324,48.7324,4320.82
0,85,0,4340.68,torque,50.5494,50.5494,4340.68
0,85,0,4340.68,vibration,0.2605,0.2605,4340.68
0,85,0,4340.68,temperature,70.2194,70.2194,4340.68
0,85,0,4340.68,pressure,29.5658,29.5658,4340.68
0,85,0,4340.68,humidity,45.9437,45.9437,4340.68
0,55,9,4344.48,torque,46.8799,,4344.48
0,55,9,4344.48,vibration,0.2061,,4344.48
0,55,9,4344.48,temperature,69.5332,,4344.48
0,55,9,4344.48,pressure,30.7261,,4344.48
0,55,9,4344.48,humidity,49.8401,,4344.48
0,56,8,4347.35,torque,50.379,50.379,4347.35
0,56,8,4347.35,vibration,0.1784,0.1784,4347.35
0,56,8,4347.35,temperature,68.3437,68.3437,4347.35
0,56,8,4347.35,pressure,28.2222,28.2222,4347.35
0,56,8,4347.35,humidity,42.9644,42.9644,4347.35
0,54,11,4379.1,torque,49.7699,49.7699,4379.1
0,54,11,4379.1,vibration,0.234,0.234,4379.1
0,54,11,4379.1,temperature,72.9691,72.9691,4379.1
0,54,11,4379.1,pressure,31.3652,31.3652,4379.1
0,54,11,4379.1,humidity,43.0501,43.0501,4379.1
0,86,0,4380.89,torque,54.4338,54.4338,4380.89
0,86,0,4380.89,vibration,0.2279,0.2279,4380.89
0,86,0,4380.89,temperature,71.136,71.136,4380.89
0,86,0,4380.89,pressure,29.9453,29.9453,4380.89
0,86,0,4380.89,humidity,45.2823,45.2823,4380.89
0,57,7,4382.88,torque,49.5903,49.5903,4382.88
0,57,7,4382.88,vibration,0.1637,0.1637,4382.88
0,57,7,4382.88,temperature,65.8238,65.8238,4382.88
0,57,7,4382.88,pressure,28.1086,28.1086,4382.88
0,57,7,4382.88,humidity,46.5548,46.5548,4382.88
0,58,6,4382.88,torque,49.6129,49.6129,4382.88
0,58,6,4382.88,vibration,0.1812,0.1812,4382.88
0,58,6,4382.88,temperature,67.5793,67.5793,4382.88
0,58,6,4382.88,pressure,30.1501,30.1501,4382.88
0,58,6,4382.88,humidity,44.2438,44.2438,4382.88
0,63,5,4382.88,torque,48.8127,48.8127,4382.88
0,63,5,4382.88,vibration,0.1713,0.1713,4382.88
0,63,5,4382.88,temperature,72.5727,72.5727,4382.88
0,63,5,4382.88,pressure,33.625,33.625,4382.88
0,63,5,4382.88,humidity,40.0577,40.0577,4382.88
0,68,4,4382.88,torque,48.2909,,4382.88
0,68,4,4382.88,vibration,0.1764,,4382.88
0,68,4,4382.88,temperature,71.7454,,4382.88
0,68,4,4382.88,pressure,29.7297,,4382.88
0,68,4,4382.88,humidity,44.5861,,4382.88
0,73,3,4382.88,torque,49.8512,49.8512,4382.88
0,73,3,4382.88,vibration,0.1669,0.1669,4382.88
0,73,3,4382.88,temperature,72.7271,72.7271,4382.88
0,73,3,4382.88,pressure,33.1217,33.1217,4382.88
0,73,3,4382.88,humidity,44.96,44.96,4382.88
0,78,2,4382.88,torque,50.7329,50.7329,4382.88
0,78,2,4382.88,vibration,0.1908,0.1908,4382.88
0,78,2,4382.88,temperature,73.6236,73.6236,4382.88
0,78,2,4382.88,pressure,29.6547,29.6547,4382.88
0,78,2,4382.88,humidity,45.3403,45.3403,4382.88
0,83,1,4382.88,torque,51.1842,51.1842,4382.88
0,83,1,4382.88,vibration,0.2415,0.2415,4382.88
0,83,1,4382.88,temperature,71.3677,71.3677,4382.88
0,83,1,4382.88,pressure,29.1332,29.1332,4382.88
0,83,1,4382.88,humidity,49.0408,49.0408,4382.88
0,55,10,4391.29,torque,50.0859,50.0859,4391.29
0,55,10,4391.29,vibration,0.2782,0.2782,4391.29
0,55,10,4391.29,temperature,65.7094,65.7094,4391.29
0,55,10,4391.29,pressure,31.1646,31.1646,4391.29
0,55,10,4391.29,humidity,47.7853,47.7853,4391.29
0,56,9,4395.84,torque,51.0927,,4395.84
0,56,9,4395.84,vibration,0.1811,,4395.84
0,56,9,4395.84,temperature,72.0042,,4395.84
0,56,9,4395.84,pressure,29.2991,,4395.84
0,56,9,4395.84,humidity,48.907,,4395.84
0,57,8,4419.72,torque,48.5541,48.5541,4419.72
0,57,8,4419.72,vibration,0.1859,0.1859,4419.72
0,57,8,4419.72,temperature,67.6409,67.6409,4419.72
0,57,8,4419.72,pressure,33.7028,33.7028,4419.72
0,57,8,4419.72,humidity,41.8591,41.8591,4419.72
0,87,0,4429.89,torque,48.547,48.547,4429.89
0,87,0,4429.89,vibration,0.2344,0.2344,4429.89
0,87,0,4429.89,temperature,68.5609,68.5609,4429.89
0,87,0,4429.89,pressure,27.3226,27.3226,4429.89
0,87,0,4429.89,humidity,47.1953,47.1953,4429.89
0,55,11,4451.35,torque,50.0777,50.0777,4451.35
0,55,11,4451.35,vibration,0.2268,0.2268,4451.35
0,55,11,4451.35,temperature,69.1561,69.1561,4451.35
0,55,11,4451.35,pressure,30.5213,30.5213,4451.35
0,55,11,4451.35,humidity,42.9084,42.9084,4451.35
0,56,10,4451.35,torque,51.965,51.965,4451.35
0,56,10,4451.35,vibration,0.1433,0.1433,4451.35
0,56,10,4451.35,temperature,68.7477,68.7477,4451.35
0,56,10,4451.35,pressure,29.6351,29.6351,4451.35
0,56,10,4451.35,humidity,45.5306,45.5306,4451.35
0,58,7,4466.4,torque,49.4255,49.4255,4466.4
0,58,7,4466.4,vibration,0.1803,0.1803,4466.4
0,58,7,4466.4,temperature,63.9465,63.9465,4466.4
0,58,7,4466.4,pressure,29.2012,29.2012,4466.4
0,58,7,4466.4,humidity,44.9024,44.9024,4466.4
0,59,6,4466.4,torque,49.3075,49.3075,4466.4
0,59,6,4466.4,vibration,0.2205,0.2205,4466.4
0,59,6,4466.4,temperature,68.337,68.337,4466.4
0,59,6,4466.4,pressure,30.2923,30.2923,4466.4
0,59,6,4466.4,humidity,43.9658,43.9658,4466.4
0,64,5,4466.4,torque,51.6774,51.6774,4466.4
0,64,5,4466.4,vibration,0.2083,0.2083,4466.4
0,64,5,4466.4,temperature,71.5303,71.5303,4466.4
0,64,5,4466.4,pressure,30.826,30.826,4466.4
0,64,5,4466.4,humidity,40.8062,40.8062,4466.4
0,69,4,4466.4,torque,52.1139,,4466.4
0,69,4,4466.4,vibration,0.2041,,4466.4
0,69,4,4466.4,temperature,74.6966,,4466.4
0,69,4,4466.4,pressure,30.6619,,4466.4
0,69,4,4466.4,humidity,43.375,,4466.4
0,74,3,4466.4,torque,50.9342,50.9342,4466.4
0,74,3,4466.4,vibration,0.1826,0.1826,4466.4
0,74,3,4466.4,temperature,69.4025,69.4025,4466.4
0,74,3,4466.4,pressure,32.953,32.953,4466.4
0,74,3,4466.4,humidity,45.9003,45.9003,4466.4
0,79,2,4466.4,torque,50.3196,50.3196,4466.4
0,79,2,4466.4,vibration,0.1628,0.1628,4466.4
0,79,2,4466.4,temperature,69.9187,69.9187,4466.4
0,79,2,4466.4,pressure,31.135,31.135,4466.4
0,79,2,4466.4,humidity,44.4519,44.4519,4466.4
0,84,1,4466.4,torque,48.4238,48.4238,4466.4
0,84,1,4466.4,vibration,0.2297,0.2297,4466.4
0,84,1,4466.4,temperature,70.8037,70.8037,4466.4
0,84,1,4466.4,pressure,30.8792,30.8792,4466.4
0,84,1,4466.4,humidity,49.6922,49.6922,4466.4
0,57,9,4466.61,torque,50.2059,,4466.61
0,57,9,4466.61,vibration,0.209,,4466.61
0,57,9,4466.61,temperature,72.3494,,4466.61
0,57,9,4466.61,pressure,30.2735,,4466.61
0,57,9,4466.61,humidity,48.1786,,4466.61
0,88,0,4481.52,torque,50.7154,50.7154,4481.52
0,88,0,4481.52,vibration,0.1912,0.1912,4481.52
0,88,0,4481.52,temperature,66.4387,66.4387,4481.52
0,88,0,4481.52,pressure,31.5601,31.5601,4481.52
0,88,0,4481.52,humidity,47.2301,47.2301,4481.52
0,56,11,4509.87,torque,51.0642,51.0642,4509.87
0,56,11,4509.87,vibration,0.2296,0.2296,4509.87
0,56,11,4509.87,temperature,66.9255,66.9255,4509.87
0,56,11,4509.87,pressure,34.7412,34.7412,4509.87
0,56,11,4509.87,humidity,41.0501,41.0501,4509.87
0,57,10,4509.87,torque,50.2561,50.2561,4509.87
0,57,10,4509.87,vibration,0.232,0.232,4509.87
0,57,10,4509.87,temperature,69.3966,69.3966,4509.87
0,57,10,4509.87,pressure,28.9474,28.9474,4509.87
0,57,10,4509.87,humidity,44.4539,44.4539,4509.87
0,58,8,4520.55,torque,48.5246,48.5246,4520.55
0,58,8,4520.55,vibration,0.2006,0.2006,4520.55
0,58,8,4520.55,temperature,67.1905,67.1905,4520.55
0,58,8,4520.55,pressure,28.5256,28.5256,4520.55
0,58,8,4520.55,humidity,40.9026,40.9026,4520.55
0,89,0,4541.8,torque,50.7143,50.7143,4541.8
0,89,0,4541.8,vibration,0.1865,0.1865,4541.8
0,89,0,4541.8,temperature,68.2023,68.2023,4541.8
0,89,0,4541.8,pressure,33.5325,33.5325,4541.8
0,89,0,4541.8,humidity,45.9683,45.9683,4541.8
0,59,7,4546.23,torque,48.7389,48.7389,4546.23
0,59,7,4546.23,vibration,0.2065,0.2065,4546.23
0,59,7,4546.23,temperature,68.7597,68.7597,4546.23
0,59,7,4546.23,pressure,31.5972,31.5972,4546.23
0,59,7,4546.23,humidity,46.8153,46.8153,4546.23
0,60,6,4546.23,torque,51.2906,51.2906,4546.23
0,60,6,4546.23,vibration,0.1595,0.1595,4546.23
0,60,6,4546.23,temperature,67.6217,67.6217,4546.23
0,60,6,4546.23,pressure,26.9376,26.9376,4546.23
0,60,6,4546.23,humidity,41.727,41.727,4546.23
0,65,5,4546.23,torque,50.1269,50.1269,4546.23
0,65,5,4546.23,vibration,0.2338,0.2338,4546.23
0,65,5,4546.23,temperature,70.9463,70.9463,4546.23
0,65,5,4546.23,pressure,33.6709,33.6709,4546.23
0,65,5,4546.23,humidity,40.4773,40.4773,4546.23
0,70,4,4546.23,torque,49.6181,,4546.23
0,70,4,4546.23,vibration,0.2238,,4546.23
0,70,4,4546.23,temperature,71.8935,,4546.23
0,70,4,4546.23,pressure,34.3039,,4546.23
0,70,4,4546.23,humidity,43.5158,,4546.23
0,75,3,4546.23,torque,49.523,49.523,4546.23
0,75,3,4546.23,vibration,0.2309,0.2309,4546.23
0,75,3,4546.23,temperature,69.5323,69.5323,4546.23
0,75,3,4546.23,pressure,28.607,28.607,4546.23
0,75,3,4546.23,humidity,46.5802,46.5802,4546.23
0,80,2,4546.23,torque,49.5995,49.5995,4546.23
0,80,2,4546.23,vibration,0.1842,0.1842,4546.23
0,80,2,4546.23,temperature,67.7875,67.7875,4546.23
0,80,2,4546.23,pressure,31.7869,31.7869,4546.23
0,80,2,4546.23,humidity,44.0566,44.0566,4546.23
0,85,1,4546.23,torque,50.9075,50.9075,4546.23
0,85,1,4546.23,vibration,0.196,0.196,4546.23
0,85,1,4546.23,temperature,71.1646,71.1646,4546.23
0,85,1,4546.23,pressure,29.3112,29.3112,4546.23
0,85,1,4546.23,humidity,49.6533,49.6533,4546.23
0,58,9,4563.28,torque,50.2517,,4563.28
0,58,9,4563.28,vibration,0.1968,,4563.28
0,58,9,4563.28,temperature,69.7199,,4563.28
0,58,9,4563.28,pressure,29.2264,,4563.28
0,58,9,4563.28,humidity,50.3457,,4563.28
0,57,11,4570.11,torque,50.6058,50.6058,4570.11
0,57,11,4570.11,vibration,0.1784,0.1784,4570.11
0,57,11,4570.11,temperature,70.3541,70.3541,4570.11
0,57,11,4570.11,pressure,32.1392,32.1392,4570.11
0,57,11,4570.11,humidity,39.1173,39.1173,4570.11
0,59,8,4596.23,torque,49.6823,49.6823,4596.23
0,59,8,4596.23,vibration,0.1502,0.1502,4596.23
0,59,8,4596.23,temperature,67.4918,67.4918,4596.23
0,59,8,4596.23,pressure,26.8751,26.8751,4596.23
0,59,8,4596.23,humidity,41.3002,41.3002,4596.23
0,90,0,4602.79,torque,49.0557,49.0557,4602.79
0,90,0,4602.79,vibration,0.1963,0.1963,4602.79
0,90,0,4602.79,temperature,68.3732,68.3732,4602.79
0,90,0,4602.79,pressure,27.7622,27.7622,4602.79
0,90,0,4602.79,humidity,44.5534,44.5534,4602.79
0,60,7,4605.96,torque,51.0735,51.0735,4605.96
0,60,7,4605.96,vibration,0.2011,0.2011,4605.96
0,60,7,4605.96,temperature,74.9172,74.9172,4605.96
0,60,7,4605.96,pressure,30.3277,30.3277,4605.96
0,60,7,4605.96,humidity,45.0636,45.0636,4605.96
0,61,6,4605.96,torque,49.0221,49.0221,4605.96
0,61,6,4605.96,vibration,0.1846,0.1846,4605.96
0,61,6,4605.96,temperature,67.3425,67.3425,4605.96
0,61,6,4605.96,pressure,28.211,28.211,4605.96
0,61,6,4605.96,humidity,42.6172,42.6172,4605.96
0,66,5,4605.96,torque,52.7049,52.7049,4605.96
0,66,5,4605.96,vibration,0.2093,0.2093,4605.96
0,66,5,4605.96,temperature,72.1248,72.1248,4605.96
0,66,5,4605.96,pressure,29.1647,29.1647,4605.96
0,66,5,4605.96,humidity,40.3091,40.3091,4605.96
0,71,4,4605.96,torque,51.3477,,4605.96
0,71,4,4605.96,vibration,0.1597,,4605.96
0,71,4,4605.96,temperature,66.5508,,4605.96
0,71,4,4605.96,pressure,26.3919,,4605.96
0,71,4,4605.96,humidity,43.5316,,4605.96
0,76,3,4605.96,torque,47.0066,47.0066,4605.96
0,76,3,4605.96,vibration,0.2043,0.2043,4605.96
0,76,3,4605.96,temperature,71.2711,71.2711,4605.96
0,76,3,4605.96,pressure,31.9823,31.9823,4605.96
0,76,3,4605.96,humidity,45.8533,45.8533,4605.96
0,81,2,4605.96,torque,50.2876,50.2876,4605.96
0,81,2,4605.96,vibration,0.1957,0.1957,4605.96
0,81,2,4605.96,temperature,71.8245,71.8245,4605.96
0,81,2,4605.96,pressure,27.874,27.874,4605.96
0,81,2,4605.96,humidity,44.0491,44.0491,4605.96
0,86,1,4605.96,torque,49.2186,49.2186,4605.96
0,86,1,4605.96,vibration,0.1625,0.1625,4605.96
0,86,1,4605.96,temperature,70.8574,70.8574,4605.96
0,86,1,4605.96,pressure,28.5519,28.5519,4605.96
0,86,1,4605.96,humidity,48.2362,48.2362,4605.96
0,58,10,4615.19,torque,51.7257,51.7257,4615.19
0,58,10,4615.19,vibration,0.1708,0.1708,4615.19
0,58,10,4615.19,temperature,67.5199,67.5199,4615.19
0,58,10,4615.19,pressure,31.0,31.0,4615.19
0,58,10,4615.19,humidity,43.8782,43.8782,4615.19
0,59,9,4636.43,torque,50.7189,,4636.43
0,59,9,4636.43,vibration,0.2437,,4636.43
0,59,9,4636.43,temperature,72.2683,,4636.43
0,59,9,4636.43,pressure,29.1738,,4636.43
0,59,9,4636.43,humidity,49.3208,,4636.43
0,91,0,4644.39,torque,50.027,50.027,4644.39
0,91,0,4644.39,vibration,0.2528,0.2528,4644.39
0,91,0,4644.39,temperature,68.4658,68.4658,4644.39
0,91,0,4644.39,pressure,29.9706,29.9706,4644.39
0,91,0,4644.39,humidity,42.6874,42.6874,4644.39
0,60,8,4651.7,torque,46.7412,46.7412,4651.7
0,60,8,4651.7,vibration,0.1645,0.1645,4651.7
0,60,8,4651.7,temperature,69.751,69.751,4651.7
0,60,8,4651.7,pressure,30.4927,30.4927,4651.7
0,60,8,4651.7,humidity,43.9787,43.9787,4651.7
0,61,7,4679.52,torque,49.1688,49.1688,4679.52
0,61,7,4679.52,vibration,0.1585,0.1585,4679.52
0,61,7,4679.52,temperature,66.3509,66.3509,4679.52
0,61,7,4679.52,pressure,30.6227,30.6227,4679.52
0,61,7,4679.52,humidity,43.7454,43.7454,4679.52
0,62,6,4679.52,torque,49.9667,49.9667,4679.52
0,62,6,4679.52,vibration,0.2022,0.2022,4679.52
0,62,6,4679.52,temperature,67.0803,67.0803,4679.52
0,62,6,4679.52,pressure,28.7235,28.7235,4679.52
0,62,6,4679.52,humidity,42.9473,42.9473,4679.52
0,67,5,4679.52,torque,48.903,48.903,4679.52
0,67,5,4679.52,vibration,0.1402,0.1402,4679.52
0,67,5,4679.52,temperature,74.1994,74.1994,4679.52
0,67,5,4679.52,pressure,33.1844,33.1844,4679.52
0,67,5,4679.52,humidity,40.293,40.293,4679.52
0,72,4,4679.52,torque,48.4769,,4679.52
0,72,4,4679.52,vibration,0.2398,,4679.52
0,72,4,4679.52,temperature,70.7272,,4679.52
0,72,4,4679.52,pressure,28.9618,,4679.52
0,72,4,4679.52,humidity,42.6369,,4679.52
0,77,3,4679.52,torque,49.6371,49.6371,4679.52
0,77,3,4679.52,vibration,0.2321,0.2321,4679.52
0,77,3,4679.52,temperature,67.8106,67.8106,4679.52
0,77,3,4679.52,pressure,30.3865,30.3865,4679.52
0,77,3,4679.52,humidity,46.7974,46.7974,4679.52
0,82,2,4679.52,torque,51.6393,51.6393,4679.52
0,82,2,4679.52,vibration,0.1391,0.1391,4679.52
0,82,2,4679.52,temperature,70.4731,70.4731,4679.52
0,82,2,4679.52,pressure,31.048,31.048,4679.52
0,82,2,4679.52,humidity,42.4705,42.4705,4679.52
0,87,1,4679.52,torque,50.96,50.96,4679.52
0,87,1,4679.52,vibration,0.2083,0.2083,4679.52
0,87,1,4679.52,temperature,68.9005,68.9005,4679.52
0,87,1,4679.52,pressure,30.3122,30.3122,4679.52
0,87,1,4679.52,humidity,47.8706,47.8706,4679.52
0,58,11,4679.73,torque,50.4254,50.4254,4679.73
0,58,11,4679.73,vibration,0.2088,0.2088,4679.73
0,58,11,4679.73,temperature,67.6415,67.6415,4679.73
0,58,11,4679.73,pressure,28.4524,28.4524,4679.73
0,58,11,4679.73,humidity,41.1917,41.1917,4679.73
0,59,10,4686.0,torque,50.5033,50.5033,4686.0
0,59,10,4686.0,vibration,0.2131,0.2131,4686.0
0,59,10,4686.0,temperature,70.1521,70.1521,4686.0
0,59,10,4686.0,pressure,27.9187,27.9187,4686.0
0,59,10,4686.0,humidity,42.9054,42.9054,4686.0
0,92,0,4699.19,torque,47.1039,47.1039,4699.19
0,92,0,4699.19,vibration,0.2529,0.2529,4699.19
0,92,0,4699.19,temperature,70.4583,70.4583,4699.19
0,92,0,4699.19,pressure,32.204,32.204,4699.19
0,92,0,4699.19,humidity,44.2437,44.2437,4699.19
0,60,9,4711.31,torque,51.0943,,4711.31
0,60,9,4711.31,vibration,0.2536,,4711.31
0,60,9,4711.31,temperature,71.6634,,4711.31
0,60,9,4711.31,pressure,29.3384,,4711.31
0,60,9,4711.31,humidity,49.2895,,4711.31
0,61,8,4729.89,torque,51.1381,51.1381,4729.89
0,61,8,4729.89,vibration,0.218,0.218,4729.89
0,61,8,4729.89,temperature,72.3362,72.3362,4729.89
0,61,8,4729.89,pressure,30.3809,30.3809,4729.89
0,61,8,4729.89,humidity,43.0606,43.0606,4729.89
0,59,11,4735.39,torque,50.8367,50.8367,4735.39
0,59,11,4735.39,vibration,0.2194,0.2194,4735.39
0,59,11,4735.39,temperature,68.6852,68.6852,4735.39
0,59,11,4735.39,pressure,33.5341,33.5341,4735.39
0,59,11,4735.39,humidity,41.775,41.775,4735.39
0,62,7,4743.02,torque,48.226,48.226,4743.02
0,62,7,4743.02,vibration,0.2193,0.2193,4743.02
0,62,7,4743.02,temperature,75.0053,75.0053,4743.02
0,62,7,4743.02,pressure,33.7184,33.7184,4743.02
0,62,7,4743.02,humidity,43.9769,43.9769,4743.02
0,63,6,4743.02,torque,50.5406,50.5406,4743.02
0,63,6,4743.02,vibration,0.1995,0.1995,4743.02
0,63,6,4743.02,temperature,69.0924,69.0924,4743.02
0,63,6,4743.02,pressure,28.1224,28.1224,4743.02
0,63,6,4743.02,humidity,41.4295,41.4295,4743.02
0,68,5,4743.02,torque,50.9246,50.9246,4743.02
0,68,5,4743.02,vibration,0.1862,0.1862,4743.02
0,68,5,4743.02,temperature,72.4897,72.4897,4743.02
0,68,5,4743.02,pressure,28.352,28.352,4743.02
0,68,5,4743.02,humidity,41.5479,41.5479,4743.02
0,73,4,4743.02,torque,51.3444,,4743.02
0,73,4,4743.02,vibration,0.193,,4743.02
0,73,4,4743.02,temperature,74.3975,,4743.02
0,73,4,4743.02,pressure,27.095,,4743.02
0,73,4,4743.02,humidity,43.1363,,4743.02
0,78,3,4743.02,torque,49.5457,49.5457,4743.02
0,78,3,4743.02,vibration,0.2165,0.2165,4743.02
0,78,3,4743.02,temperature,67.6938,67.6938,4743.02
0,78,3,4743.02,pressure,31.003,31.003,4743.02
0,78,3,4743.02,humidity,44.0104,44.0104,4743.02
0,83,2,4743.02,torque,51.5838,51.5838,4743.02
0,83,2,4743.02,vibration,0.1963,0.1963,4743.02
0,83,2,4743.02,temperature,70.8798,70.8798,4743.02
0,83,2,4743.02,pressure,30.2069,30.2069,4743.02
0,83,2,4743.02,humidity,41.7968,41.7968,4743.02
0,88,1,4743.02,torque,49.4899,49.4899,4743.02
0,88,1,4743.02,vibration,0.2381,0.2381,4743.02
0,88,1,4743.02,temperature,67.8876,67.8876,4743.02
0,88,1,4743.02,pressure,32.3384,32.3384,4743.02
0,88,1,4743.02,humidity,48.5545,48.5545,4743.02
0,60,10,4751.6,torque,51.2513,51.2513,4751.6
0,60,10,4751.6,vibration,0.1791,0.1791,4751.6
0,60,10,4751.6,temperature,71.722,71.722,4751.6
0,60,10,4751.6,pressure,27.1429,27.1429,4751.6
0,60,10,4751.6,humidity,42.0235,42.0235,4751.6
0,93,0,4754.47,torque,48.7162,48.7162,4754.47
0,93,0,4754.47,vibration,0.2255,0.2255,4754.47
0,93,0,4754.47,temperature,69.7736,69.7736,4754.47
0,93,0,4754.47,pressure,32.1026,32.1026,4754.47
0,93,0,4754.47,humidity,44.4428,44.4428,4754.47
0,61,9,4780.6,torque,49.9419,,4780.6
0,61,9,4780.6,vibration,0.2507,,4780.6
0,61,9,4780.6,temperature,72.1508,,4780.6
0,61,9,4780.6,pressure,31.7444,,4780.6
0,61,9,4780.6,humidity,48.1438,,4780.6
0,62,8,4782.5,torque,48.3836,48.3836,4782.5
0,62,8,4782.5,vibration,0.2109,0.2109,4782.5
0,62,8,4782.5,temperature,71.6082,71.6082,4782.5
0,62,8,4782.5,pressure,28.4331,28.4331,4782.5
0,62,8,4782.5,humidity,42.5283,42.5283,4782.5
0,60,11,4819.95,torque,46.6675,46.6675,4819.95
0,60,11,4819.95,vibration,0.1857,0.1857,4819.95
0,60,11,4819.95,temperature,71.7977,71.7977,4819.95
0,60,11,4819.95,pressure,33.6768,33.6768,4819.95
0,60,11,4819.95,humidity,44.0621,44.0621,4819.95
0,61,10,4835.88,torque,50.0562,50.0562,4835.88
0,61,10,4835.88,vibration,0.2752,0.2752,4835.88
0,61,10,4835.88,temperature,68.9763,68.9763,4835.88
0,61,10,4835.88,pressure,29.2953,29.2953,4835.88
0,61,10,4835.88,humidity,41.2032,41.2032,4835.88
0,63,7,4838.02,torque,52.4136,52.4136,4838.02
0,63,7,4838.02,vibration,0.1765,0.1765,4838.02
0,63,7,4838.02,temperature,72.323,72.323,4838.02
0,63,7,4838.02,pressure,32.1987,32.1987,4838.02
0,63,7,4838.02,humidity,42.8629,42.8629,4838.02
0,64,6,4838.02,torque,51.9353,51.9353,4838.02
0,64,6,4838.02,vibration,0.2124,0.2124,4838.02
0,64,6,4838.02,temperature,69.4855,69.4855,4838.02
0,64,6,4838.02,pressure,28.865,28.865,4838.02
0,64,6,4838.02,humidity,42.2651,42.2651,4838.02
0,69,5,4838.02,torque,49.4727,49.4727,4838.02
0,69,5,4838.02,vibration,0.2208,0.2208,4838.02
0,69,5,4838.02,temperature,72.8316,72.8316,4838.02
0,69,5,4838.02,pressure,29.3597,29.3597,4838.02
0,69,5,4838.02,humidity,42.606,42.606,4838.02
0,74,4,4838.02,torque,49.8502,,4838.02
0,74,4,4838.02,vibration,0.1458,,4838.02
0,74,4,4838.02,temperature,68.8313,,4838.02
0,74,4,4838.02,pressure,26.8176,,4838.02
0,74,4,4838.02,humidity,44.2345,,4838.02
0,79,3,4838.02,torque,51.1235,51.1235,4838.02
0,79,3,4838.02,vibration,0.2159,0.2159,4838.02
0,79,3,4838.02,temperature,70.0654,70.0654,4838.02
0,79,3,4838.02,pressure,28.6045,28.6045,4838.02
0,79,3,4838.02,humidity,44.0997,44.0997,4838.02
0,84,2,4838.02,torque,49.7063,49.7063,4838.02
0,84,2,4838.02,vibration,0.1827,0.1827,4838.02
0,84,2,4838.02,temperature,70.4226,70.4226,4838.02
0,84,2,4838.02,pressure,27.5362,27.5362,4838.02
0,84,2,4838.02,humidity,41.4358,41.4358,4838.02
0,89,1,4838.02,torque,47.6057,47.6057,4838.02
0,89,1,4838.02,vibration,0.2432,0.2432,4838.02
0,89,1,4838.02,temperature,64.045,64.045,4838.02
0,89,1,4838.02,pressure,32.9203,32.9203,4838.02
0,89,1,4838.02,humidity,48.3662,48.3662,4838.02
0,94,0,4838.02,torque,48.7316,48.7316,4838.02
0,94,0,4838.02,vibration,0.2138,0.2138,4838.02
0,94,0,4838.02,temperature,71.0941,71.0941,4838.02
0,94,0,4838.02,pressure,30.6601,30.6601,4838.02
0,94,0,4838.02,humidity,44.7204,44.7204,4838.02
0,62,9,4842.62,torque,51.0049,,4842.62
0,62,9,4842.62,vibration,0.2569,,4842.62
0,62,9,4842.62,temperature,69.4011,,4842.62
0,62,9,4842.62,pressure,28.2204,,4842.62
0,62,9,4842.62,humidity,47.0822,,4842.62
0,63,8,4879.64,torque,55.0573,55.0573,4879.64
0,63,8,4879.64,vibration,0.2525,0.2525,4879.64
0,63,8,4879.64,temperature,73.53,73.53,4879.64
0,63,8,4879.64,pressure,30.1495,30.1495,4879.64
0,63,8,4879.64,humidity,42.617,42.617,4879.64
0,61,11,4886.08,torque,51.349,51.349,4886.08
0,61,11,4886.08,vibration,0.1986,0.1986,4886.08
0,61,11,4886.08,temperature,66.7939,66.7939,4886.08
0,61,11,4886.08,pressure,27.4968,27.4968,4886.08
0,61,11,4886.08,humidity,44.2698,44.2698,4886.08
0,62,10,4913.98,torque,50.6049,50.6049,4913.98
0,62,10,4913.98,vibration,0.185,0.185,4913.98
0,62,10,4913.98,temperature,72.2361,72.2361,4913.98
0,62,10,4913.98,pressure,30.2117,30.2117,4913.98
0,62,10,4913.98,humidity,40.991,40.991,4913.98
0,64,7,4920.09,torque,51.8601,51.8601,4920.09
0,64,7,4920.09,vibration,0.2016,0.2016,4920.09
0,64,7,4920.09,temperature,72.1219,72.1219,4920.09
0,64,7,4920.09,pressure,31.2638,31.2638,4920.09
0,64,7,4920.09,humidity,42.4019,42.4019,4920.09
0,65,6,4920.09,torque,50.6964,50.6964,4920.09
0,65,6,4920.09,vibration,0.2,0.2,4920.09
0,65,6,4920.09,temperature,64.8404,64.8404,4920.09
0,65,6,4920.09,pressure,32.4019,32.4019,4920.09
0,65,6,4920.09,humidity,41.5087,41.5087,4920.09
0,70,5,4920.09,torque,51.2382,51.2382,4920.09
0,70,5,4920.09,vibration,0.2609,0.2609,4920.09
0,70,5,4920.09,temperature,68.5667,68.5667,4920.09
0,70,5,4920.09,pressure,29.6263,29.6263,4920.09
0,70,5,4920.09,humidity,40.5008,40.5008,4920.09
0,75,4,4920.09,torque,48.3317,,4920.09
0,75,4,4920.09,vibration,0.1971,,4920.09
0,75,4,4920.09,temperature,71.2212,,4920.09
0,75,4,4920.09,pressure,30.9335,,4920.09
0,75,4,4920.09,humidity,43.275,,4920.09
0,80,3,4920.09,torque,48.1047,48.1047,4920.09
0,80,3,4920.09,vibration,0.1645,0.1645,4920.09
0,80,3,4920.09,temperature,68.9898,68.9898,4920.09
0,80,3,4920.09,pressure,28.3757,28.3757,4920.09
0,80,3,4920.09,humidity,45.5653,45.5653,4920.09
0,85,2,4920.09,torque,50.1716,50.1716,4920.09
0,85,2,4920.09,vibration,0.1872,0.1872,4920.09
0,85,2,4920.09,temperature,69.7245,69.7245,4920.09
0,85,2,4920.09,pressure,27.6833,27.6833,4920.09
0,85,2,4920.09,humidity,43.4032,43.4032,4920.09
0,90,1,4920.09,torque,49.594,49.594,4920.09
0,90,1,4920.09,vibration,0.222,0.222,4920.09
0,90,1,4920.09,temperature,67.4667,67.4667,4920.09
0,90,1,4920.09,pressure,30.2242,30.2242,4920.09
0,90,1,4920.09,humidity,50.0698,50.0698,4920.09
0,95,0,4920.09,torque,50.7389,50.7389,4920.09
0,95,0,4920.09,vibration,0.2127,0.2127,4920.09
0,95,0,4920.09,temperature,73.6726,73.6726,4920.09
0,95,0,4920.09,pressure,33.7773,33.7773,4920.09
0,95,0,4920.09,humidity,46.0334,46.0334,4920.09
0,63,9,4931.96,torque,49.9656,,4931.96
0,63,9,4931.96,vibration,0.1588,,4931.96
0,63,9,4931.96,temperature,68.0298,,4931.96
0,63,9,4931.96,pressure,31.5129,,4931.96
0,63,9,4931.96,humidity,46.9447,,4931.96
0,62,11,4960.85,torque,49.0981,49.0981,4960.85
0,62,11,4960.85,vibration,0.2305,0.2305,4960.85
0,62,11,4960.85,temperature,69.55,69.55,4960.85
0,62,11,4960.85,pressure,27.8081,27.8081,4960.85
0,62,11,4960.85,humidity,44.5231,44.5231,4960.85
0,64,8,4973.58,torque,49.286,49.286,4973.58
0,64,8,4973.58,vibration,0.1929,0.1929,4973.58
0,64,8,4973.58,temperature,69.9584,69.9584,4973.58
0,64,8,4973.58,pressure,29.9591,29.9591,4973.58
0,64,8,4973.58,humidity,44.4785,44.4785,4973.58
0,63,10,4984.61,torque,54.9593,54.9593,4984.61
0,63,10,4984.61,vibration,0.1892,0.1892,4984.61
0,63,10,4984.61,temperature,68.5696,68.5696,4984.61
0,63,10,4984.61,pressure,33.5862,33.5862,4984.61
0,63,10,4984.61,humidity,41.3697,41.3697,4984.61
0,65,7,5003.32,torque,49.3039,49.3039,5003.32
0,65,7,5003.32,vibration,0.1822,0.1822,5003.32
0,65,7,5003.32,temperature,70.4591,70.4591,5003.32
0,65,7,5003.32,pressure,27.3409,27.3409,5003.32
0,65,7,5003.32,humidity,42.0219,42.0219,5003.32
0,66,6,5003.32,torque,49.2995,49.2995,5003.32
0,66,6,5003.32,vibration,0.1984,0.1984,5003.32
0,66,6,5003.32,temperature,66.2052,66.2052,5003.32
0,66,6,5003.32,pressure,28.7382,28.7382,5003.32
0,66,6,5003.32,humidity,41.838,41.838,5003.32
0,71,5,5003.32,torque,52.3694,52.3694,5003.32
0,71,5,5003.32,vibration,0.1698,0.1698,5003.32
0,71,5,5003.32,temperature,67.1821,67.1821,5003.32
0,71,5,5003.32,pressure,29.4665,29.4665,5003.32
0,71,5,5003.32,humidity,42.0267,42.0267,5003.32
0,76,4,5003.32,torque,51.102,,5003.32
0,76,4,5003.32,vibration,0.1605,,5003.32
0,76,4,5003.32,temperature,71.0207,,5003.32
0,76,4,5003.32,pressure,23.772,,5003.32
0,76,4,5003.32,humidity,42.5794,,5003.32
0,81,3,5003.32,torque,48.0594,48.0594,5003.32
0,81,3,5003.32,vibration,0.1812,0.1812,5003.32
0,81,3,5003.32,temperature,71.524,71.524,5003.32
0,81,3,5003.32,pressure,30.9861,30.9861,5003.32
0,81,3,5003.32,humidity,46.097,46.097,5003.32
0,86,2,5003.32,torque,51.2892,51.2892,5003.32
0,86,2,5003.32,vibration,0.1748,0.1748,5003.32
0,86,2,5003.32,temperature,70.0961,70.0961,5003.32
0,86,2,5003.32,pressure,29.0086,29.0086,5003.32
0,86,2,5003.32,humidity,43.071,43.071,5003.32
0,91,1,5003.32,torque,50.0309,50.0309,5003.32
0,91,1,5003.32,vibration,0.1859,0.1859,5003.32
0,91,1,5003.32,temperature,68.6474,68.6474,5003.32
0,91,1,5003.32,pressure,28.481,28.481,5003.32
0,91,1,5003.32,humidity,48.6815,48.6815,5003.32
0,96,0,5003.32,torque,49.2487,49.2487,5003.32
0,96,0,5003.32,vibration,0.2114,0.2114,5003.32
0,96,0,5003.32,temperature,72.4686,72.4686,5003.32
0,96,0,5003.32,pressure,29.1549,29.1549,5003.32
0,96,0,5003.32,humidity,45.9661,45.9661,5003.32
0,64,9,5017.01,torque,47.8316,,5017.01
0,64,9,5017.01,vibration,0.2142,,5017.01
0,64,9,5017.01,temperature,70.1421,,5017.01
0,64,9,5017.01,pressure,29.6126,,5017.01
0,64,9,5017.01,humidity,47.7013,,5017.01
0,63,11,5035.79,torque,52.8771,52.8771,5035.79
0,63,11,5035.79,vibration,0.2007,0.2007,5035.79
0,63,11,5035.79,temperature,71.0904,71.0904,5035.79
0,63,11,5035.79,pressure,31.5659,31.5659,5035.79
0,63,11,5035.79,humidity,44.5926,44.5926,5035.79
0,67,6,5047.56,torque,52.2456,52.2456,5047.56
0,67,6,5047.56,vibration,0.2025,0.2025,5047.56
0,67,6,5047.56,temperature,71.6659,71.6659,5047.56
0,67,6,5047.56,pressure,31.6493,31.6493,5047.56
0,67,6,5047.56,humidity,40.2886,40.2886,5047.56
0,65,8,5055.69,torque,50.6169,50.6169,5055.69
0,65,8,5055.69,vibration,0.1874,0.1874,5055.69
0,65,8,5055.69,temperature,69.4139,69.4139,5055.69
0,65,8,5055.69,pressure,30.8285,30.8285,5055.69
0,65,8,5055.69,humidity,44.5939,44.5939,5055.69
0,66,7,5055.69,torque,51.0199,51.0199,5055.69
0,66,7,5055.69,vibration,0.2341,0.2341,5055.69
0,66,7,5055.69,temperature,70.9872,70.9872,5055.69
0,66,7,5055.69,pressure,32.9996,32.9996,5055.69
0,66,7,5055.69,humidity,42.1547,42.1547,5055.69
0,64,10,5057.92,torque,51.1772,51.1772,5057.92
0,64,10,5057.92,vibration,0.1979,0.1979,5057.92
0,64,10,5057.92,temperature,68.2551,68.2551,5057.92
0,64,10,5057.92,pressure,29.295,29.295,5057.92
0,64,10,5057.92,humidity,42.6896,42.6896,5057.92
0,72,5,5067.99,torque,49.9809,49.9809,5067.99
0,72,5,5067.99,vibration,0.2175,0.2175,5067.99
0,72,5,5067.99,temperature,71.6257,71.6257,5067.99
0,72,5,5067.99,pressure,26.7298,26.7298,5067.99
0,72,5,5067.99,humidity,43.3601,43.3601,5067.99
0,77,4,5067.99,torque,47.236,,5067.99
0,77,4,5067.99,vibration,0.1375,,5067.99
0,77,4,5067.99,temperature,66.2895,,5067.99
0,77,4,5067.99,pressure,29.9304,,5067.99
0,77,4,5067.99,humidity,43.3693,,5067.99
0,82,3,5067.99,torque,52.7699,52.7699,5067.99
0,82,3,5067.99,vibration,0.1973,0.1973,5067.99
0,82,3,5067.99,temperature,74.1209,74.1209,5067.99
0,82,3,5067.99,pressure,31.4234,31.4234,5067.99
0,82,3,5067.99,humidity,45.8653,45.8653,5067.99
0,87,2,5067.99,torque,47.1789,47.1789,5067.99
0,87,2,5067.99,vibration,0.1752,0.1752,5067.99
0,87,2,5067.99,temperature,69.5267,69.5267,5067.99
0,87,2,5067.99,pressure,29.2614,29.2614,5067.99
0,87,2,5067.99,humidity,41.1138,41.1138,5067.99
0,92,1,5067.99,torque,52.3665,52.3665,5067.99
0,92,1,5067.99,vibration,0.223,0.223,5067.99
0,92,1,5067.99,temperature,70.8623,70.8623,5067.99
0,92,1,5067.99,pressure,34.3276,34.3276,5067.99
0,92,1,5067.99,humidity,48.9007,48.9007,5067.99
0,97,0,5067.99,torque,50.2549,50.2549,5067.99
0,97,0,5067.99,vibration,0.1703,0.1703,5067.99
0,97,0,5067.99,temperature,70.6142,70.6142,5067.99
0,97,0,5067.99,pressure,28.5173,28.5173,5067.99
0,97,0,5067.99,humidity,46.5708,46.5708,5067.99
0,65,9,5114.41,torque,49.0024,,5114.41
0,65,9,5114.41,vibration,0.2373,,5114.41
0,65,9,5114.41,temperature,66.8911,,5114.41
0,65,9,5114.41,pressure,31.2058,,5114.41
0,65,9,5114.41,humidity,46.862,,5114.41
0,66,8,5114.41,torque,46.8602,46.8602,5114.41
0,66,8,5114.41,vibration,0.1781,0.1781,5114.41
0,66,8,5114.41,temperature,65.6436,65.6436,5114.41
0,66,8,5114.41,pressure,27.8754,27.8754,5114.41
0,66,8,5114.41,humidity,45.3565,45.3565,5114.41
0,64,11,5120.07,torque,49.7981,49.7981,5120.07
0,64,11,5120.07,vibration,0.1691,0.1691,5120.07
0,64,11,5120.07,temperature,67.6123,67.6123,5120.07
0,64,11,5120.07,pressure,27.7442,27.7442,5120.07
0,64,11,5120.07,humidity,44.1992,44.1992,5120.07
0,67,7,5129.71,torque,48.4092,48.4092,5129.71
0,67,7,5129.71,vibration,0.2127,0.2127,5129.71
0,67,7,5129.71,temperature,72.8709,72.8709,5129.71
0,67,7,5129.71,pressure,28.6381,28.6381,5129.71
0,67,7,5129.71,humidity,42.6205,42.6205,5129.71
0,68,6,5129.71,torque,53.2488,53.2488,5129.71
0,68,6,5129.71,vibration,0.2096,0.2096,5129.71
0,68,6,5129.71,temperature,68.6489,68.6489,5129.71
0,68,6,5129.71,pressure,28.5568,28.5568,5129.71
0,68,6,5129.71,humidity,40.298,40.298,5129.71
0,73,5,5129.71,torque,49.78,49.78,5129.71
0,73,5,5129.71,vibration,0.1088,0.1088,5129.71
0,73,5,5129.71,temperature,68.6791,68.6791,5129.71
0,73,5,5129.71,pressure,30.5254,30.5254,5129.71
0,73,5,5129.71,humidity,42.7521,42.7521,5129.71
0,78,4,5129.71,torque,52.8422,,5129.71
0,78,4,5129.71,vibration,0.1924,,5129.71
0,78,4,5129.71,temperature,68.2839,,5129.71
0,78,4,5129.71,pressure,32.5617,,5129.71
0,78,4,5129.71,humidity,44.0891,,5129.71
0,83,3,5129.71,torque,50.6882,50.6882,5129.71
0,83,3,5129.71,vibration,0.2223,0.2223,5129.71
0,83,3,5129.71,temperature,69.6461,69.6461,5129.71
0,83,3,5129.71,pressure,29.383,29.383,5129.71
0,83,3,5129.71,humidity,45.6566,45.6566,5129.71
0,88,2,5129.71,torque,51.7793,51.7793,5129.71
0,88,2,5129.71,vibration,0.2138,0.2138,5129.71
0,88,2,5129.71,temperature,67.6418,67.6418,5129.71
0,88,2,5129.71,pressure,27.3498,27.3498,5129.71
0,88,2,5129.71,humidity,43.6396,43.6396,5129.71
0,93,1,5129.71,torque,49.6257,49.6257,5129.71
0,93,1,5129.71,vibration,0.242,0.242,5129.71
0,93,1,5129.71,temperature,74.3398,74.3398,5129.71
0,93,1,5129.71,pressure,27.7104,27.7104,5129.71
0,93,1,5129.71,humidity,48.1935,48.1935,5129.71
0,98,0,5129.71,torque,49.2208,49.2208,5129.71
0,98,0,5129.71,vibration,0.1605,0.1605,5129.71
0,98,0,5129.71,temperature,69.4177,69.4177,5129.71
0,98,0,5129.71,pressure,29.9418,29.9418,5129.71
0,98,0,5129.71,humidity,46.8167,46.8167,5129.71
0,65,10,5164.35,torque,49.8245,49.8245,5164.35
0,65,10,5164.35,vibration,0.1638,0.1638,5164.35
0,65,10,5164.35,temperature,67.9234,67.9234,5164.35
0,65,10,5164.35,pressure,30.8868,30.8868,5164.35
0,65,10,5164.35,humidity,43.9319,43.9319,5164.35
0,66,9,5164.35,torque,49.2018,,5164.35
0,66,9,5164.35,vibration,0.219,,5164.35
0,66,9,5164.35,temperature,74.0225,,5164.35
0,66,9,5164.35,pressure,29.7866,,5164.35
0,66,9,5164.35,humidity,45.2015,,5164.35
0,67,8,5183.47,torque,50.0048,50.0048,5183.47
0,67,8,5183.47,vibration,0.2022,0.2022,5183.47
0,67,8,5183.47,temperature,70.6236,70.6236,5183.47
0,67,8,5183.47,pressure,31.5345,31.5345,5183.47
0,67,8,5183.47,humidity,44.9244,44.9244,5183.47
0,68,7,5216.1,torque,50.7028,50.7028,5216.1
0,68,7,5216.1,vibration,0.1843,0.1843,5216.1
0,68,7,5216.1,temperature,69.1366,69.1366,5216.1
0,68,7,5216.1,pressure,28.0452,28.0452,5216.1
0,68,7,5216.1,humidity,41.1191,41.1191,5216.1
0,69,6,5216.1,torque,51.1232,51.1232,5216.1
0,69,6,5216.1,vibration,0.2202,0.2202,5216.1
0,69,6,5216.1,temperature,67.6356,67.6356,5216.1
0,69,6,5216.1,pressure,31.0897,31.0897,5216.1
0,69,6,5216.1,humidity,40.7017,40.7017,5216.1
0,74,5,5216.1,torque,51.6514,51.6514,5216.1
0,74,5,5216.1,vibration,0.1242,0.1242,5216.1
0,74,5,5216.1,temperature,68.8464,68.8464,5216.1
0,74,5,5216.1,pressure,30.2916,30.2916,5216.1
0,74,5,5216.1,humidity,43.5463,43.5463,5216.1
0,79,4,5216.1,torque,49.3873,,5216.1
0,79,4,5216.1,vibration,0.1714,,5216.1
0,79,4,5216.1,temperature,68.7879,,5216.1
0,79,4,5216.1,pressure,28.637,,5216.1
0,79,4,5216.1,humidity,44.8305,,5216.1
0,84,3,5216.1,torque,48.6985,48.6985,5216.1
0,84,3,5216.1,vibration,0.1878,0.1878,5216.1
0,84,3,5216.1,temperature,68.9468,68.9468,5216.1
0,84,3,5216.1,pressure,28.3638,28.3638,5216.1
0,84,3,5216.1,humidity,47.9346,47.9346,5216.1
0,89,2,5216.1,torque,49.6181,49.6181,5216.1
0,89,2,5216.1,vibration,0.1829,0.1829,5216.1
0,89,2,5216.1,temperature,74.1407,74.1407,5216.1
0,89,2,5216.1,pressure,27.0246,27.0246,5216.1
0,89,2,5216.1,humidity,43.1733,43.1733,5216.1
0,94,1,5216.1,torque,49.5123,49.5123,5216.1
0,94,1,5216.1,vibration,0.18,0.18,5216.1
0,94,1,5216.1,temperature,69.0282,69.0282,5216.1
0,94,1,5216.1,pressure,29.942,29.942,5216.1
0,94,1,5216.1,humidity,47.1488,47.1488,5216.1
0,99,0,5216.1,torque,50.2798,50.2798,5216.1
0,99,0,5216.1,vibration,0.2051,0.2051,5216.1
0,99,0,5216.1,temperature,69.7933,69.7933,5216.1
0,99,0,5216.1,pressure,27.4841,27.4841,5216.1
0,99,0,5216.1,humidity,46.4617,46.4617,5216.1
0,65,11,5216.45,torque,50.0641,50.0641,5216.45
0,65,11,5216.45,vibration,0.1905,0.1905,5216.45
0,65,11,5216.45,temperature,68.7644,68.7644,5216.45
0,65,11,5216.45,pressure,27.7847,27.7847,5216.45
0,65,11,5216.45,humidity,42.4732,42.4732,5216.45
0,66,10,5216.45,torque,50.1895,50.1895,5216.45
0,66,10,5216.45,vibration,0.1776,0.1776,5216.45
0,66,10,5216.45,temperature,67.1248,67.1248,5216.45
0,66,10,5216.45,pressure,27.8787,27.8787,5216.45
0,66,10,5216.45,humidity,44.7381,44.7381,5216.45
0,67,9,5238.97,torque,50.8917,,5238.97
0,67,9,5238.97,vibration,0.2165,,5238.97
0,67,9,5238.97,temperature,66.1373,,5238.97
0,67,9,5238.97,pressure,28.1348,,5238.97
0,67,9,5238.97,humidity,46.3228,,5238.97
0,68,8,5257.82,torque,49.6881,49.6881,5257.82
0,68,8,5257.82,vibration,0.2017,0.2017,5257.82
0,68,8,5257.82,temperature,69.3507,69.3507,5257.82
0,68,8,5257.82,pressure,31.9394,31.9394,5257.82
0,68,8,5257.82,humidity,44.8073,44.8073,5257.82
0,66,11,5289.05,torque,51.7593,51.7593,5289.05
0,66,11,5289.05,vibration,0.2568,0.2568,5289.05
0,66,11,5289.05,temperature,67.3494,67.3494,5289.05
0,66,11,5289.05,pressure,32.0534,32.0534,5289.05
0,66,11,5289.05,humidity,43.6688,43.6688,5289.05
0,69,7,5290.88,torque,49.0577,49.0577,5290.88
0,69,7,5290.88,vibration,0.2135,0.2135,5290.88
0,69,7,5290.88,temperature,66.8672,66.8672,5290.88
0,69,7,5290.88,pressure,31.8535,31.8535,5290.88
0,69,7,5290.88,humidity,42.7502,42.7502,5290.88
0,70,6,5290.88,torque,50.0462,50.0462,5290.88
0,70,6,5290.88,vibration,0.1518,0.1518,5290.88
0,70,6,5290.88,temperature,72.2643,72.2643,5290.88
0,70,6,5290.88,pressure,32.513,32.513,5290.88
0,70,6,5290.88,humidity,39.0176,39.0176,5290.88
0,75,5,5290.88,torque,49.1676,49.1676,5290.88
0,75,5,5290.88,vibration,0.1832,0.1832,5290.88
0,75,5,5290.88,temperature,71.978,71.978,5290.88
0,75,5,5290.88,pressure,31.091,31.091,5290.88
0,75,5,5290.88,humidity,46.8459,46.8459,5290.88
0,80,4,5290.88,torque,48.5112,,5290.88
0,80,4,5290.88,vibration,0.2052,,5290.88
0,80,4,5290.88,temperature,70.3372,,5290.88
0,80,4,5290.88,pressure,28.9948,,5290.88
0,80,4,5290.88,humidity,46.2894,,5290.88
0,85,3,5290.88,torque,50.2944,50.2944,5290.88
0,85,3,5290.88,vibration,0.1539,0.1539,5290.88
0,85,3,5290.88,temperature,69.5064,69.5064,5290.88
0,85,3,5290.88,pressure,30.5811,30.5811,5290.88
0,85,3,5290.88,humidity,48.371,48.371,5290.88
0,90,2,5290.88,torque,48.6367,48.6367,5290.88
0,90,2,5290.88,vibration,0.1481,0.1481,5290.88
0,90,2,5290.88,temperature,68.107,68.107,5290.88
0,90,2,5290.88,pressure,28.0551,28.0551,5290.88
0,90,2,5290.88,humidity,43.9442,43.9442,5290.88
0,95,1,5290.88,torque,50.7297,50.7297,5290.88
0,95,1,5290.88,vibration,0.1759,0.1759,5290.88
0,95,1,5290.88,temperature,70.0377,70.0377,5290.88
0,95,1,5290.88,pressure,32.2699,32.2699,5290.88
0,95,1,5290.88,humidity,45.3888,45.3888,5290.88
0,100,0,5290.88,torque,49.3586,49.3586,5290.88
0,100,0,5290.88,vibration,0.2,0.2,5290.88
0,100,0,5290.88,temperature,68.4656,68.4656,5290.88
0,100,0,5290.88,pressure,31.3615,31.3615,5290.88
0,100,0,5290.88,humidity,45.6967,45.6967,5290.88
0,67,10,5307.3,torque,51.1558,51.1558,5307.3
0,67,10,5307.3,vibration,0.2117,0.2117,5307.3
0,67,10,5307.3,temperature,71.0329,71.0329,5307.3
0,67,10,5307.3,pressure,31.0436,31.0436,5307.3
0,67,10,5307.3,humidity,43.9519,43.9519,5307.3
0,68,9,5307.3,torque,51.9835,,5307.3
0,68,9,5307.3,vibration,0.1251,,5307.3
0,68,9,5307.3,temperature,72.2009,,5307.3
0,68,9,5307.3,pressure,28.0247,,5307.3
0,68,9,5307.3,humidity,46.9286,,5307.3
0,69,8,5338.44,torque,48.9999,48.9999,5338.44
0,69,8,5338.44,vibration,0.2157,0.2157,5338.44
0,69,8,5338.44,temperature,71.8494,71.8494,5338.44
0,69,8,5338.44,pressure,28.7732,28.7732,5338.44
0,69,8,5338.44,humidity,46.4469,46.4469,5338.44
0,67,11,5368.28,torque,52.2953,52.2953,5368.28
0,67,11,5368.28,vibration,0.2305,0.2305,5368.28
0,67,11,5368.28,temperature,68.4843,68.4843,5368.28
0,67,11,5368.28,pressure,28.8991,28.8991,5368.28
0,67,11,5368.28,humidity,43.3415,43.3415,5368.28
0,68,10,5368.28,torque,49.6493,49.6493,5368.28
0,68,10,5368.28,vibration,0.1388,0.1388,5368.28
0,68,10,5368.28,temperature,71.1442,71.1442,5368.28
0,68,10,5368.28,pressure,30.7571,30.7571,5368.28
0,68,10,5368.28,humidity,44.0781,44.0781,5368.28
0,70,7,5378.0,torque,51.0439,51.0439,5378.0
0,70,7,5378.0,vibration,0.1962,0.1962,5378.0
0,70,7,5378.0,temperature,70.4321,70.4321,5378.0
0,70,7,5378.0,pressure,32.1385,32.1385,5378.0
0,70,7,5378.0,humidity,42.2343,42.2343,5378.0
0,71,6,5378.0,torque,52.2881,52.2881,5378.0
0,71,6,5378.0,vibration,0.1508,0.1508,5378.0
0,71,6,5378.0,temperature,73.3378,73.3378,5378.0
0,71,6,5378.0,pressure,28.6053,28.6053,5378.0
0,71,6,5378.0,humidity,40.1281,40.1281,5378.0
0,76,5,5378.0,torque,50.3241,50.3241,5378.0
0,76,5,5378.0,vibration,0.2341,0.2341,5378.0
0,76,5,5378.0,temperature,68.1496,68.1496,5378.0
0,76,5,5378.0,pressure,27.7127,27.7127,5378.0
0,76,5,5378.0,humidity,47.0238,47.0238,5378.0
0,81,4,5378.0,torque,48.4373,,5378.0
0,81,4,5378.0,vibration,0.1783,,5378.0
0,81,4,5378.0,temperature,68.824,,5378.0
0,81,4,5378.0,pressure,28.2127,,5378.0
0,81,4,5378.0,humidity,46.7778,,5378.0
0,86,3,5378.0,torque,51.3887,51.3887,5378.0
0,86,3,5378.0,vibration,0.188,0.188,5378.0
0,86,3,5378.0,temperature,71.6646,71.6646,5378.0
0,86,3,5378.0,pressure,29.3087,29.3087,5378.0
0,86,3,5378.0,humidity,47.1334,47.1334,5378.0
0,91,2,5378.0,torque,50.2158,50.2158,5378.0
0,91,2,5378.0,vibration,0.1898,0.1898,5378.0
0,91,2,5378.0,temperature,71.7361,71.7361,5378.0
0,91,2,5378.0,pressure,30.4611,30.4611,5378.0
0,91,2,5378.0,humidity,44.5656,44.5656,5378.0
0,96,1,5378.0,torque,49.1365,49.1365,5378.0
0,96,1,5378.0,vibration,0.1911,0.1911,5378.0
0,96,1,5378.0,temperature,69.2671,69.2671,5378.0
0,96,1,5378.0,pressure,27.0317,27.0317,5378.0
0,96,1,5378.0,humidity,46.5293,46.5293,5378.0
0,101,0,5378.0,torque,51.6648,51.6648,5378.0
0,101,0,5378.0,vibration,0.1668,0.1668,5378.0
0,101,0,5378.0,temperature,68.8485,68.8485,5378.0
0,101,0,5378.0,pressure,35.3008,35.3008,5378.0
0,101,0,5378.0,humidity,45.1397,45.1397,5378.0
0,69,9,5389.37,torque,48.6764,,5389.37
0,69,9,5389.37,vibration,0.2769,,5389.37
0,69,9,5389.37,temperature,67.4394,,5389.37
0,69,9,5389.37,pressure,35.6808,,5389.37
0,69,9,5389.37,humidity,45.7625,,5389.37
0,70,8,5424.4,torque,50.9521,50.9521,5424.4
0,70,8,5424.4,vibration,0.1928,0.1928,5424.4
0,70,8,5424.4,temperature,66.748,66.748,5424.4
0,70,8,5424.4,pressure,29.7722,29.7722,5424.4
0,70,8,5424.4,humidity,44.9271,44.9271,5424.4
0,68,11,5426.72,torque,51.6278,51.6278,5426.72
0,68,11,5426.72,vibration,0.2529,0.2529,5426.72
0,68,11,5426.72,temperature,73.711,73.711,5426.72
0,68,11,5426.72,pressure,29.2305,29.2305,5426.72
0,68,11,5426.72,humidity,44.7583,44.7583,5426.72
0,69,10,5429.57,torque,50.5729,50.5729,5429.57
0,69,10,5429.57,vibration,0.155,0.155,5429.57
0,69,10,5429.57,temperature,69.1638,69.1638,5429.57
0,69,10,5429.57,pressure,29.7312,29.7312,5429.57
0,69,10,5429.57,humidity,43.9533,43.9533,5429.57
0,71,7,5439.04,torque,49.5301,49.5301,5439.04
0,71,7,5439.04,vibration,0.2048,0.2048,5439.04
0,71,7,5439.04,temperature,67.323,67.323,5439.04
0,71,7,5439.04,pressure,28.0771,28.0771,5439.04
0,71,7,5439.04,humidity,43.4356,43.4356,5439.04
0,72,6,5439.04,torque,50.7441,50.7441,5439.04
0,72,6,5439.04,vibration,0.2213,0.2213,5439.04
0,72,6,5439.04,temperature,70.4438,70.4438,5439.04
0,72,6,5439.04,pressure,31.1458,31.1458,5439.04
0,72,6,5439.04,humidity,40.0231,40.0231,5439.04
0,77,5,5439.04,torque,48.6486,48.6486,5439.04
0,77,5,5439.04,vibration,0.2271,0.2271,5439.04
0,77,5,5439.04,temperature,71.2498,71.2498,5439.04
0,77,5,5439.04,pressure,26.8779,26.8779,5439.04
0,77,5,5439.04,humidity,47.2964,47.2964,5439.04
0,82,4,5439.04,torque,49.1336,,5439.04
0,82,4,5439.04,vibration,0.197,,5439.04
0,82,4,5439.04,temperature,69.5357,,5439.04
0,82,4,5439.04,pressure,29.7359,,5439.04
0,82,4,5439.04,humidity,47.5005,,5439.04
0,87,3,5439.04,torque,48.8368,48.8368,5439.04
0,87,3,5439.04,vibration,0.2221,0.2221,5439.04
0,87,3,5439.04,temperature,69.762,69.762,5439.04
0,87,3,5439.04,pressure,30.0567,30.0567,5439.04
0,87,3,5439.04,humidity,47.0787,47.0787,5439.04
0,92,2,5439.04,torque,50.7076,50.7076,5439.04
0,92,2,5439.04,vibration,0.1963,0.1963,5439.04
0,92,2,5439.04,temperature,67.4498,67.4498,5439.04
0,92,2,5439.04,pressure,33.1619,33.1619,5439.04
0,92,2,5439.04,humidity,44.1471,44.1471,5439.04
0,97,1,5446.22,torque,52.2891,52.2891,5446.22
0,97,1,5446.22,vibration,0.1886,0.1886,5446.22
0,97,1,5446.22,temperature,68.3976,68.3976,5446.22
0,97,1,5446.22,pressure,29.1277,29.1277,5446.22
0,97,1,5446.22,humidity,47.1499,47.1499,5446.22
0,102,0,5446.22,torque,50.9339,50.9339,5446.22
0,102,0,5446.22,vibration,0.2467,0.2467,5446.22
0,102,0,5446.22,temperature,69.1138,69.1138,5446.22
0,102,0,5446.22,pressure,30.1579,30.1579,5446.22
0,102,0,5446.22,humidity,45.1484,45.1484,5446.22
0,70,9,5476.32,torque,50.0706,,5476.32
0,70,9,5476.32,vibration,0.1717,,5476.32
0,70,9,5476.32,temperature,69.2193,,5476.32
0,70,9,5476.32,pressure,32.0524,,5476.32
0,70,9,5476.32,humidity,46.0686,,5476.32
0,71,8,5476.32,torque,52.278,52.278,5476.32
0,71,8,5476.32,vibration,0.1954,0.1954,5476.32
0,71,8,5476.32,temperature,69.466,69.466,5476.32
0,71,8,5476.32,pressure,32.4871,32.4871,5476.32
0,71,8,5476.32,humidity,45.971,45.971,5476.32
0,69,11,5483.78,torque,56.2832,56.2832,5483.78
0,69,11,5483.78,vibration,0.2746,0.2746,5483.78
0,69,11,5483.78,temperature,72.07,72.07,5483.78
0,69,11,5483.78,pressure,31.5797,31.5797,5483.78
0,69,11,5483.78,humidity,46.2894,46.2894,5483.78
0,72,7,5517.96,torque,49.871,49.871,5517.96
0,72,7,5517.96,vibration,0.2203,0.2203,5517.96
0,72,7,5517.96,temperature,70.0814,70.0814,5517.96
0,72,7,5517.96,pressure,31.5147,31.5147,5517.96
0,72,7,5517.96,humidity,42.6816,42.6816,5517.96
0,73,6,5517.96,torque,51.9416,51.9416,5517.96
0,73,6,5517.96,vibration,0.221,0.221,5517.96
0,73,6,5517.96,temperature,66.4914,66.4914,5517.96
0,73,6,5517.96,pressure,31.3107,31.3107,5517.96
0,73,6,5517.96,humidity,40.8161,40.8161,5517.96
0,78,5,5517.96,torque,49.0456,49.0456,5517.96
0,78,5,5517.96,vibration,0.162,0.162,5517.96
0,78,5,5517.96,temperature,66.8146,66.8146,5517.96
0,78,5,5517.96,pressure,28.0434,28.0434,5517.96
0,78,5,5517.96,humidity,47.0,47.0,5517.96
0,83,4,5517.96,torque,50.8859,,5517.96
0,83,4,5517.96,vibration,0.1628,,5517.96
0,83,4,5517.96,temperature,64.6889,,5517.96
0,83,4,5517.96,pressure,30.8081,,5517.96
0,83,4,5517.96,humidity,46.7127,,5517.96
0,88,3,5517.96,torque,48.9396,48.9396,5517.96
0,88,3,5517.96,vibration,0.1954,0.1954,5517.96
0,88,3,5517.96,temperature,72.3527,72.3527,5517.96
0,88,3,5517.96,pressure,31.8674,31.8674,5517.96
0,88,3,5517.96,humidity,46.252,46.252,5517.96
0,93,2,5517.96,torque,51.0223,51.0223,5517.96
0,93,2,5517.96,vibration,0.1992,0.1992,5517.96
0,93,2,5517.96,temperature,69.2914,69.2914,5517.96
0,93,2,5517.96,pressure,31.3777,31.3777,5517.96
0,93,2,5517.96,humidity,42.2009,42.2009,5517.96
0,98,1,5517.96,torque,51.2809,51.2809,5517.96
0,98,1,5517.96,vibration,0.1855,0.1855,5517.96
0,98,1,5517.96,temperature,75.4436,75.4436,5517.96
0,98,1,5517.96,pressure,32.2954,32.2954,5517.96
0,98,1,5517.96,humidity,47.4847,47.4847,5517.96
0,103,0,5517.96,torque,50.419,50.419,5517.96
0,103,0,5517.96,vibration,0.2031,0.2031,5517.96
0,103,0,5517.96,temperature,68.4547,68.4547,5517.96
0,103,0,5517.96,pressure,28.3914,28.3914,5517.96
0,103,0,5517.96,humidity,46.0784,46.0784,5517.96
0,70,10,5536.55,torque,48.5245,48.5245,5536.55
0,70,10,5536.55,vibration,0.2347,0.2347,5536.55
0,70,10,5536.55,temperature,69.7499,69.7499,5536.55
0,70,10,5536.55,pressure,28.7952,28.7952,5536.55
0,70,10,5536.55,humidity,44.5999,44.5999,5536.55
0,71,9,5536.55,torque,50.6432,,5536.55
0,71,9,5536.55,vibration,0.2185,,5536.55
0,71,9,5536.55,temperature,69.6289,,5536.55
0,71,9,5536.55,pressure,28.1277,,5536.55
0,71,9,5536.55,humidity,45.224,,5536.55
0,72,8,5565.65,torque,50.7492,50.7492,5565.65
0,72,8,5565.65,vibration,0.1623,0.1623,5565.65
0,72,8,5565.65,temperature,69.0746,69.0746,5565.65
0,72,8,5565.65,pressure,27.3306,27.3306,5565.65
0,72,8,5565.65,humidity,44.6083,44.6083,5565.65
0,70,11,5577.37,torque,54.6102,54.6102,5577.37
0,70,11,5577.37,vibration,0.3306,0.3306,5577.37
0,70,11,5577.37,temperature,75.7573,75.7573,5577.37
0,70,11,5577.37,pressure,31.5174,31.5174,5577.37
0,70,11,5577.37,humidity,47.3006,47.3006,5577.37
0,71,10,5577.37,torque,51.1613,51.1613,5577.37
0,71,10,5577.37,vibration,0.2326,0.2326,5577.37
0,71,10,5577.37,temperature,67.3439,67.3439,5577.37
0,71,10,5577.37,pressure,29.2872,29.2872,5577.37
0,71,10,5577.37,humidity,44.3315,44.3315,5577.37
0,73,7,5594.87,torque,48.5616,48.5616,5594.87
0,73,7,5594.87,vibration,0.192,0.192,5594.87
0,73,7,5594.87,temperature,71.5407,71.5407,5594.87
0,73,7,5594.87,pressure,34.2511,34.2511,5594.87
0,73,7,5594.87,humidity,41.7533,41.7533,5594.87
0,74,6,5594.87,torque,51.7509,51.7509,5594.87
0,74,6,5594.87,vibration,0.2021,0.2021,5594.87
0,74,6,5594.87,temperature,69.2444,69.2444,5594.87
0,74,6,5594.87,pressure,28.799,28.799,5594.87
0,74,6,5594.87,humidity,40.6541,40.6541,5594.87
0,79,5,5594.87,torque,47.8965,47.8965,5594.87
0,79,5,5594.87,vibration,0.2841,0.2841,5594.87
0,79,5,5594.87,temperature,66.0164,66.0164,5594.87
0,79,5,5594.87,pressure,27.2342,27.2342,5594.87
0,79,5,5594.87,humidity,47.4046,47.4046,5594.87
0,84,4,5594.87,torque,50.114,,5594.87
0,84,4,5594.87,vibration,0.1986,,5594.87
0,84,4,5594.87,temperature,72.4636,,5594.87
0,84,4,5594.87,pressure,26.9613,,5594.87
0,84,4,5594.87,humidity,46.3989,,5594.87
0,89,3,5594.87,torque,50.6269,50.6269,5594.87
0,89,3,5594.87,vibration,0.2042,0.2042,5594.87
0,89,3,5594.87,temperature,67.8308,67.8308,5594.87
0,89,3,5594.87,pressure,29.2586,29.2586,5594.87
0,89,3,5594.87,humidity,46.7898,46.7898,5594.87
0,94,2,5594.87,torque,52.4794,52.4794,5594.87
0,94,2,5594.87,vibration,0.2391,0.2391,5594.87
0,94,2,5594.87,temperature,70.1783,70.1783,5594.87
0,94,2,5594.87,pressure,30.5882,30.5882,5594.87
0,94,2,5594.87,humidity,42.7784,42.7784,5594.87
0,99,1,5594.87,torque,51.2212,51.2212,5594.87
0,99,1,5594.87,vibration,0.2034,0.2034,5594.87
0,99,1,5594.87,temperature,69.3802,69.3802,5594.87
0,99,1,5594.87,pressure,27.6411,27.6411,5594.87
0,99,1,5594.87,humidity,48.3207,48.3207,5594.87
0,104,0,5594.87,torque,51.1603,51.1603,5594.87
0,104,0,5594.87,vibration,0.186,0.186,5594.87
0,104,0,5594.87,temperature,71.8372,71.8372,5594.87
0,104,0,5594.87,pressure,32.24,32.24,5594.87
0,104,0,5594.87,humidity,46.9044,46.9044,5594.87
0,72,9,5616.87,torque,49.0179,,5616.87
0,72,9,5616.87,vibration,0.2096,,5616.87
0,72,9,5616.87,temperature,71.2668,,5616.87
0,72,9,5616.87,pressure,30.187,,5616.87
0,72,9,5616.87,humidity,47.2942,,5616.87
0,73,8,5636.11,torque,49.5145,49.5145,5636.11
0,73,8,5636.11,vibration,0.1976,0.1976,5636.11
0,73,8,5636.11,temperature,67.6113,67.6113,5636.11
0,73,8,5636.11,pressure,30.9777,30.9777,5636.11
0,73,8,5636.11,humidity,45.0689,45.0689,5636.11
0,71,11,5638.24,torque,58.9437,58.9437,5638.24
0,71,11,5638.24,vibration,0.3499,0.3499,5638.24
0,71,11,5638.24,temperature,73.6097,73.6097,5638.24
0,71,11,5638.24,pressure,27.4078,27.4078,5638.24
0,71,11,5638.24,humidity,45.3991,45.3991,5638.24
0,72,10,5662.02,torque,52.0806,52.0806,5662.02
0,72,10,5662.02,vibration,0.1711,0.1711,5662.02
0,72,10,5662.02,temperature,67.9247,67.9247,5662.02
0,72,10,5662.02,pressure,27.4114,27.4114,5662.02
0,72,10,5662.02,humidity,46.5854,46.5854,5662.02
0,74,7,5664.78,torque,47.6429,47.6429,5664.78
0,74,7,5664.78,vibration,0.1625,0.1625,5664.78
0,74,7,5664.78,temperature,70.7695,70.7695,5664.78
0,74,7,5664.78,pressure,28.467,28.467,5664.78
0,74,7,5664.78,humidity,41.635,41.635,5664.78
0,75,6,5664.78,torque,50.7114,50.7114,5664.78
0,75,6,5664.78,vibration,0.2365,0.2365,5664.78
0,75,6,5664.78,temperature,69.6385,69.6385,5664.78
0,75,6,5664.78,pressure,28.6639,28.6639,5664.78
0,75,6,5664.78,humidity,40.1374,40.1374,5664.78
0,80,5,5664.78,torque,50.6303,50.6303,5664.78
0,80,5,5664.78,vibration,0.1604,0.1604,5664.78
0,80,5,5664.78,temperature,72.4103,72.4103,5664.78
0,80,5,5664.78,pressure,34.996,34.996,5664.78
0,80,5,5664.78,humidity,46.4198,46.4198,5664.78
0,85,4,5664.78,torque,51.2264,,5664.78
0,85,4,5664.78,vibration,0.2522,,5664.78
0,85,4,5664.78,temperature,72.2529,,5664.78
0,85,4,5664.78,pressure,28.5546,,5664.78
0,85,4,5664.78,humidity,47.1775,,5664.78
0,90,3,5664.78,torque,51.1931,51.1931,5664.78
0,90,3,5664.78,vibration,0.1891,0.1891,5664.78
0,90,3,5664.78,temperature,70.55,70.55,5664.78
0,90,3,5664.78,pressure,29.4826,29.4826,5664.78
0,90,3,5664.78,humidity,47.2251,47.2251,5664.78
0,95,2,5664.78,torque,49.9238,49.9238,5664.78
0,95,2,5664.78,vibration,0.1785,0.1785,5664.78
0,95,2,5664.78,temperature,71.1461,71.1461,5664.78
0,95,2,5664.78,pressure,31.7596,31.7596,5664.78
0,95,2,5664.78,humidity,42.6698,42.6698,5664.78
0,100,1,5664.78,torque,51.341,51.341,5664.78
0,100,1,5664.78,vibration,0.1978,0.1978,5664.78
0,100,1,5664.78,temperature,67.8888,67.8888,5664.78
0,100,1,5664.78,pressure,26.9982,26.9982,5664.78
0,100,1,5664.78,humidity,48.3452,48.3452,5664.78
0,105,0,5664.78,torque,48.7211,48.7211,5664.78
0,105,0,5664.78,vibration,0.1941,0.1941,5664.78
0,105,0,5664.78,temperature,68.7108,68.7108,5664.78
0,105,0,5664.78,pressure,33.6063,33.6063,5664.78
0,105,0,5664.78,humidity,46.3069,46.3069,5664.78
0,73,9,5686.28,torque,52.4958,,5686.28
0,73,9,5686.28,vibration,0.1885,,5686.28
0,73,9,5686.28,temperature,68.9545,,5686.28
0,73,9,5686.28,pressure,31.8075,,5686.28
0,73,9,5686.28,humidity,45.6663,,5686.28
0,74,8,5711.95,torque,53.4928,53.4928,5711.95
0,74,8,5711.95,vibration,0.2042,0.2042,5711.95
0,74,8,5711.95,temperature,68.8091,68.8091,5711.95
0,74,8,5711.95,pressure,28.7022,28.7022,5711.95
0,74,8,5711.95,humidity,44.6432,44.6432,5711.95
0,72,11,5723.8,torque,55.8142,55.8142,5723.8
0,72,11,5723.8,vibration,0.3287,0.3287,5723.8
0,72,11,5723.8,temperature,72.5485,72.5485,5723.8
0,72,11,5723.8,pressure,32.8274,32.8274,5723.8
0,72,11,5723.8,humidity,45.2381,45.2381,5723.8
0,73,10,5727.8,torque,48.3343,48.3343,5727.8
0,73,10,5727.8,vibration,0.1784,0.1784,5727.8
0,73,10,5727.8,temperature,71.5038,71.5038,5727.8
0,73,10,5727.8,pressure,31.3526,31.3526,5727.8
0,73,10,5727.8,humidity,44.9529,44.9529,5727.8
0,75,7,5735.55,torque,49.7723,49.7723,5735.55
0,75,7,5735.55,vibration,0.2142,0.2142,5735.55
0,75,7,5735.55,temperature,67.7971,67.7971,5735.55
0,75,7,5735.55,pressure,30.0289,30.0289,5735.55
0,75,7,5735.55,humidity,42.1355,42.1355,5735.55
0,76,6,5735.55,torque,50.8978,50.8978,5735.55
0,76,6,5735.55,vibration,0.1878,0.1878,5735.55
0,76,6,5735.55,temperature,67.2773,67.2773,5735.55
0,76,6,5735.55,pressure,31.2212,31.2212,5735.55
0,76,6,5735.55,humidity,42.2794,42.2794,5735.55
0,81,5,5735.55,torque,49.517,49.517,5735.55
0,81,5,5735.55,vibration,0.1907,0.1907,5735.55
0,81,5,5735.55,temperature,64.9483,64.9483,5735.55
0,81,5,5735.55,pressure,29.0919,29.0919,5735.55
0,81,5,5735.55,humidity,46.6181,46.6181,5735.55
0,86,4,5735.55,torque,51.9509,,5735.55
0,86,4,5735.55,vibration,0.2377,,5735.55
0,86,4,5735.55,temperature,70.0486,,5735.55
0,86,4,5735.55,pressure,32.5005,,5735.55
0,86,4,5735.55,humidity,47.534,,5735.55
0,91,3,5735.55,torque,51.8004,51.8004,5735.55
0,91,3,5735.55,vibration,0.2508,0.2508,5735.55
0,91,3,5735.55,temperature,70.2277,70.2277,5735.55
0,91,3,5735.55,pressure,33.5815,33.5815,5735.55
0,91,3,5735.55,humidity,46.5017,46.5017,5735.55
0,96,2,5735.55,torque,50.2993,50.2993,5735.55
0,96,2,5735.55,vibration,0.1739,0.1739,5735.55
0,96,2,5735.55,temperature,68.6087,68.6087,5735.55
0,96,2,5735.55,pressure,33.4921,33.4921,5735.55
0,96,2,5735.55,humidity,42.9486,42.9486,5735.55
0,101,1,5735.55,torque,48.206,48.206,5735.55
0,101,1,5735.55,vibration,0.2103,0.2103,5735.55
0,101,1,5735.55,temperature,67.5421,67.5421,5735.55
0,101,1,5735.55,pressure,31.2626,31.2626,5735.55
0,101,1,5735.55,humidity,48.3977,48.3977,5735.55
0,106,0,5735.55,torque,52.6062,52.6062,5735.55
0,106,0,5735.55,vibration,0.1956,0.1956,5735.55
0,106,0,5735.55,temperature,68.1324,68.1324,5735.55
0,106,0,5735.55,pressure,30.1547,30.1547,5735.55
0,106,0,5735.55,humidity,46.2092,46.2092,5735.55
0,74,9,5764.49,torque,47.0976,,5764.49
0,74,9,5764.49,vibration,0.175,,5764.49
0,74,9,5764.49,temperature,69.8308,,5764.49
0,74,9,5764.49,pressure,30.5273,,5764.49
0,74,9,5764.49,humidity,43.7171,,5764.49
0,75,8,5777.32,torque,46.8268,46.8268,5777.32
0,75,8,5777.32,vibration,0.1824,0.1824,5777.32
0,75,8,5777.32,temperature,74.5362,74.5362,5777.32
0,75,8,5777.32,pressure,27.4511,27.4511,5777.32
0,75,8,5777.32,humidity,44.4774,44.4774,5777.32
0,73,11,5794.06,torque,55.8668,55.8668,5794.06
0,73,11,5794.06,vibration,0.3178,0.3178,5794.06
0,73,11,5794.06,temperature,75.2857,75.2857,5794.06
0,73,11,5794.06,pressure,29.735,29.735,5794.06
0,73,11,5794.06,humidity,44.5735,44.5735,5794.06
0,76,7,5807.45,torque,48.5632,48.5632,5807.45
0,76,7,5807.45,vibration,0.2032,0.2032,5807.45
0,76,7,5807.45,temperature,73.3014,73.3014,5807.45
0,76,7,5807.45,pressure,33.1865,33.1865,5807.45
0,76,7,5807.45,humidity,42.7554,42.7554,5807.45
0,77,6,5807.45,torque,49.7136,49.7136,5807.45
0,77,6,5807.45,vibration,0.171,0.171,5807.45
0,77,6,5807.45,temperature,67.9386,67.9386,5807.45
0,77,6,5807.45,pressure,27.4438,27.4438,5807.45
0,77,6,5807.45,humidity,41.6042,41.6042,5807.45
0,82,5,5807.45,torque,49.9653,49.9653,5807.45
0,82,5,5807.45,vibration,0.2455,0.2455,5807.45
0,82,5,5807.45,temperature,71.9911,71.9911,5807.45
0,82,5,5807.45,pressure,27.4754,27.4754,5807.45
0,82,5,5807.45,humidity,46.925,46.925,5807.45
0,87,4,5807.45,torque,46.9233,,5807.45
0,87,4,5807.45,vibration,0.1298,,5807.45
0,87,4,5807.45,temperature,70.8926,,5807.45
0,87,4,5807.45,pressure,28.9295,,5807.45
0,87,4,5807.45,humidity,47.0736,,5807.45
0,92,3,5807.45,torque,48.8515,48.8515,5807.45
0,92,3,5807.45,vibration,0.2297,0.2297,5807.45
0,92,3,5807.45,temperature,70.4275,70.4275,5807.45
0,92,3,5807.45,pressure,30.5153,30.5153,5807.45
0,92,3,5807.45,humidity,43.6647,43.6647,5807.45
0,97,2,5807.45,torque,47.4624,47.4624,5807.45
0,97,2,5807.45,vibration,0.2205,0.2205,5807.45
0,97,2,5807.45,temperature,73.2391,73.2391,5807.45
0,97,2,5807.45,pressure,27.818,27.818,5807.45
0,97,2,5807.45,humidity,42.5745,42.5745,5807.45
0,102,1,5807.45,torque,51.0131,51.0131,5807.45
0,102,1,5807.45,vibration,0.2225,0.2225,5807.45
0,102,1,5807.45,temperature,70.0991,70.0991,5807.45
0,102,1,5807.45,pressure,28.2845,28.2845,5807.45
0,102,1,5807.45,humidity,46.4929,46.4929,5807.45
0,107,0,5807.45,torque,49.1304,49.1304,5807.45
0,107,0,5807.45,vibration,0.2171,0.2171,5807.45
0,107,0,5807.45,temperature,72.3186,72.3186,5807.45
0,107,0,5807.45,pressure,31.6287,31.6287,5807.45
0,107,0,5807.45,humidity,46.0609,46.0609,5807.45
0,74,10,5818.15,torque,49.6526,49.6526,5818.15
0,74,10,5818.15,vibration,0.2214,0.2214,5818.15
0,74,10,5818.15,temperature,68.9976,68.9976,5818.15
0,74,10,5818.15,pressure,30.6453,30.6453,5818.15
0,74,10,5818.15,humidity,44.897,44.897,5818.15
0,75,9,5820.16,torque,48.5021,,5820.16
0,75,9,5820.16,vibration,0.2031,,5820.16
0,75,9,5820.16,temperature,74.0654,,5820.16
0,75,9,5820.16,pressure,29.863,,5820.16
0,75,9,5820.16,humidity,44.5201,,5820.16
0,76,8,5862.63,torque,48.7692,48.7692,5862.63
0,76,8,5862.63,vibration,0.2322,0.2322,5862.63
0,76,8,5862.63,temperature,69.4142,69.4142,5862.63
0,76,8,5862.63,pressure,29.3491,29.3491,5862.63
0,76,8,5862.63,humidity,45.1436,45.1436,5862.63
0,74,11,5878.39,torque,53.9515,53.9515,5878.39
0,74,11,5878.39,vibration,0.3116,0.3116,5878.39
0,74,11,5878.39,temperature,74.6176,74.6176,5878.39
0,74,11,5878.39,pressure,32.453,32.453,5878.39
0,74,11,5878.39,humidity,45.6544,45.6544,5878.39
0,75,10,5878.39,torque,51.8789,51.8789,5878.39
0,75,10,5878.39,vibration,0.2099,0.2099,5878.39
0,75,10,5878.39,temperature,68.7561,68.7561,5878.39
0,75,10,5878.39,pressure,30.4816,30.4816,5878.39
0,75,10,5878.39,humidity,44.567,44.567,5878.39
0,77,7,5882.32,torque,49.0084,49.0084,5882.32
0,77,7,5882.32,vibration,0.1752,0.1752,5882.32
0,77,7,5882.32,temperature,71.1173,71.1173,5882.32
0,77,7,5882.32,pressure,31.853,31.853,5882.32
0,77,7,5882.32,humidity,41.8721,41.8721,5882.32
0,78,6,5882.32,torque,53.7133,53.7133,5882.32
0,78,6,5882.32,vibration,0.2279,0.2279,5882.32
0,78,6,5882.32,temperature,66.6238,66.6238,5882.32
0,78,6,5882.32,pressure,29.8306,29.8306,5882.32
0,78,6,5882.32,humidity,41.7849,41.7849,5882.32
0,83,5,5882.32,torque,50.1824,50.1824,5882.32
0,83,5,5882.32,vibration,0.2105,0.2105,5882.32
0,83,5,5882.32,temperature,70.7906,70.7906,5882.32
0,83,5,5882.32,pressure,30.4976,30.4976,5882.32
0,83,5,5882.32,humidity,47.292,47.292,5882.32
0,88,4,5882.32,torque,48.0311,,5882.32
0,88,4,5882.32,vibration,0.2221,,5882.32
0,88,4,5882.32,temperature,70.0313,,5882.32
0,88,4,5882.32,pressure,27.985,,5882.32
0,88,4,5882.32,humidity,46.4493,,5882.32
0,93,3,5882.32,torque,49.6544,49.6544,5882.32
0,93,3,5882.32,vibration,0.2171,0.2171,5882.32
0,93,3,5882.32,temperature,70.5744,70.5744,5882.32
0,93,3,5882.32,pressure,27.9918,27.9918,5882.32
0,93,3,5882.32,humidity,46.3035,46.3035,5882.32
0,98,2,5882.32,torque,48.8512,48.8512,5882.32
0,98,2,5882.32,vibration,0.2245,0.2245,5882.32
0,98,2,5882.32,temperature,69.3528,69.3528,5882.32
0,98,2,5882.32,pressure,28.467,28.467,5882.32
0,98,2,5882.32,humidity,43.7082,43.7082,5882.32
0,103,1,5882.32,torque,48.7144,48.7144,5882.32
0,103,1,5882.32,vibration,0.2102,0.2102,5882.32
0,103,1,5882.32,temperature,72.2872,72.2872,5882.32
0,103,1,5882.32,pressure,30.1179,30.1179,5882.32
0,103,1,5882.32,humidity,46.6255,46.6255,5882.32
0,108,0,5882.32,torque,49.4198,49.4198,5882.32
0,108,0,5882.32,vibration,0.148,0.148,5882.32
0,108,0,5882.32,temperature,70.2983,70.2983,5882.32
0,108,0,5882.32,pressure,29.9975,29.9975,5882.32
0,108,0,5882.32,humidity,47.3065,47.3065,5882.32
0,76,9,5918.3,torque,51.3737,,5918.3
0,76,9,5918.3,vibration,0.2212,,5918.3
0,76,9,5918.3,temperature,71.2003,,5918.3
0,76,9,5918.3,pressure,32.7576,,5918.3
0,76,9,5918.3,humidity,43.3369,,5918.3
0,77,8,5929.67,torque,49.8124,49.8124,5929.67
0,77,8,5929.67,vibration,0.1634,0.1634,5929.67
0,77,8,5929.67,temperature,66.6178,66.6178,5929.67
0,77,8,5929.67,pressure,28.665,28.665,5929.67
0,77,8,5929.67,humidity,45.0371,45.0371,5929.67
0,75,11,5935.69,torque,54.2753,54.2753,5935.69
0,75,11,5935.69,vibration,0.2525,0.2525,5935.69
0,75,11,5935.69,temperature,75.6397,75.6397,5935.69
0,75,11,5935.69,pressure,26.8099,26.8099,5935.69
0,75,11,5935.69,humidity,46.2949,46.2949,5935.69
0,78,7,5952.39,torque,49.2915,49.2915,5952.39
0,78,7,5952.39,vibration,0.2088,0.2088,5952.39
0,78,7,5952.39,temperature,70.4119,70.4119,5952.39
0,78,7,5952.39,pressure,29.3032,29.3032,5952.39
0,78,7,5952.39,humidity,42.9386,42.9386,5952.39
0,79,6,5952.39,torque,50.4216,50.4216,5952.39
0,79,6,5952.39,vibration,0.1464,0.1464,5952.39
0,79,6,5952.39,temperature,72.7812,72.7812,5952.39
0,79,6,5952.39,pressure,28.7604,28.7604,5952.39
0,79,6,5952.39,humidity,42.6879,42.6879,5952.39
0,84,5,5952.39,torque,52.2287,52.2287,5952.39
0,84,5,5952.39,vibration,0.1774,0.1774,5952.39
0,84,5,5952.39,temperature,70.6841,70.6841,5952.39
0,84,5,5952.39,pressure,30.725,30.725,5952.39
0,84,5,5952.39,humidity,46.8109,46.8109,5952.39
0,89,4,5952.39,torque,50.9369,,5952.39
0,89,4,5952.39,vibration,0.1724,,5952.39
0,89,4,5952.39,temperature,72.3982,,5952.39
0,89,4,5952.39,pressure,29.662,,5952.39
0,89,4,5952.39,humidity,44.1845,,5952.39
0,94,3,5952.39,torque,50.5327,50.5327,5952.39
0,94,3,5952.39,vibration,0.1918,0.1918,5952.39
0,94,3,5952.39,temperature,70.7413,70.7413,5952.39
0,94,3,5952.39,pressure,26.6983,26.6983,5952.39
0,94,3,5952.39,humidity,46.8265,46.8265,5952.39
0,99,2,5952.39,torque,49.6576,49.6576,5952.39
0,99,2,5952.39,vibration,0.2041,0.2041,5952.39
0,99,2,5952.39,temperature,70.1262,70.1262,5952.39
0,99,2,5952.39,pressure,31.5727,31.5727,5952.39
0,99,2,5952.39,humidity,42.8,42.8,5952.39
0,104,1,5952.39,torque,46.9146,46.9146,5952.39
0,104,1,5952.39,vibration,0.2242,0.2242,5952.39
0,104,1,5952.39,temperature,69.9961,69.9961,5952.39
0,104,1,5952.39,pressure,31.1801,31.1801,5952.39
0,104,1,5952.39,humidity,46.1464,46.1464,5952.39
0,109,0,5952.39,torque,48.9803,48.9803,5952.39
0,109,0,5952.39,vibration,0.2819,0.2819,5952.39
0,109,0,5952.39,temperature,70.1391,70.1391,5952.39
0,109,0,5952.39,pressure,29.3529,29.3529,5952.39
0,109,0,5952.39,humidity,45.8733,45.8733,5952.39
0,76,10,5955.29,torque,48.5916,48.5916,5955.29
0,76,10,5955.29,vibration,0.1858,0.1858,5955.29
0,76,10,5955.29,temperature,70.803,70.803,5955.29
0,76,10,5955.29,pressure,32.8778,32.8778,5955.29
0,76,10,5955.29,humidity,44.8002,44.8002,5955.29
0,77,9,5977.22,torque,50.1422,,5977.22
0,77,9,5977.22,vibration,0.2035,,5977.22
0,77,9,5977.22,temperature,74.4672,,5977.22
0,77,9,5977.22,pressure,28.7397,,5977.22
0,77,9,5977.22,humidity,42.8377,,5977.22
0,78,8,5990.05,torque,50.7029,50.7029,5990.05
0,78,8,5990.05,vibration,0.1796,0.1796,5990.05
0,78,8,5990.05,temperature,68.5865,68.5865,5990.05
0,78,8,5990.05,pressure,31.4294,31.4294,5990.05
0,78,8,5990.05,humidity,44.8393,44.8393,5990.05
0,76,11,5999.57,torque,54.8563,54.8563,5999.57
0,76,11,5999.57,vibration,0.2231,0.2231,5999.57
0,76,11,5999.57,temperature,71.5947,71.5947,5999.57
0,76,11,5999.57,pressure,30.6793,30.6793,5999.57
0,76,11,5999.57,humidity,46.3771,46.3771,5999.57
0,77,10,6029.33,torque,49.7525,49.7525,6029.33
0,77,10,6029.33,vibration,0.1928,0.1928,6029.33
0,77,10,6029.33,temperature,71.1479,71.1479,6029.33
0,77,10,6029.33,pressure,29.8043,29.8043,6029.33
0,77,10,6029.33,humidity,44.7822,44.7822,6029.33
0,78,9,6035.3,torque,50.2567,,6035.3
0,78,9,6035.3,vibration,0.1891,,6035.3
0,78,9,6035.3,temperature,70.0005,,6035.3
0,78,9,6035.3,pressure,31.5506,,6035.3
0,78,9,6035.3,humidity,44.1641,,6035.3
0,79,7,6044.7,torque,50.0218,50.0218,6044.7
0,79,7,6044.7,vibration,0.184,0.184,6044.7
0,79,7,6044.7,temperature,68.8717,68.8717,6044.7
0,79,7,6044.7,pressure,30.8451,30.8451,6044.7
0,79,7,6044.7,humidity,43.8903,43.8903,6044.7
0,80,6,6044.7,torque,49.8096,49.8096,6044.7
0,80,6,6044.7,vibration,0.2078,0.2078,6044.7
0,80,6,6044.7,temperature,71.3293,71.3293,6044.7
0,80,6,6044.7,pressure,29.7387,29.7387,6044.7
0,80,6,6044.7,humidity,44.0457,44.0457,6044.7
0,85,5,6044.7,torque,48.31,48.31,6044.7
0,85,5,6044.7,vibration,0.1978,0.1978,6044.7
0,85,5,6044.7,temperature,70.9551,70.9551,6044.7
0,85,5,6044.7,pressure,28.5013,28.5013,6044.7
0,85,5,6044.7,humidity,46.1295,46.1295,6044.7
0,90,4,6044.7,torque,49.8268,,6044.7
0,90,4,6044.7,vibration,0.1933,,6044.7
0,90,4,6044.7,temperature,69.1519,,6044.7
0,90,4,6044.7,pressure,30.3492,,6044.7
0,90,4,6044.7,humidity,45.072,,6044.7
0,95,3,6044.7,torque,49.3112,49.3112,6044.7
0,95,3,6044.7,vibration,0.2293,0.2293,6044.7
0,95,3,6044.7,temperature,68.4123,68.4123,6044.7
0,95,3,6044.7,pressure,31.2928,31.2928,6044.7
0,95,3,6044.7,humidity,47.3806,47.3806,6044.7
0,100,2,6044.7,torque,53.1956,53.1956,6044.7
0,100,2,6044.7,vibration,0.1514,0.1514,6044.7
0,100,2,6044.7,temperature,67.0564,67.0564,6044.7
0,100,2,6044.7,pressure,32.8698,32.8698,6044.7
0,100,2,6044.7,humidity,42.325,42.325,6044.7
0,105,1,6044.7,torque,49.5731,49.5731,6044.7
0,105,1,6044.7,vibration,0.235,0.235,6044.7
0,105,1,6044.7,temperature,67.3548,67.3548,6044.7
0,105,1,6044.7,pressure,29.2662,29.2662,6044.7
0,105,1,6044.7,humidity,46.6899,46.6899,6044.7
0,110,0,6044.7,torque,49.4309,49.4309,6044.7
0,110,0,6044.7,vibration,0.1897,0.1897,6044.7
0,110,0,6044.7,temperature,66.746,66.746,6044.7
0,110,0,6044.7,pressure,28.2993,28.2993,6044.7
0,110,0,6044.7,humidity,46.8807,46.8807,6044.7
0,77,11,6080.42,torque,49.6324,49.6324,6080.42
0,77,11,6080.42,vibration,0.2034,0.2034,6080.42
0,77,11,6080.42,temperature,68.3901,68.3901,6080.42
0,77,11,6080.42,pressure,28.5468,28.5468,6080.42
0,77,11,6080.42,humidity,47.2066,47.2066,6080.42
0,78,10,6081.3,torque,46.5591,46.5591,6081.3
0,78,10,6081.3,vibration,0.2207,0.2207,6081.3
0,78,10,6081.3,temperature,71.9366,71.9366,6081.3
0,78,10,6081.3,pressure,33.5779,33.5779,6081.3
0,78,10,6081.3,humidity,44.5266,44.5266,6081.3
0,79,8,6083.65,torque,46.5362,46.5362,6083.65
0,79,8,6083.65,vibration,0.1838,0.1838,6083.65
0,79,8,6083.65,temperature,68.8861,68.8861,6083.65
0,79,8,6083.65,pressure,30.3632,30.3632,6083.65
0,79,8,6083.65,humidity,45.8223,45.8223,6083.65
0,80,7,6103.43,torque,49.9315,49.9315,6103.43
0,80,7,6103.43,vibration,0.2031,0.2031,6103.43
0,80,7,6103.43,temperature,71.5854,71.5854,6103.43
0,80,7,6103.43,pressure,32.3567,32.3567,6103.43
0,80,7,6103.43,humidity,44.6334,44.6334,6103.43
0,81,6,6103.43,torque,50.4268,50.4268,6103.43
0,81,6,6103.43,vibration,0.1937,0.1937,6103.43
0,81,6,6103.43,temperature,68.1543,68.1543,6103.43
0,81,6,6103.43,pressure,31.7618,31.7618,6103.43
0,81,6,6103.43,humidity,42.7423,42.7423,6103.43
0,86,5,6103.43,torque,50.2805,50.2805,6103.43
0,86,5,6103.43,vibration,0.2413,0.2413,6103.43
0,86,5,6103.43,temperature,71.1074,71.1074,6103.43
0,86,5,6103.43,pressure,30.4869,30.4869,6103.43
0,86,5,6103.43,humidity,47.0408,47.0408,6103.43
0,91,4,6105.59,torque,51.4073,,6105.59
0,91,4,6105.59,vibration,0.2191,,6105.59
0,91,4,6105.59,temperature,69.0341,,6105.59
0,91,4,6105.59,pressure,27.6311,,6105.59
0,91,4,6105.59,humidity,44.7547,,6105.59
0,96,3,6105.59,torque,51.1275,51.1275,6105.59
0,96,3,6105.59,vibration,0.2168,0.2168,6105.59
0,96,3,6105.59,temperature,69.5729,69.5729,6105.59
0,96,3,6105.59,pressure,28.6949,28.6949,6105.59
0,96,3,6105.59,humidity,47.0945,47.0945,6105.59
0,101,2,6105.59,torque,49.3379,49.3379,6105.59
0,101,2,6105.59,vibration,0.2214,0.2214,6105.59
0,101,2,6105.59,temperature,67.8455,67.8455,6105.59
0,101,2,6105.59,pressure,29.2081,29.2081,6105.59
0,101,2,6105.59,humidity,42.8512,42.8512,6105.59
0,106,1,6105.59,torque,50.4231,50.4231,6105.59
0,106,1,6105.59,vibration,0.1899,0.1899,6105.59
0,106,1,6105.59,temperature,69.0914,69.0914,6105.59
0,106,1,6105.59,pressure,31.7004,31.7004,6105.59
0,106,1,6105.59,humidity,47.3582,47.3582,6105.59
0,111,0,6105.59,torque,50.7097,50.7097,6105.59
0,111,0,6105.59,vibration,0.2078,0.2078,6105.59
0,111,0,6105.59,temperature,70.2698,70.2698,6105.59
0,111,0,6105.59,pressure,30.5846,30.5846,6105.59
0,111,0,6105.59,humidity,47.1321,47.1321,6105.59
0,78,11,6123.37,torque,49.6418,49.6418,6123.37
0,78,11,6123.37,vibration,0.208,0.208,6123.37
0,78,11,6123.37,temperature,68.488,68.488,6123.37
0,78,11,6123.37,pressure,29.797,29.797,6123.37
0,78,11,6123.37,humidity,45.9158,45.9158,6123.37
0,79,9,6135.71,torque,52.375,,6135.71
0,79,9,6135.71,vibration,0.2401,,6135.71
0,79,9,6135.71,temperature,68.3478,,6135.71
0,79,9,6135.71,pressure,30.3089,,6135.71
0,79,9,6135.71,humidity,45.2405,,6135.71
0,80,8,6154.79,torque,48.0605,48.0605,6154.79
0,80,8,6154.79,vibration,0.1799,0.1799,6154.79
0,80,8,6154.79,temperature,69.9541,69.9541,6154.79
0,80,8,6154.79,pressure,27.3443,27.3443,6154.79
0,80,8,6154.79,humidity,44.8231,44.8231,6154.79
0,81,7,6175.49,torque,49.1751,49.1751,6175.49
0,81,7,6175.49,vibration,0.2012,0.2012,6175.49
0,81,7,6175.49,temperature,68.9887,68.9887,6175.49
0,81,7,6175.49,pressure,32.9347,32.9347,6175.49
0,81,7,6175.49,humidity,44.4312,44.4312,6175.49
0,82,6,6175.49,torque,47.7332,47.7332,6175.49
0,82,6,6175.49,vibration,0.172,0.172,6175.49
0,82,6,6175.49,temperature,69.4047,69.4047,6175.49
0,82,6,6175.49,pressure,28.3909,28.3909,6175.49
0,82,6,6175.49,humidity,43.9102,43.9102,6175.49
0,87,5,6175.49,torque,50.4714,50.4714,6175.49
0,87,5,6175.49,vibration,0.1837,0.1837,6175.49
0,87,5,6175.49,temperature,73.7296,73.7296,6175.49
0,87,5,6175.49,pressure,29.9642,29.9642,6175.49
0,87,5,6175.49,humidity,45.6291,45.6291,6175.49
0,92,4,6179.87,torque,49.6535,,6179.87
0,92,4,6179.87,vibration,0.1467,,6179.87
0,92,4,6179.87,temperature,70.3916,,6179.87
0,92,4,6179.87,pressure,27.9279,,6179.87
0,92,4,6179.87,humidity,44.9201,,6179.87
0,97,3,6179.87,torque,49.3583,49.3583,6179.87
0,97,3,6179.87,vibration,0.2387,0.2387,6179.87
0,97,3,6179.87,temperature,69.7055,69.7055,6179.87
0,97,3,6179.87,pressure,30.9121,30.9121,6179.87
0,97,3,6179.87,humidity,46.5249,46.5249,6179.87
0,102,2,6179.87,torque,51.1076,51.1076,6179.87
0,102,2,6179.87,vibration,0.166,0.166,6179.87
0,102,2,6179.87,temperature,72.13,72.13,6179.87
0,102,2,6179.87,pressure,27.3192,27.3192,6179.87
0,102,2,6179.87,humidity,43.3601,43.3601,6179.87
0,107,1,6179.87,torque,50.835,50.835,6179.87
0,107,1,6179.87,vibration,0.174,0.174,6179.87
0,107,1,6179.87,temperature,70.325,70.325,6179.87
0,107,1,6179.87,pressure,28.6979,28.6979,6179.87
0,107,1,6179.87,humidity,47.6994,47.6994,6179.87
0,112,0,6179.87,torque,48.726,48.726,6179.87
0,112,0,6179.87,vibration,0.219,0.219,6179.87
0,112,0,6179.87,temperature,76.5952,76.5952,6179.87
0,112,0,6179.87,pressure,29.6662,29.6662,6179.87
0,112,0,6179.87,humidity,45.8551,45.8551,6179.87
0,79,10,6188.69,torque,49.5072,49.5072,6188.69
0,79,10,6188.69,vibration,0.1882,0.1882,6188.69
0,79,10,6188.69,temperature,69.2099,69.2099,6188.69
0,79,10,6188.69,pressure,27.576,27.576,6188.69
0,79,10,6188.69,humidity,45.8217,45.8217,6188.69
0,80,9,6197.98,torque,48.4846,,6197.98
0,80,9,6197.98,vibration,0.2125,,6197.98
0,80,9,6197.98,temperature,72.6696,,6197.98
0,80,9,6197.98,pressure,29.8072,,6197.98
0,80,9,6197.98,humidity,43.9958,,6197.98
0,81,8,6235.18,torque,48.8258,48.8258,6235.18
0,81,8,6235.18,vibration,0.196,0.196,6235.18
0,81,8,6235.18,temperature,67.7602,67.7602,6235.18
0,81,8,6235.18,pressure,31.5986,31.5986,6235.18
0,81,8,6235.18,humidity,46.5129,46.5129,6235.18
0,79,11,6244.27,torque,51.081,51.081,6244.27
0,79,11,6244.27,vibration,0.2157,0.2157,6244.27
0,79,11,6244.27,temperature,66.495,66.495,6244.27
0,79,11,6244.27,pressure,31.2388,31.2388,6244.27
0,79,11,6244.27,humidity,44.4299,44.4299,6244.27
0,80,10,6245.26,torque,50.2607,50.2607,6245.26
0,80,10,6245.26,vibration,0.1814,0.1814,6245.26
0,80,10,6245.26,temperature,69.5115,69.5115,6245.26
0,80,10,6245.26,pressure,29.7348,29.7348,6245.26
0,80,10,6245.26,humidity,45.3066,45.3066,6245.26
0,82,7,6245.32,torque,49.3769,49.3769,6245.32
0,82,7,6245.32,vibration,0.1787,0.1787,6245.32
0,82,7,6245.32,temperature,70.7786,70.7786,6245.32
0,82,7,6245.32,pressure,29.9257,29.9257,6245.32
0,82,7,6245.32,humidity,46.0484,46.0484,6245.32
0,83,6,6245.32,torque,50.3233,50.3233,6245.32
0,83,6,6245.32,vibration,0.1727,0.1727,6245.32
0,83,6,6245.32,temperature,69.5604,69.5604,6245.32
0,83,6,6245.32,pressure,30.459,30.459,6245.32
0,83,6,6245.32,humidity,44.2032,44.2032,6245.32
0,88,5,6245.32,torque,51.5408,51.5408,6245.32
0,88,5,6245.32,vibration,0.2064,0.2064,6245.32
0,88,5,6245.32,temperature,68.9299,68.9299,6245.32
0,88,5,6245.32,pressure,30.4602,30.4602,6245.32
0,88,5,6245.32,humidity,44.8051,44.8051,6245.32
0,93,4,6250.3,torque,49.6192,,6250.3
0,93,4,6250.3,vibration,0.1707,,6250.3
0,93,4,6250.3,temperature,71.3365,,6250.3
0,93,4,6250.3,pressure,33.4376,,6250.3
0,93,4,6250.3,humidity,45.4864,,6250.3
0,98,3,6250.3,torque,49.0934,49.0934,6250.3
0,98,3,6250.3,vibration,0.2742,0.2742,6250.3
0,98,3,6250.3,temperature,67.7018,67.7018,6250.3
0,98,3,6250.3,pressure,31.8656,31.8656,6250.3
0,98,3,6250.3,humidity,46.1072,46.1072,6250.3
0,103,2,6250.3,torque,50.5342,50.5342,6250.3
0,103,2,6250.3,vibration,0.1994,0.1994,6250.3
0,103,2,6250.3,temperature,71.5996,71.5996,6250.3
0,103,2,6250.3,pressure,29.0837,29.0837,6250.3
0,103,2,6250.3,humidity,42.4853,42.4853,6250.3
0,108,1,6250.3,torque,50.6501,50.6501,6250.3
0,108,1,6250.3,vibration,0.1981,0.1981,6250.3
0,108,1,6250.3,temperature,69.7754,69.7754,6250.3
0,108,1,6250.3,pressure,29.2472,29.2472,6250.3
0,108,1,6250.3,humidity,46.8914,46.8914,6250.3
0,113,0,6250.3,torque,50.8743,50.8743,6250.3
0,113,0,6250.3,vibration,0.1272,0.1272,6250.3
0,113,0,6250.3,temperature,67.1328,67.1328,6250.3
0,113,0,6250.3,pressure,29.7519,29.7519,6250.3
0,113,0,6250.3,humidity,44.9146,44.9146,6250.3
0,81,9,6293.98,torque,48.8119,,6293.98
0,81,9,6293.98,vibration,0.2269,,6293.98
0,81,9,6293.98,temperature,68.6262,,6293.98
0,81,9,6293.98,pressure,28.5763,,6293.98
0,81,9,6293.98,humidity,43.7514,,6293.98
0,82,8,6295.86,torque,50.3876,50.3876,6295.86
0,82,8,6295.86,vibration,0.1975,0.1975,6295.86
0,82,8,6295.86,temperature,70.2942,70.2942,6295.86
0,82,8,6295.86,pressure,28.1758,28.1758,6295.86
0,82,8,6295.86,humidity,46.0733,46.0733,6295.86
0,80,11,6302.82,torque,49.9175,49.9175,6302.82
0,80,11,6302.82,vibration,0.2172,0.2172,6302.82
0,80,11,6302.82,temperature,69.8247,69.8247,6302.82
0,80,11,6302.82,pressure,31.8818,31.8818,6302.82
0,80,11,6302.82,humidity,44.7382,44.7382,6302.82
0,83,7,6317.14,torque,48.7631,48.7631,6317.14
0,83,7,6317.14,vibration,0.1768,0.1768,6317.14
0,83,7,6317.14,temperature,68.9528,68.9528,6317.14
0,83,7,6317.14,pressure,31.3239,31.3239,6317.14
0,83,7,6317.14,humidity,46.1785,46.1785,6317.14
0,84,6,6317.14,torque,49.7873,49.7873,6317.14
0,84,6,6317.14,vibration,0.1785,0.1785,6317.14
0,84,6,6317.14,temperature,69.795,69.795,6317.14
0,84,6,6317.14,pressure,31.2182,31.2182,6317.14
0,84,6,6317.14,humidity,42.7293,42.7293,6317.14
0,89,5,6317.14,torque,50.3809,50.3809,6317.14
0,89,5,6317.14,vibration,0.261,0.261,6317.14
0,89,5,6317.14,temperature,71.9379,71.9379,6317.14
0,89,5,6317.14,pressure,30.5292,30.5292,6317.14
0,89,5,6317.14,humidity,43.8784,43.8784,6317.14
0,94,4,6321.21,torque,49.0396,,6321.21
0,94,4,6321.21,vibration,0.1706,,6321.21
0,94,4,6321.21,temperature,71.4328,,6321.21
0,94,4,6321.21,pressure,28.9282,,6321.21
0,94,4,6321.21,humidity,45.4796,,6321.21
0,99,3,6321.21,torque,49.7247,49.7247,6321.21
0,99,3,6321.21,vibration,0.1761,0.1761,6321.21
0,99,3,6321.21,temperature,69.2686,69.2686,6321.21
0,99,3,6321.21,pressure,32.0059,32.0059,6321.21
0,99,3,6321.21,humidity,46.2233,46.2233,6321.21
0,104,2,6321.21,torque,52.4075,52.4075,6321.21
0,104,2,6321.21,vibration,0.2212,0.2212,6321.21
0,104,2,6321.21,temperature,70.6941,70.6941,6321.21
0,104,2,6321.21,pressure,33.1697,33.1697,6321.21
0,104,2,6321.21,humidity,42.3796,42.3796,6321.21
0,109,1,6321.21,torque,50.7369,50.7369,6321.21
0,109,1,6321.21,vibration,0.1782,0.1782,6321.21
0,109,1,6321.21,temperature,69.0978,69.0978,6321.21
0,109,1,6321.21,pressure,32.6686,32.6686,6321.21
0,109,1,6321.21,humidity,46.9163,46.9163,6321.21
0,114,0,6321.21,torque,49.9129,49.9129,6321.21
0,114,0,6321.21,vibration,0.1883,0.1883,6321.21
0,114,0,6321.21,temperature,65.89,65.89,6321.21
0,114,0,6321.21,pressure,28.697,28.697,6321.21
0,114,0,6321.21,humidity,45.4379,45.4379,6321.21
0,81,10,6342.0,torque,50.4073,50.4073,6342.0
0,81,10,6342.0,vibration,0.1989,0.1989,6342.0
0,81,10,6342.0,temperature,67.4615,67.4615,6342.0
0,81,10,6342.0,pressure,30.853,30.853,6342.0
0,81,10,6342.0,humidity,44.1482,44.1482,6342.0
0,82,9,6343.48,torque,50.5575,,6343.48
0,82,9,6343.48,vibration,0.2066,,6343.48
0,82,9,6343.48,temperature,74.1084,,6343.48
0,82,9,6343.48,pressure,30.9061,,6343.48
0,82,9,6343.48,humidity,43.5816,,6343.48
0,83,8,6359.37,torque,51.9859,51.9859,6359.37
0,83,8,6359.37,vibration,0.1929,0.1929,6359.37
0,83,8,6359.37,temperature,68.1467,68.1467,6359.37
0,83,8,6359.37,pressure,32.4581,32.4581,6359.37
0,83,8,6359.37,humidity,46.7782,46.7782,6359.37
0,84,7,6384.82,torque,50.4673,50.4673,6384.82
0,84,7,6384.82,vibration,0.2198,0.2198,6384.82
0,84,7,6384.82,temperature,72.1735,72.1735,6384.82
0,84,7,6384.82,pressure,29.0536,29.0536,6384.82
0,84,7,6384.82,humidity,46.1019,46.1019,6384.82
0,85,6,6384.82,torque,48.4019,48.4019,6384.82
0,85,6,6384.82,vibration,0.188,0.188,6384.82
0,85,6,6384.82,temperature,73.0681,73.0681,6384.82
0,85,6,6384.82,pressure,33.4777,33.4777,6384.82
0,85,6,6384.82,humidity,40.2442,40.2442,6384.82
0,90,5,6384.82,torque,48.3889,48.3889,6384.82
0,90,5,6384.82,vibration,0.2197,0.2197,6384.82
0,90,5,6384.82,temperature,69.4617,69.4617,6384.82
0,90,5,6384.82,pressure,27.2902,27.2902,6384.82
0,90,5,6384.82,humidity,44.9805,44.9805,6384.82
0,95,4,6384.82,torque,49.8158,,6384.82
0,95,4,6384.82,vibration,0.2127,,6384.82
0,95,4,6384.82,temperature,69.7346,,6384.82
0,95,4,6384.82,pressure,32.7998,,6384.82
0,95,4,6384.82,humidity,44.8779,,6384.82
0,100,3,6384.82,torque,48.5581,48.5581,6384.82
0,100,3,6384.82,vibration,0.2056,0.2056,6384.82
0,100,3,6384.82,temperature,71.3047,71.3047,6384.82
0,100,3,6384.82,pressure,29.5655,29.5655,6384.82
0,100,3,6384.82,humidity,46.6351,46.6351,6384.82
0,105,2,6384.82,torque,51.8016,51.8016,6384.82
0,105,2,6384.82,vibration,0.2163,0.2163,6384.82
0,105,2,6384.82,temperature,67.0728,67.0728,6384.82
0,105,2,6384.82,pressure,30.5177,30.5177,6384.82
0,105,2,6384.82,humidity,43.207,43.207,6384.82
0,110,1,6384.82,torque,49.6428,49.6428,6384.82
0,110,1,6384.82,vibration,0.1702,0.1702,6384.82
0,110,1,6384.82,temperature,69.5663,69.5663,6384.82
0,110,1,6384.82,pressure,30.0804,30.0804,6384.82
0,110,1,6384.82,humidity,47.2641,47.2641,6384.82
0,115,0,6384.82,torque,49.6579,49.6579,6384.82
0,115,0,6384.82,vibration,0.1682,0.1682,6384.82
0,115,0,6384.82,temperature,72.1567,72.1567,6384.82
0,115,0,6384.82,pressure,31.0079,31.0079,6384.82
0,115,0,6384.82,humidity,47.2731,47.2731,6384.82
0,81,11,6398.75,torque,51.5529,51.5529,6398.75
0,81,11,6398.75,vibration,0.2458,0.2458,6398.75
0,81,11,6398.75,temperature,70.893,70.893,6398.75
0,81,11,6398.75,pressure,31.0662,31.0662,6398.75
0,81,11,6398.75,humidity,43.4599,43.4599,6398.75
0,82,10,6398.75,torque,53.2638,53.2638,6398.75
0,82,10,6398.75,vibration,0.2693,0.2693,6398.75
0,82,10,6398.75,temperature,66.9852,66.9852,6398.75
0,82,10,6398.75,pressure,31.2971,31.2971,6398.75
0,82,10,6398.75,humidity,44.0915,44.0915,6398.75
0,83,9,6425.4,torque,48.5605,,6425.4
0,83,9,6425.4,vibration,0.1962,,6425.4
0,83,9,6425.4,temperature,72.3466,,6425.4
0,83,9,6425.4,pressure,28.9518,,6425.4
0,83,9,6425.4,humidity,43.1579,,6425.4
0,84,8,6439.09,torque,49.4808,49.4808,6439.09
0,84,8,6439.09,vibration,0.134,0.134,6439.09
0,84,8,6439.09,temperature,69.3396,69.3396,6439.09
0,84,8,6439.09,pressure,31.9314,31.9314,6439.09
0,84,8,6439.09,humidity,45.8756,45.8756,6439.09
0,85,7,6446.3,torque,49.9789,49.9789,6446.3
0,85,7,6446.3,vibration,0.2106,0.2106,6446.3
0,85,7,6446.3,temperature,70.8348,70.8348,6446.3
0,85,7,6446.3,pressure,33.4616,33.4616,6446.3
0,85,7,6446.3,humidity,47.7526,47.7526,6446.3
0,86,6,6446.3,torque,50.9068,50.9068,6446.3
0,86,6,6446.3,vibration,0.1534,0.1534,6446.3
0,86,6,6446.3,temperature,68.264,68.264,6446.3
0,86,6,6446.3,pressure,26.81,26.81,6446.3
0,86,6,6446.3,humidity,40.9192,40.9192,6446.3
0,91,5,6447.67,torque,49.2288,49.2288,6447.67
0,91,5,6447.67,vibration,0.2456,0.2456,6447.67
0,91,5,6447.67,temperature,69.6012,69.6012,6447.67
0,91,5,6447.67,pressure,30.894,30.894,6447.67
0,91,5,6447.67,humidity,45.0501,45.0501,6447.67
0,96,4,6447.67,torque,50.134,,6447.67
0,96,4,6447.67,vibration,0.2079,,6447.67
0,96,4,6447.67,temperature,74.5949,,6447.67
0,96,4,6447.67,pressure,30.1237,,6447.67
0,96,4,6447.67,humidity,44.9252,,6447.67
0,101,3,6447.67,torque,49.1469,49.1469,6447.67
0,101,3,6447.67,vibration,0.1869,0.1869,6447.67
0,101,3,6447.67,temperature,71.2309,71.2309,6447.67
0,101,3,6447.67,pressure,32.173,32.173,6447.67
0,101,3,6447.67,humidity,45.0698,45.0698,6447.67
0,106,2,6447.67,torque,49.573,49.573,6447.67
0,106,2,6447.67,vibration,0.2261,0.2261,6447.67
0,106,2,6447.67,temperature,67.4841,67.4841,6447.67
0,106,2,6447.67,pressure,30.5577,30.5577,6447.67
0,106,2,6447.67,humidity,42.4485,42.4485,6447.67
0,111,1,6447.67,torque,50.2248,50.2248,6447.67
0,111,1,6447.67,vibration,0.2475,0.2475,6447.67
0,111,1,6447.67,temperature,66.9903,66.9903,6447.67
0,111,1,6447.67,pressure,30.8258,30.8258,6447.67
0,111,1,6447.67,humidity,46.9882,46.9882,6447.67
0,116,0,6447.67,torque,49.2777,49.2777,6447.67
0,116,0,6447.67,vibration,0.2057,0.2057,6447.67
0,116,0,6447.67,temperature,71.4087,71.4087,6447.67
0,116,0,6447.67,pressure,28.6655,28.6655,6447.67
0,116,0,6447.67,humidity,45.6289,45.6289,6447.67
0,82,11,6451.06,torque,49.9853,49.9853,6451.06
0,82,11,6451.06,vibration,0.2336,0.2336,6451.06
0,82,11,6451.06,temperature,68.4519,68.4519,6451.06
0,82,11,6451.06,pressure,28.4624,28.4624,6451.06
0,82,11,6451.06,humidity,42.6753,42.6753,6451.06
0,83,10,6485.47,torque,51.1743,51.1743,6485.47
0,83,10,6485.47,vibration,0.1631,0.1631,6485.47
0,83,10,6485.47,temperature,68.284,68.284,6485.47
0,83,10,6485.47,pressure,31.5102,31.5102,6485.47
0,83,10,6485.47,humidity,45.0581,45.0581,6485.47
0,84,9,6485.47,torque,49.9054,,6485.47
0,84,9,6485.47,vibration,0.2137,,6485.47
0,84,9,6485.47,temperature,73.0609,,6485.47
0,84,9,6485.47,pressure,33.0439,,6485.47
0,84,9,6485.47,humidity,43.4594,,6485.47
0,85,8,6494.28,torque,50.5705,50.5705,6494.28
0,85,8,6494.28,vibration,0.2092,0.2092,6494.28
0,85,8,6494.28,temperature,73.1675,73.1675,6494.28
0,85,8,6494.28,pressure,29.0413,29.0413,6494.28
0,85,8,6494.28,humidity,45.4804,45.4804,6494.28
0,86,7,6507.71,torque,51.073,51.073,6507.71
0,86,7,6507.71,vibration,0.1819,0.1819,6507.71
0,86,7,6507.71,temperature,76.343,76.343,6507.71
0,86,7,6507.71,pressure,28.345,28.345,6507.71
0,86,7,6507.71,humidity,47.7062,47.7062,6507.71
0,87,6,6507.71,torque,50.6683,50.6683,6507.71
0,87,6,6507.71,vibration,0.2002,0.2002,6507.71
0,87,6,6507.71,temperature,68.8878,68.8878,6507.71
0,87,6,6507.71,pressure,31.8096,31.8096,6507.71
0,87,6,6507.71,humidity,41.5829,41.5829,6507.71
0,92,5,6507.71,torque,50.0455,50.0455,6507.71
0,92,5,6507.71,vibration,0.1638,0.1638,6507.71
0,92,5,6507.71,temperature,74.6421,74.6421,6507.71
0,92,5,6507.71,pressure,28.5957,28.5957,6507.71
0,92,5,6507.71,humidity,45.6447,45.6447,6507.71
0,97,4,6507.71,torque,50.0953,,6507.71
0,97,4,6507.71,vibration,0.1864,,6507.71
0,97,4,6507.71,temperature,69.7137,,6507.71
0,97,4,6507.71,pressure,29.4195,,6507.71
0,97,4,6507.71,humidity,46.4865,,6507.71
0,102,3,6507.71,torque,52.093,52.093,6507.71
0,102,3,6507.71,vibration,0.1906,0.1906,6507.71
0,102,3,6507.71,temperature,67.2877,67.2877,6507.71
0,102,3,6507.71,pressure,30.1824,30.1824,6507.71
0,102,3,6507.71,humidity,45.1595,45.1595,6507.71
0,107,2,6507.71,torque,50.1405,50.1405,6507.71
0,107,2,6507.71,vibration,0.2238,0.2238,6507.71
0,107,2,6507.71,temperature,65.365,65.365,6507.71
0,107,2,6507.71,pressure,29.521,29.521,6507.71
0,107,2,6507.71,humidity,44.8784,44.8784,6507.71
0,112,1,6507.71,torque,53.6797,53.6797,6507.71
0,112,1,6507.71,vibration,0.1969,0.1969,6507.71
0,112,1,6507.71,temperature,73.5745,73.5745,6507.71
0,112,1,6507.71,pressure,32.4844,32.4844,6507.71
0,112,1,6507.71,humidity,48.2369,48.2369,6507.71
0,117,0,6507.71,torque,48.7721,48.7721,6507.71
0,117,0,6507.71,vibration,0.1712,0.1712,6507.71
0,117,0,6507.71,temperature,69.8377,69.8377,6507.71
0,117,0,6507.71,pressure,27.8299,27.8299,6507.71
0,117,0,6507.71,humidity,46.7424,46.7424,6507.71
0,85,9,6535.6,torque,50.7469,,6535.6
0,85,9,6535.6,vibration,0.1366,,6535.6
0,85,9,6535.6,temperature,68.077,,6535.6
0,85,9,6535.6,pressure,34.2231,,6535.6
0,85,9,6535.6,humidity,42.2516,,6535.6
0,83,11,6545.97,torque,49.7777,49.7777,6545.97
0,83,11,6545.97,vibration,0.1908,0.1908,6545.97
0,83,11,6545.97,temperature,69.4764,69.4764,6545.97
0,83,11,6545.97,pressure,33.1941,33.1941,6545.97
0,83,11,6545.97,humidity,41.9399,41.9399,6545.97
0,84,10,6545.97,torque,49.3399,49.3399,6545.97
0,84,10,6545.97,vibration,0.2298,0.2298,6545.97
0,84,10,6545.97,temperature,71.6146,71.6146,6545.97
0,84,10,6545.97,pressure,30.0424,30.0424,6545.97
0,84,10,6545.97,humidity,44.9795,44.9795,6545.97
0,86,8,6558.32,torque,50.0871,50.0871,6558.32
0,86,8,6558.32,vibration,0.1845,0.1845,6558.32
0,86,8,6558.32,temperature,67.3533,67.3533,6558.32
0,86,8,6558.32,pressure,26.8901,26.8901,6558.32
0,86,8,6558.32,humidity,45.6596,45.6596,6558.32
0,87,7,6566.45,torque,49.0847,49.0847,6566.45
0,87,7,6566.45,vibration,0.1656,0.1656,6566.45
0,87,7,6566.45,temperature,71.1489,71.1489,6566.45
0,87,7,6566.45,pressure,28.5776,28.5776,6566.45
0,87,7,6566.45,humidity,46.886,46.886,6566.45
0,88,6,6566.45,torque,50.3118,50.3118,6566.45
0,88,6,6566.45,vibration,0.2056,0.2056,6566.45
0,88,6,6566.45,temperature,69.8746,69.8746,6566.45
0,88,6,6566.45,pressure,29.4677,29.4677,6566.45
0,88,6,6566.45,humidity,41.9932,41.9932,6566.45
0,93,5,6566.45,torque,49.2845,49.2845,6566.45
0,93,5,6566.45,vibration,0.2038,0.2038,6566.45
0,93,5,6566.45,temperature,70.1374,70.1374,6566.45
0,93,5,6566.45,pressure,30.1376,30.1376,6566.45
0,93,5,6566.45,humidity,45.1311,45.1311,6566.45
0,98,4,6566.45,torque,49.9852,,6566.45
0,98,4,6566.45,vibration,0.1747,,6566.45
0,98,4,6566.45,temperature,71.3593,,6566.45
0,98,4,6566.45,pressure,33.7976,,6566.45
0,98,4,6566.45,humidity,47.1357,,6566.45
0,103,3,6566.45,torque,47.0711,47.0711,6566.45
0,103,3,6566.45,vibration,0.2311,0.2311,6566.45
0,103,3,6566.45,temperature,68.3978,68.3978,6566.45
0,103,3,6566.45,pressure,29.0586,29.0586,6566.45
0,103,3,6566.45,humidity,45.9348,45.9348,6566.45
0,108,2,6566.45,torque,51.4923,51.4923,6566.45
0,108,2,6566.45,vibration,0.2174,0.2174,6566.45
0,108,2,6566.45,temperature,71.1522,71.1522,6566.45
0,108,2,6566.45,pressure,28.8965,28.8965,6566.45
0,108,2,6566.45,humidity,46.332,46.332,6566.45
0,113,1,6566.45,torque,48.8204,48.8204,6566.45
0,113,1,6566.45,vibration,0.2092,0.2092,6566.45
0,113,1,6566.45,temperature,69.267,69.267,6566.45
0,113,1,6566.45,pressure,29.3147,29.3147,6566.45
0,113,1,6566.45,humidity,46.7043,46.7043,6566.45
0,118,0,6569.71,torque,48.5754,48.5754,6569.71
0,118,0,6569.71,vibration,0.1721,0.1721,6569.71
0,118,0,6569.71,temperature,69.0609,69.0609,6569.71
0,118,0,6569.71,pressure,26.9196,26.9196,6569.71
0,118,0,6569.71,humidity,45.1502,45.1502,6569.71
0,84,11,6607.17,torque,49.2855,49.2855,6607.17
0,84,11,6607.17,vibration,0.1437,0.1437,6607.17
0,84,11,6607.17,temperature,70.1994,70.1994,6607.17
0,84,11,6607.17,pressure,28.3006,28.3006,6607.17
0,84,11,6607.17,humidity,42.2173,42.2173,6607.17
0,85,10,6607.17,torque,49.5573,49.5573,6607.17
0,85,10,6607.17,vibration,0.1991,0.1991,6607.17
0,85,10,6607.17,temperature,69.6123,69.6123,6607.17
0,85,10,6607.17,pressure,24.4947,24.4947,6607.17
0,85,10,6607.17,humidity,44.6488,44.6488,6607.17
0,86,9,6610.42,torque,51.4022,,6610.42
0,86,9,6610.42,vibration,0.2533,,6610.42
0,86,9,6610.42,temperature,67.3886,,6610.42
0,86,9,6610.42,pressure,29.4957,,6610.42
0,86,9,6610.42,humidity,43.4562,,6610.42
0,87,8,6613.66,torque,51.3853,51.3853,6613.66
0,87,8,6613.66,vibration,0.1981,0.1981,6613.66
0,87,8,6613.66,temperature,67.1819,67.1819,6613.66
0,87,8,6613.66,pressure,26.1488,26.1488,6613.66
0,87,8,6613.66,humidity,45.5429,45.5429,6613.66
0,88,7,6636.69,torque,48.1501,48.1501,6636.69
0,88,7,6636.69,vibration,0.1791,0.1791,6636.69
0,88,7,6636.69,temperature,68.9852,68.9852,6636.69
0,88,7,6636.69,pressure,31.1945,31.1945,6636.69
0,88,7,6636.69,humidity,48.7904,48.7904,6636.69
0,89,6,6636.69,torque,49.6564,49.6564,6636.69
0,89,6,6636.69,vibration,0.1165,0.1165,6636.69
0,89,6,6636.69,temperature,70.4442,70.4442,6636.69
0,89,6,6636.69,pressure,28.2304,28.2304,6636.69
0,89,6,6636.69,humidity,41.7337,41.7337,6636.69
0,94,5,6636.69,torque,48.0145,48.0145,6636.69
0,94,5,6636.69,vibration,0.2132,0.2132,6636.69
0,94,5,6636.69,temperature,72.2245,72.2245,6636.69
0,94,5,6636.69,pressure,29.0504,29.0504,6636.69
0,94,5,6636.69,humidity,45.493,45.493,6636.69
0,99,4,6636.69,torque,50.3996,,6636.69
0,99,4,6636.69,vibration,0.2379,,6636.69
0,99,4,6636.69,temperature,70.9649,,6636.69
0,99,4,6636.69,pressure,29.8329,,6636.69
0,99,4,6636.69,humidity,46.8351,,6636.69
0,104,3,6636.69,torque,52.2029,52.2029,6636.69
0,104,3,6636.69,vibration,0.1467,0.1467,6636.69
0,104,3,6636.69,temperature,75.1288,75.1288,6636.69
0,104,3,6636.69,pressure,29.5742,29.5742,6636.69
0,104,3,6636.69,humidity,46.5375,46.5375,6636.69
0,109,2,6636.69,torque,48.6673,48.6673,6636.69
0,109,2,6636.69,vibration,0.1679,0.1679,6636.69
0,109,2,6636.69,temperature,71.2082,71.2082,6636.69
0,109,2,6636.69,pressure,33.8406,33.8406,6636.69
0,109,2,6636.69,humidity,47.8558,47.8558,6636.69
0,114,1,6636.69,torque,49.9701,49.9701,6636.69
0,114,1,6636.69,vibration,0.1585,0.1585,6636.69
0,114,1,6636.69,temperature,71.0472,71.0472,6636.69
0,114,1,6636.69,pressure,33.1294,33.1294,6636.69
0,114,1,6636.69,humidity,46.3303,46.3303,6636.69
0,119,0,6636.69,torque,50.2887,50.2887,6636.69
0,119,0,6636.69,vibration,0.2136,0.2136,6636.69
0,119,0,6636.69,temperature,69.1504,69.1504,6636.69
0,119,0,6636.69,pressure,27.7581,27.7581,6636.69
0,119,0,6636.69,humidity,44.3305,44.3305,6636.69
0,87,9,6667.1,torque,47.7146,,6667.1
0,87,9,6667.1,vibration,0.2113,,6667.1
0,87,9,6667.1,temperature,68.0863,,6667.1
0,87,9,6667.1,pressure,31.1053,,6667.1
0,87,9,6667.1,humidity,42.536,,6667.1
0,85,11,6669.73,torque,47.1137,47.1137,6669.73
0,85,11,6669.73,vibration,0.1758,0.1758,6669.73
0,85,11,6669.73,temperature,68.0954,68.0954,6669.73
0,85,11,6669.73,pressure,30.9375,30.9375,6669.73
0,85,11,6669.73,humidity,41.6741,41.6741,6669.73
0,86,10,6669.73,torque,49.4169,49.4169,6669.73
0,86,10,6669.73,vibration,0.2226,0.2226,6669.73
0,86,10,6669.73,temperature,71.8044,71.8044,6669.73
0,86,10,6669.73,pressure,31.607,31.607,6669.73
0,86,10,6669.73,humidity,45.8714,45.8714,6669.73
0,90,6,6687.04,torque,49.337,49.337,6687.04
0,90,6,6687.04,vibration,0.2016,0.2016,6687.04
0,90,6,6687.04,temperature,68.6316,68.6316,6687.04
0,90,6,6687.04,pressure,29.1704,29.1704,6687.04
0,90,6,6687.04,humidity,41.6221,41.6221,6687.04
0,95,5,6688.28,torque,49.0731,49.0731,6688.28
0,95,5,6688.28,vibration,0.1967,0.1967,6688.28
0,95,5,6688.28,temperature,66.758,66.758,6688.28
0,95,5,6688.28,pressure,26.0411,26.0411,6688.28
0,95,5,6688.28,humidity,45.5444,45.5444,6688.28
0,88,8,6689.75,torque,48.9381,48.9381,6689.75
0,88,8,6689.75,vibration,0.1455,0.1455,6689.75
0,88,8,6689.75,temperature,69.7823,69.7823,6689.75
0,88,8,6689.75,pressure,28.6003,28.6003,6689.75
0,88,8,6689.75,humidity,44.9827,44.9827,6689.75
0,89,7,6689.75,torque,51.4425,51.4425,6689.75
0,89,7,6689.75,vibration,0.2267,0.2267,6689.75
0,89,7,6689.75,temperature,72.2177,72.2177,6689.75
0,89,7,6689.75,pressure,28.5808,28.5808,6689.75
0,89,7,6689.75,humidity,50.0401,50.0401,6689.75
0,100,4,6693.27,torque,50.4329,,6693.27
0,100,4,6693.27,vibration,0.1942,,6693.27
0,100,4,6693.27,temperature,70.8733,,6693.27
0,100,4,6693.27,pressure,31.2712,,6693.27
0,100,4,6693.27,humidity,46.6275,,6693.27
0,105,3,6693.27,torque,48.9982,48.9982,6693.27
0,105,3,6693.27,vibration,0.1832,0.1832,6693.27
0,105,3,6693.27,temperature,70.625,70.625,6693.27
0,105,3,6693.27,pressure,29.2854,29.2854,6693.27
0,105,3,6693.27,humidity,46.911,46.911,6693.27
0,110,2,6693.27,torque,50.0207,50.0207,6693.27
0,110,2,6693.27,vibration,0.2277,0.2277,6693.27
0,110,2,6693.27,temperature,70.682,70.682,6693.27
0,110,2,6693.27,pressure,30.0745,30.0745,6693.27
0,110,2,6693.27,humidity,47.2223,47.2223,6693.27
0,115,1,6700.68,torque,50.1325,50.1325,6700.68
0,115,1,6700.68,vibration,0.159,0.159,6700.68
0,115,1,6700.68,temperature,69.1967,69.1967,6700.68
0,115,1,6700.68,pressure,29.6412,29.6412,6700.68
0,115,1,6700.68,humidity,46.0491,46.0491,6700.68
0,120,0,6700.68,torque,53.6679,53.6679,6700.68
0,120,0,6700.68,vibration,0.1692,0.1692,6700.68
0,120,0,6700.68,temperature,70.3258,70.3258,6700.68
0,120,0,6700.68,pressure,28.8798,28.8798,6700.68
0,120,0,6700.68,humidity,45.548,45.548,6700.68
0,86,11,6721.51,torque,48.8829,48.8829,6721.51
0,86,11,6721.51,vibration,0.1958,0.1958,6721.51
0,86,11,6721.51,temperature,68.8573,68.8573,6721.51
0,86,11,6721.51,pressure,29.3234,29.3234,6721.51
0,86,11,6721.51,humidity,42.7106,42.7106,6721.51
0,87,10,6721.51,torque,50.8811,50.8811,6721.51
0,87,10,6721.51,vibration,0.2563,0.2563,6721.51
0,87,10,6721.51,temperature,68.5428,68.5428,6721.51
0,87,10,6721.51,pressure,30.7362,30.7362,6721.51
0,87,10,6721.51,humidity,44.509,44.509,6721.51
0,88,9,6735.66,torque,52.8107,,6735.66
0,88,9,6735.66,vibration,0.1792,,6735.66
0,88,9,6735.66,temperature,72.3337,,6735.66
0,88,9,6735.66,pressure,29.9192,,6735.66
0,88,9,6735.66,humidity,42.9948,,6735.66
0,89,8,6744.54,torque,48.8555,48.8555,6744.54
0,89,8,6744.54,vibration,0.1432,0.1432,6744.54
0,89,8,6744.54,temperature,69.3204,69.3204,6744.54
0,89,8,6744.54,pressure,32.7577,32.7577,6744.54
0,89,8,6744.54,humidity,45.2116,45.2116,6744.54
0,87,11,6758.92,torque,49.6573,49.6573,6758.92
0,87,11,6758.92,vibration,0.1897,0.1897,6758.92
0,87,11,6758.92,temperature,71.9201,71.9201,6758.92
0,87,11,6758.92,pressure,24.5786,24.5786,6758.92
0,87,11,6758.92,humidity,42.2572,42.2572,6758.92
0,90,7,6760.67,torque,50.3369,50.3369,6760.67
0,90,7,6760.67,vibration,0.1719,0.1719,6760.67
0,90,7,6760.67,temperature,70.5436,70.5436,6760.67
0,90,7,6760.67,pressure,28.3089,28.3089,6760.67
0,90,7,6760.67,humidity,48.3186,48.3186,6760.67
0,91,6,6760.67,torque,52.6343,52.6343,6760.67
0,91,6,6760.67,vibration,0.21,0.21,6760.67
0,91,6,6760.67,temperature,69.4188,69.4188,6760.67
0,91,6,6760.67,pressure,32.0259,32.0259,6760.67
0,91,6,6760.67,humidity,41.8891,41.8891,6760.67
0,96,5,6760.67,torque,49.1136,49.1136,6760.67
0,96,5,6760.67,vibration,0.1738,0.1738,6760.67
0,96,5,6760.67,temperature,69.9394,69.9394,6760.67
0,96,5,6760.67,pressure,31.052,31.052,6760.67
0,96,5,6760.67,humidity,44.5811,44.5811,6760.67
0,101,4,6760.67,torque,50.1147,,6760.67
0,101,4,6760.67,vibration,0.224,,6760.67
0,101,4,6760.67,temperature,72.4482,,6760.67
0,101,4,6760.67,pressure,29.363,,6760.67
0,101,4,6760.67,humidity,46.1131,,6760.67
0,106,3,6760.67,torque,49.6541,49.6541,6760.67
0,106,3,6760.67,vibration,0.1996,0.1996,6760.67
0,106,3,6760.67,temperature,70.0497,70.0497,6760.67
0,106,3,6760.67,pressure,29.6527,29.6527,6760.67
0,106,3,6760.67,humidity,47.648,47.648,6760.67
0,111,2,6760.67,torque,51.5063,51.5063,6760.67
0,111,2,6760.67,vibration,0.2292,0.2292,6760.67
0,111,2,6760.67,temperature,69.1105,69.1105,6760.67
0,111,2,6760.67,pressure,30.5266,30.5266,6760.67
0,111,2,6760.67,humidity,44.8156,44.8156,6760.67
0,116,1,6760.67,torque,46.0415,46.0415,6760.67
0,116,1,6760.67,vibration,0.1995,0.1995,6760.67
0,116,1,6760.67,temperature,71.1454,71.1454,6760.67
0,116,1,6760.67,pressure,29.9114,29.9114,6760.67
0,116,1,6760.67,humidity,46.0147,46.0147,6760.67
0,121,0,6760.67,torque,50.7568,50.7568,6760.67
0,121,0,6760.67,vibration,0.2194,0.2194,6760.67
0,121,0,6760.67,temperature,70.7,70.7,6760.67
0,121,0,6760.67,pressure,31.0342,31.0342,6760.67
0,121,0,6760.67,humidity,44.4915,44.4915,6760.67
0,88,10,6788.57,torque,50.0114,50.0114,6788.57
0,88,10,6788.57,vibration,0.2621,0.2621,6788.57
0,88,10,6788.57,temperature,68.5897,68.5897,6788.57
0,88,10,6788.57,pressure,28.4747,28.4747,6788.57
0,88,10,6788.57,humidity,44.5024,44.5024,6788.57
0,89,9,6789.55,torque,50.0766,,6789.55
0,89,9,6789.55,vibration,0.2044,,6789.55
0,89,9,6789.55,temperature,65.7897,,6789.55
0,89,9,6789.55,pressure,32.7058,,6789.55
0,89,9,6789.55,humidity,42.9845,,6789.55
0,90,8,6815.2,torque,48.9274,48.9274,6815.2
0,90,8,6815.2,vibration,0.213,0.213,6815.2
0,90,8,6815.2,temperature,71.6202,71.6202,6815.2
0,90,8,6815.2,pressure,29.6952,29.6952,6815.2
0,90,8,6815.2,humidity,45.2912,45.2912,6815.2
0,91,7,6819.65,torque,50.9912,50.9912,6819.65
0,91,7,6819.65,vibration,0.1941,0.1941,6819.65
0,91,7,6819.65,temperature,67.175,67.175,6819.65
0,91,7,6819.65,pressure,31.2511,31.2511,6819.65
0,91,7,6819.65,humidity,48.0778,48.0778,6819.65
0,92,6,6819.65,torque,49.1848,49.1848,6819.65
0,92,6,6819.65,vibration,0.2279,0.2279,6819.65
0,92,6,6819.65,temperature,69.3703,69.3703,6819.65
0,92,6,6819.65,pressure,26.1216,26.1216,6819.65
0,92,6,6819.65,humidity,41.7344,41.7344,6819.65
0,97,5,6819.65,torque,50.7274,50.7274,6819.65
0,97,5,6819.65,vibration,0.1886,0.1886,6819.65
0,97,5,6819.65,temperature,70.0121,70.0121,6819.65
0,97,5,6819.65,pressure,33.2607,33.2607,6819.65
0,97,5,6819.65,humidity,45.2553,45.2553,6819.65
0,102,4,6819.65,torque,48.8001,,6819.65
0,102,4,6819.65,vibration,0.1929,,6819.65
0,102,4,6819.65,temperature,68.8801,,6819.65
0,102,4,6819.65,pressure,31.7378,,6819.65
0,102,4,6819.65,humidity,44.6632,,6819.65
0,107,3,6819.65,torque,51.5488,51.5488,6819.65
0,107,3,6819.65,vibration,0.2448,0.2448,6819.65
0,107,3,6819.65,temperature,73.4616,73.4616,6819.65
0,107,3,6819.65,pressure,30.057,30.057,6819.65
0,107,3,6819.65,humidity,46.8386,46.8386,6819.65
0,112,2,6819.65,torque,48.773,48.773,6819.65
0,112,2,6819.65,vibration,0.1896,0.1896,6819.65
0,112,2,6819.65,temperature,68.2039,68.2039,6819.65
0,112,2,6819.65,pressure,26.3885,26.3885,6819.65
0,112,2,6819.65,humidity,46.0249,46.0249,6819.65
0,117,1,6819.65,torque,50.3486,50.3486,6819.65
0,117,1,6819.65,vibration,0.1762,0.1762,6819.65
0,117,1,6819.65,temperature,71.9284,71.9284,6819.65
0,117,1,6819.65,pressure,30.4026,30.4026,6819.65
0,117,1,6819.65,humidity,45.6139,45.6139,6819.65
0,122,0,6819.65,torque,50.2135,50.2135,6819.65
0,122,0,6819.65,vibration,0.1636,0.1636,6819.65
0,122,0,6819.65,temperature,73.7667,73.7667,6819.65
0,122,0,6819.65,pressure,31.7751,31.7751,6819.65
0,122,0,6819.65,humidity,45.2464,45.2464,6819.65
0,88,11,6838.03,torque,54.5031,54.5031,6838.03
0,88,11,6838.03,vibration,0.2167,0.2167,6838.03
0,88,11,6838.03,temperature,71.1198,71.1198,6838.03
0,88,11,6838.03,pressure,27.8869,27.8869,6838.03
0,88,11,6838.03,humidity,43.0394,43.0394,6838.03
0,89,10,6843.11,torque,49.1065,49.1065,6843.11
0,89,10,6843.11,vibration,0.1973,0.1973,6843.11
0,89,10,6843.11,temperature,67.6757,67.6757,6843.11
0,89,10,6843.11,pressure,29.1735,29.1735,6843.11
0,89,10,6843.11,humidity,43.6809,43.6809,6843.11
0,90,9,6868.16,torque,50.2072,,6868.16
0,90,9,6868.16,vibration,0.223,,6868.16
0,90,9,6868.16,temperature,71.5973,,6868.16
0,90,9,6868.16,pressure,30.6745,,6868.16
0,90,9,6868.16,humidity,45.4002,,6868.16
0,91,8,6871.46,torque,50.03,50.03,6871.46
0,91,8,6871.46,vibration,0.2118,0.2118,6871.46
0,91,8,6871.46,temperature,69.0451,69.0451,6871.46
0,91,8,6871.46,pressure,29.9971,29.9971,6871.46
0,91,8,6871.46,humidity,45.8554,45.8554,6871.46
0,92,7,6887.86,torque,51.4871,51.4871,6887.86
0,92,7,6887.86,vibration,0.2026,0.2026,6887.86
0,92,7,6887.86,temperature,66.011,66.011,6887.86
0,92,7,6887.86,pressure,27.2459,27.2459,6887.86
0,92,7,6887.86,humidity,48.4193,48.4193,6887.86
0,93,6,6887.86,torque,52.8597,52.8597,6887.86
0,93,6,6887.86,vibration,0.1843,0.1843,6887.86
0,93,6,6887.86,temperature,71.2697,71.2697,6887.86
0,93,6,6887.86,pressure,28.4513,28.4513,6887.86
0,93,6,6887.86,humidity,42.122,42.122,6887.86
0,98,5,6887.86,torque,50.205,50.205,6887.86
0,98,5,6887.86,vibration,0.1541,0.1541,6887.86
0,98,5,6887.86,temperature,68.6909,68.6909,6887.86
0,98,5,6887.86,pressure,28.279,28.279,6887.86
0,98,5,6887.86,humidity,45.3713,45.3713,6887.86
0,103,4,6887.86,torque,52.0414,,6887.86
0,103,4,6887.86,vibration,0.2033,,6887.86
0,103,4,6887.86,temperature,72.8688,,6887.86
0,103,4,6887.86,pressure,31.5335,,6887.86
0,103,4,6887.86,humidity,45.3799,,6887.86
0,108,3,6887.86,torque,50.5348,50.5348,6887.86
0,108,3,6887.86,vibration,0.2104,0.2104,6887.86
0,108,3,6887.86,temperature,69.7724,69.7724,6887.86
0,108,3,6887.86,pressure,29.6112,29.6112,6887.86
0,108,3,6887.86,humidity,46.5862,46.5862,6887.86
0,113,2,6887.86,torque,51.2292,51.2292,6887.86
0,113,2,6887.86,vibration,0.2397,0.2397,6887.86
0,113,2,6887.86,temperature,69.8665,69.8665,6887.86
0,113,2,6887.86,pressure,27.5158,27.5158,6887.86
0,113,2,6887.86,humidity,44.7914,44.7914,6887.86
0,118,1,6887.86,torque,48.542,48.542,6887.86
0,118,1,6887.86,vibration,0.2119,0.2119,6887.86
0,118,1,6887.86,temperature,68.613,68.613,6887.86
0,118,1,6887.86,pressure,31.4494,31.4494,6887.86
0,118,1,6887.86,humidity,44.4577,44.4577,6887.86
0,123,0,6887.86,torque,50.2101,50.2101,6887.86
0,123,0,6887.86,vibration,0.1976,0.1976,6887.86
0,123,0,6887.86,temperature,66.808,66.808,6887.86
0,123,0,6887.86,pressure,32.846,32.846,6887.86
0,123,0,6887.86,humidity,44.554,44.554,6887.86
0,89,11,6898.61,torque,49.6017,49.6017,6898.61
0,89,11,6898.61,vibration,0.2171,0.2171,6898.61
0,89,11,6898.61,temperature,69.242,69.242,6898.61
0,89,11,6898.61,pressure,27.7567,27.7567,6898.61
0,89,11,6898.61,humidity,45.0741,45.0741,6898.61
0,90,10,6918.16,torque,48.3324,48.3324,6918.16
0,90,10,6918.16,vibration,0.1525,0.1525,6918.16
0,90,10,6918.16,temperature,65.6679,65.6679,6918.16
0,90,10,6918.16,pressure,30.776,30.776,6918.16
0,90,10,6918.16,humidity,43.3749,43.3749,6918.16
0,91,9,6926.25,torque,49.3549,,6926.25
0,91,9,6926.25,vibration,0.2319,,6926.25
0,91,9,6926.25,temperature,70.067,,6926.25
0,91,9,6926.25,pressure,34.1898,,6926.25
0,91,9,6926.25,humidity,44.4108,,6926.25
0,92,8,6938.0,torque,50.6319,50.6319,6938.0
0,92,8,6938.0,vibration,0.1686,0.1686,6938.0
0,92,8,6938.0,temperature,69.61,69.61,6938.0
0,92,8,6938.0,pressure,30.4147,30.4147,6938.0
0,92,8,6938.0,humidity,46.7706,46.7706,6938.0
0,93,7,6946.82,torque,45.805,45.805,6946.82
0,93,7,6946.82,vibration,0.254,0.254,6946.82
0,93,7,6946.82,temperature,70.4983,70.4983,6946.82
0,93,7,6946.82,pressure,30.4694,30.4694,6946.82
0,93,7,6946.82,humidity,46.3122,46.3122,6946.82
0,94,6,6946.82,torque,47.5234,47.5234,6946.82
0,94,6,6946.82,vibration,0.1701,0.1701,6946.82
0,94,6,6946.82,temperature,67.5237,67.5237,6946.82
0,94,6,6946.82,pressure,31.7844,31.7844,6946.82
0,94,6,6946.82,humidity,42.1587,42.1587,6946.82
0,99,5,6946.82,torque,49.0668,49.0668,6946.82
0,99,5,6946.82,vibration,0.1906,0.1906,6946.82
0,99,5,6946.82,temperature,67.3607,67.3607,6946.82
0,99,5,6946.82,pressure,27.5403,27.5403,6946.82
0,99,5,6946.82,humidity,45.2594,45.2594,6946.82
0,104,4,6948.98,torque,47.8284,,6948.98
0,104,4,6948.98,vibration,0.2058,,6948.98
0,104,4,6948.98,temperature,71.0835,,6948.98
0,104,4,6948.98,pressure,31.4164,,6948.98
0,104,4,6948.98,humidity,44.0364,,6948.98
0,109,3,6948.98,torque,53.326,53.326,6948.98
0,109,3,6948.98,vibration,0.1919,0.1919,6948.98
0,109,3,6948.98,temperature,70.4867,70.4867,6948.98
0,109,3,6948.98,pressure,30.4976,30.4976,6948.98
0,109,3,6948.98,humidity,47.319,47.319,6948.98
0,114,2,6948.98,torque,53.8018,53.8018,6948.98
0,114,2,6948.98,vibration,0.1909,0.1909,6948.98
0,114,2,6948.98,temperature,69.6769,69.6769,6948.98
0,114,2,6948.98,pressure,28.0419,28.0419,6948.98
0,114,2,6948.98,humidity,46.3215,46.3215,6948.98
0,119,1,6948.98,torque,52.7157,52.7157,6948.98
0,119,1,6948.98,vibration,0.215,0.215,6948.98
0,119,1,6948.98,temperature,72.525,72.525,6948.98
0,119,1,6948.98,pressure,32.2465,32.2465,6948.98
0,119,1,6948.98,humidity,44.0375,44.0375,6948.98
0,124,0,6948.98,torque,51.6424,51.6424,6948.98
0,124,0,6948.98,vibration,0.2027,0.2027,6948.98
0,124,0,6948.98,temperature,68.5044,68.5044,6948.98
0,124,0,6948.98,pressure,29.881,29.881,6948.98
0,124,0,6948.98,humidity,45.3735,45.3735,6948.98
0,90,11,6968.47,torque,49.034,49.034,6968.47
0,90,11,6968.47,vibration,0.1882,0.1882,6968.47
0,90,11,6968.47,temperature,67.676,67.676,6968.47
0,90,11,6968.47,pressure,31.3196,31.3196,6968.47
0,90,11,6968.47,humidity,44.6607,44.6607,6968.47
0,91,10,6980.38,torque,50.7224,50.7224,6980.38
0,91,10,6980.38,vibration,0.196,0.196,6980.38
0,91,10,6980.38,temperature,67.9995,67.9995,6980.38
0,91,10,6980.38,pressure,32.9385,32.9385,6980.38
0,91,10,6980.38,humidity,42.5351,42.5351,6980.38
0,92,9,6986.18,torque,49.1619,,6986.18
0,92,9,6986.18,vibration,0.1873,,6986.18
0,92,9,6986.18,temperature,68.4737,,6986.18
0,92,9,6986.18,pressure,31.4988,,6986.18
0,92,9,6986.18,humidity,44.4563,,6986.18
0,93,8,6993.5,torque,50.573,50.573,6993.5
0,93,8,6993.5,vibration,0.2049,0.2049,6993.5
0,93,8,6993.5,temperature,73.1627,73.1627,6993.5
0,93,8,6993.5,pressure,31.4508,31.4508,6993.5
0,93,8,6993.5,humidity,47.8059,47.8059,6993.5
0,94,7,7033.78,torque,49.2494,49.2494,7033.78
0,94,7,7033.78,vibration,0.1458,0.1458,7033.78
0,94,7,7033.78,temperature,68.795,68.795,7033.78
0,94,7,7033.78,pressure,29.0484,29.0484,7033.78
0,94,7,7033.78,humidity,48.3506,48.3506,7033.78
0,95,6,7033.78,torque,52.4129,52.4129,7033.78
0,95,6,7033.78,vibration,0.2119,0.2119,7033.78
0,95,6,7033.78,temperature,74.7873,74.7873,7033.78
0,95,6,7033.78,pressure,29.1796,29.1796,7033.78
0,95,6,7033.78,humidity,45.2296,45.2296,7033.78
0,100,5,7033.78,torque,49.4377,49.4377,7033.78
0,100,5,7033.78,vibration,0.234,0.234,7033.78
0,100,5,7033.78,temperature,68.2952,68.2952,7033.78
0,100,5,7033.78,pressure,27.1158,27.1158,7033.78
0,100,5,7033.78,humidity,44.5032,44.5032,7033.78
0,105,4,7033.78,torque,47.8973,,7033.78
0,105,4,7033.78,vibration,0.1705,,7033.78
0,105,4,7033.78,temperature,68.2148,,7033.78
0,105,4,7033.78,pressure,28.6885,,7033.78
0,105,4,7033.78,humidity,45.6862,,7033.78
0,110,3,7033.78,torque,51.1404,51.1404,7033.78
0,110,3,7033.78,vibration,0.2006,0.2006,7033.78
0,110,3,7033.78,temperature,68.814,68.814,7033.78
0,110,3,7033.78,pressure,29.1437,29.1437,7033.78
0,110,3,7033.78,humidity,48.0037,48.0037,7033.78
0,115,2,7033.78,torque,48.9994,48.9994,7033.78
0,115,2,7033.78,vibration,0.1632,0.1632,7033.78
0,115,2,7033.78,temperature,68.9097,68.9097,7033.78
0,115,2,7033.78,pressure,33.3027,33.3027,7033.78
0,115,2,7033.78,humidity,44.9377,44.9377,7033.78
0,120,1,7033.78,torque,48.1143,48.1143,7033.78
0,120,1,7033.78,vibration,0.155,0.155,7033.78
0,120,1,7033.78,temperature,70.0469,70.0469,7033.78
0,120,1,7033.78,pressure,29.1203,29.1203,7033.78
0,120,1,7033.78,humidity,44.6159,44.6159,7033.78
0,125,0,7033.78,torque,48.6893,48.6893,7033.78
0,125,0,7033.78,vibration,0.193,0.193,7033.78
0,125,0,7033.78,temperature,71.7473,71.7473,7033.78
0,125,0,7033.78,pressure,30.5022,30.5022,7033.78
0,125,0,7033.78,humidity,44.9653,44.9653,7033.78
0,91,11,7041.64,torque,49.9272,49.9272,7041.64
0,91,11,7041.64,vibration,0.191,0.191,7041.64
0,91,11,7041.64,temperature,71.2593,71.2593,7041.64
0,91,11,7041.64,pressure,26.3703,26.3703,7041.64
0,91,11,7041.64,humidity,46.8635,46.8635,7041.64
0,92,10,7046.29,torque,47.9148,47.9148,7046.29
0,92,10,7046.29,vibration,0.1931,0.1931,7046.29
0,92,10,7046.29,temperature,71.4432,71.4432,7046.29
0,92,10,7046.29,pressure,29.7402,29.7402,7046.29
0,92,10,7046.29,humidity,42.8687,42.8687,7046.29
0,93,9,7046.29,torque,48.1958,,7046.29
0,93,9,7046.29,vibration,0.241,,7046.29
0,93,9,7046.29,temperature,74.4481,,7046.29
0,93,9,7046.29,pressure,31.1588,,7046.29
0,93,9,7046.29,humidity,45.052,,7046.29
0,94,8,7091.89,torque,49.0891,49.0891,7091.89
0,94,8,7091.89,vibration,0.1884,0.1884,7091.89
0,94,8,7091.89,temperature,68.1834,68.1834,7091.89
0,94,8,7091.89,pressure,28.7753,28.7753,7091.89
0,94,8,7091.89,humidity,45.8394,45.8394,7091.89
0,92,11,7097.46,torque,52.6678,52.6678,7097.46
0,92,11,7097.46,vibration,0.158,0.158,7097.46
0,92,11,7097.46,temperature,69.2498,69.2498,7097.46
0,92,11,7097.46,pressure,30.3262,30.3262,7097.46
0,92,11,7097.46,humidity,45.468,45.468,7097.46
0,93,10,7097.46,torque,49.8079,49.8079,7097.46
0,93,10,7097.46,vibration,0.2124,0.2124,7097.46
0,93,10,7097.46,temperature,71.7048,71.7048,7097.46
0,93,10,7097.46,pressure,33.3335,33.3335,7097.46
0,93,10,7097.46,humidity,43.144,43.144,7097.46
0,95,7,7117.66,torque,52.649,52.649,7117.66
0,95,7,7117.66,vibration,0.274,0.274,7117.66
0,95,7,7117.66,temperature,71.9493,71.9493,7117.66
0,95,7,7117.66,pressure,30.9365,30.9365,7117.66
0,95,7,7117.66,humidity,48.8152,48.8152,7117.66
0,96,6,7117.66,torque,48.9776,48.9776,7117.66
0,96,6,7117.66,vibration,0.255,0.255,7117.66
0,96,6,7117.66,temperature,74.1338,74.1338,7117.66
0,96,6,7117.66,pressure,34.4441,34.4441,7117.66
0,96,6,7117.66,humidity,44.8447,44.8447,7117.66
0,101,5,7117.66,torque,50.1736,50.1736,7117.66
0,101,5,7117.66,vibration,0.1584,0.1584,7117.66
0,101,5,7117.66,temperature,68.995,68.995,7117.66
0,101,5,7117.66,pressure,26.2479,26.2479,7117.66
0,101,5,7117.66,humidity,42.3565,42.3565,7117.66
0,106,4,7117.66,torque,49.5883,,7117.66
0,106,4,7117.66,vibration,0.2469,,7117.66
0,106,4,7117.66,temperature,75.5422,,7117.66
0,106,4,7117.66,pressure,32.3668,,7117.66
0,106,4,7117.66,humidity,46.1614,,7117.66
0,111,3,7117.66,torque,50.3187,50.3187,7117.66
0,111,3,7117.66,vibration,0.2329,0.2329,7117.66
0,111,3,7117.66,temperature,69.1952,69.1952,7117.66
0,111,3,7117.66,pressure,31.7825,31.7825,7117.66
0,111,3,7117.66,humidity,47.4586,47.4586,7117.66
0,116,2,7117.66,torque,47.8987,47.8987,7117.66
0,116,2,7117.66,vibration,0.2037,0.2037,7117.66
0,116,2,7117.66,temperature,73.49,73.49,7117.66
0,116,2,7117.66,pressure,30.3631,30.3631,7117.66
0,116,2,7117.66,humidity,45.8607,45.8607,7117.66
0,121,1,7117.66,torque,50.8199,50.8199,7117.66
0,121,1,7117.66,vibration,0.1782,0.1782,7117.66
0,121,1,7117.66,temperature,69.5568,69.5568,7117.66
0,121,1,7117.66,pressure,31.6679,31.6679,7117.66
0,121,1,7117.66,humidity,42.9979,42.9979,7117.66
0,126,0,7117.66,torque,51.1388,51.1388,7117.66
0,126,0,7117.66,vibration,0.22,0.22,7117.66
0,126,0,7117.66,temperature,70.2222,70.2222,7117.66
0,126,0,7117.66,pressure,27.8881,27.8881,7117.66
0,126,0,7117.66,humidity,44.4333,44.4333,7117.66
0,94,9,7138.89,torque,49.8464,,7138.89
0,94,9,7138.89,vibration,0.2358,,7138.89
0,94,9,7138.89,temperature,66.3053,,7138.89
0,94,9,7138.89,pressure,31.8385,,7138.89
0,94,9,7138.89,humidity,42.7315,,7138.89
0,93,11,7151.92,torque,51.6373,51.6373,7151.92
0,93,11,7151.92,vibration,0.2047,0.2047,7151.92
0,93,11,7151.92,temperature,68.7305,68.7305,7151.92
0,93,11,7151.92,pressure,30.2957,30.2957,7151.92
0,93,11,7151.92,humidity,45.5167,45.5167,7151.92
0,95,8,7169.9,torque,52.5668,52.5668,7169.9
0,95,8,7169.9,vibration,0.2151,0.2151,7169.9
0,95,8,7169.9,temperature,73.7082,73.7082,7169.9
0,95,8,7169.9,pressure,28.2662,28.2662,7169.9
0,95,8,7169.9,humidity,46.9143,46.9143,7169.9
0,94,10,7184.22,torque,50.2795,50.2795,7184.22
0,94,10,7184.22,vibration,0.1485,0.1485,7184.22
0,94,10,7184.22,temperature,69.4492,69.4492,7184.22
0,94,10,7184.22,pressure,28.6942,28.6942,7184.22
0,94,10,7184.22,humidity,41.2641,41.2641,7184.22
0,96,7,7191.61,torque,51.0074,51.0074,7191.61
0,96,7,7191.61,vibration,0.2073,0.2073,7191.61
0,96,7,7191.61,temperature,68.8399,68.8399,7191.61
0,96,7,7191.61,pressure,28.3981,28.3981,7191.61
0,96,7,7191.61,humidity,48.2195,48.2195,7191.61
0,97,6,7191.61,torque,49.9202,49.9202,7191.61
0,97,6,7191.61,vibration,0.1935,0.1935,7191.61
0,97,6,7191.61,temperature,72.8595,72.8595,7191.61
0,97,6,7191.61,pressure,28.3885,28.3885,7191.61
0,97,6,7191.61,humidity,44.9147,44.9147,7191.61
0,107,4,7191.61,torque,49.7968,,7191.61
0,107,4,7191.61,vibration,0.1642,,7191.61
0,107,4,7191.61,temperature,72.6575,,7191.61
0,107,4,7191.61,pressure,26.4516,,7191.61
0,107,4,7191.61,humidity,43.6909,,7191.61
0,112,3,7191.61,torque,50.0153,50.0153,7191.61
0,112,3,7191.61,vibration,0.2274,0.2274,7191.61
0,112,3,7191.61,temperature,69.8602,69.8602,7191.61
0,112,3,7191.61,pressure,29.1272,29.1272,7191.61
0,112,3,7191.61,humidity,46.0681,46.0681,7191.61
0,117,2,7191.61,torque,51.1152,51.1152,7191.61
0,117,2,7191.61,vibration,0.2089,0.2089,7191.61
0,117,2,7191.61,temperature,66.1354,66.1354,7191.61
0,117,2,7191.61,pressure,31.1004,31.1004,7191.61
0,117,2,7191.61,humidity,46.2579,46.2579,7191.61
0,122,1,7191.61,torque,49.3167,49.3167,7191.61
0,122,1,7191.61,vibration,0.165,0.165,7191.61
0,122,1,7191.61,temperature,68.5757,68.5757,7191.61
0,122,1,7191.61,pressure,29.8412,29.8412,7191.61
0,122,1,7191.61,humidity,43.9311,43.9311,7191.61
0,127,0,7191.61,torque,49.3394,49.3394,7191.61
0,127,0,7191.61,vibration,0.2198,0.2198,7191.61
0,127,0,7191.61,temperature,71.7466,71.7466,7191.61
0,127,0,7191.61,pressure,29.3264,29.3264,7191.61
0,127,0,7191.61,humidity,43.7537,43.7537,7191.61
0,102,5,7210.89,torque,50.9983,50.9983,7210.89
0,102,5,7210.89,vibration,0.1549,0.1549,7210.89
0,102,5,7210.89,temperature,70.0978,70.0978,7210.89
0,102,5,7210.89,pressure,30.1219,30.1219,7210.89
0,102,5,7210.89,humidity,42.598,42.598,7210.89
0,95,9,7219.26,torque,48.4203,,7219.26
0,95,9,7219.26,vibration,0.1618,,7219.26
0,95,9,7219.26,temperature,67.8735,,7219.26
0,95,9,7219.26,pressure,30.7248,,7219.26
0,95,9,7219.26,humidity,42.6447,,7219.26
0,94,11,7237.42,torque,49.6605,49.6605,7237.42
0,94,11,7237.42,vibration,0.1606,0.1606,7237.42
0,94,11,7237.42,temperature,73.3349,73.3349,7237.42
0,94,11,7237.42,pressure,29.6039,29.6039,7237.42
0,94,11,7237.42,humidity,44.9118,44.9118,7237.42
0,96,8,7247.37,torque,49.2189,49.2189,7247.37
0,96,8,7247.37,vibration,0.236,0.236,7247.37
0,96,8,7247.37,temperature,73.4168,73.4168,7247.37
0,96,8,7247.37,pressure,28.6196,28.6196,7247.37
0,96,8,7247.37,humidity,44.9211,44.9211,7247.37
0,95,10,7259.68,torque,46.2305,46.2305,7259.68
0,95,10,7259.68,vibration,0.2231,0.2231,7259.68
0,95,10,7259.68,temperature,68.3886,68.3886,7259.68
0,95,10,7259.68,pressure,29.1854,29.1854,7259.68
0,95,10,7259.68,humidity,44.6225,44.6225,7259.68
0,97,7,7273.87,torque,50.4496,50.4496,7273.87
0,97,7,7273.87,vibration,0.1835,0.1835,7273.87
0,97,7,7273.87,temperature,72.2505,72.2505,7273.87
0,97,7,7273.87,pressure,31.1818,31.1818,7273.87
0,97,7,7273.87,humidity,46.2515,46.2515,7273.87
0,98,6,7273.87,torque,51.5443,51.5443,7273.87
0,98,6,7273.87,vibration,0.2234,0.2234,7273.87
0,98,6,7273.87,temperature,66.6153,66.6153,7273.87
0,98,6,7273.87,pressure,28.811,28.811,7273.87
0,98,6,7273.87,humidity,43.8136,43.8136,7273.87
0,103,5,7273.87,torque,48.0433,48.0433,7273.87
0,103,5,7273.87,vibration,0.1863,0.1863,7273.87
0,103,5,7273.87,temperature,68.2199,68.2199,7273.87
0,103,5,7273.87,pressure,29.2901,29.2901,7273.87
0,103,5,7273.87,humidity,42.9323,42.9323,7273.87
0,108,4,7273.87,torque,48.7479,,7273.87
0,108,4,7273.87,vibration,0.181,,7273.87
0,108,4,7273.87,temperature,65.9577,,7273.87
0,108,4,7273.87,pressure,30.2255,,7273.87
0,108,4,7273.87,humidity,43.0682,,7273.87
0,113,3,7273.87,torque,49.5365,49.5365,7273.87
0,113,3,7273.87,vibration,0.1927,0.1927,7273.87
0,113,3,7273.87,temperature,64.752,64.752,7273.87
0,113,3,7273.87,pressure,32.4975,32.4975,7273.87
0,113,3,7273.87,humidity,47.1687,47.1687,7273.87
0,118,2,7273.87,torque,49.8125,49.8125,7273.87
0,118,2,7273.87,vibration,0.2115,0.2115,7273.87
0,118,2,7273.87,temperature,73.6231,73.6231,7273.87
0,118,2,7273.87,pressure,27.1515,27.1515,7273.87
0,118,2,7273.87,humidity,45.2175,45.2175,7273.87
0,123,1,7273.87,torque,50.6925,50.6925,7273.87
0,123,1,7273.87,vibration,0.1685,0.1685,7273.87
0,123,1,7273.87,temperature,69.3484,69.3484,7273.87
0,123,1,7273.87,pressure,27.7478,27.7478,7273.87
0,123,1,7273.87,humidity,42.0283,42.0283,7273.87
0,128,0,7273.87,torque,51.9994,51.9994,7273.87
0,128,0,7273.87,vibration,0.153,0.153,7273.87
0,128,0,7273.87,temperature,69.6275,69.6275,7273.87
0,128,0,7273.87,pressure,30.4994,30.4994,7273.87
0,128,0,7273.87,humidity,44.3127,44.3127,7273.87
0,96,9,7299.86,torque,50.1589,,7299.86
0,96,9,7299.86,vibration,0.1982,,7299.86
0,96,9,7299.86,temperature,71.836,,7299.86
0,96,9,7299.86,pressure,27.0461,,7299.86
0,96,9,7299.86,humidity,42.157,,7299.86
0,95,11,7312.44,torque,50.6035,50.6035,7312.44
0,95,11,7312.44,vibration,0.1904,0.1904,7312.44
0,95,11,7312.44,temperature,67.6441,67.6441,7312.44
0,95,11,7312.44,pressure,32.4906,32.4906,7312.44
0,95,11,7312.44,humidity,44.8534,44.8534,7312.44
0,97,8,7327.33,torque,50.2035,50.2035,7327.33
0,97,8,7327.33,vibration,0.1398,0.1398,7327.33
0,97,8,7327.33,temperature,70.7482,70.7482,7327.33
0,97,8,7327.33,pressure,32.6216,32.6216,7327.33
0,97,8,7327.33,humidity,44.2357,44.2357,7327.33
0,96,10,7353.23,torque,48.7401,48.7401,7353.23
0,96,10,7353.23,vibration,0.2238,0.2238,7353.23
0,96,10,7353.23,temperature,69.1599,69.1599,7353.23
0,96,10,7353.23,pressure,29.0243,29.0243,7353.23
0,96,10,7353.23,humidity,42.8051,42.8051,7353.23
0,98,7,7367.33,torque,52.8487,52.8487,7367.33
0,98,7,7367.33,vibration,0.1736,0.1736,7367.33
0,98,7,7367.33,temperature,67.2255,67.2255,7367.33
0,98,7,7367.33,pressure,32.5298,32.5298,7367.33
0,98,7,7367.33,humidity,46.4485,46.4485,7367.33
0,99,6,7367.33,torque,50.9028,50.9028,7367.33
0,99,6,7367.33,vibration,0.1685,0.1685,7367.33
0,99,6,7367.33,temperature,65.6075,65.6075,7367.33
0,99,6,7367.33,pressure,30.4661,30.4661,7367.33
0,99,6,7367.33,humidity,43.7049,43.7049,7367.33
0,104,5,7367.33,torque,48.6742,48.6742,7367.33
0,104,5,7367.33,vibration,0.1862,0.1862,7367.33
0,104,5,7367.33,temperature,69.9576,69.9576,7367.33
0,104,5,7367.33,pressure,29.3987,29.3987,7367.33
0,104,5,7367.33,humidity,42.8652,42.8652,7367.33
0,109,4,7367.33,torque,52.497,,7367.33
0,109,4,7367.33,vibration,0.184,,7367.33
0,109,4,7367.33,temperature,74.3354,,7367.33
0,109,4,7367.33,pressure,28.0726,,7367.33
0,109,4,7367.33,humidity,42.9861,,7367.33
0,114,3,7367.33,torque,49.9335,49.9335,7367.33
0,114,3,7367.33,vibration,0.1957,0.1957,7367.33
0,114,3,7367.33,temperature,67.2062,67.2062,7367.33
0,114,3,7367.33,pressure,32.0787,32.0787,7367.33
0,114,3,7367.33,humidity,46.9985,46.9985,7367.33
0,119,2,7367.33,torque,53.6408,53.6408,7367.33
0,119,2,7367.33,vibration,0.1603,0.1603,7367.33
0,119,2,7367.33,temperature,73.8237,73.8237,7367.33
0,119,2,7367.33,pressure,32.5312,32.5312,7367.33
0,119,2,7367.33,humidity,44.4357,44.4357,7367.33
0,124,1,7367.33,torque,52.6089,52.6089,7367.33
0,124,1,7367.33,vibration,0.1581,0.1581,7367.33
0,124,1,7367.33,temperature,69.2804,69.2804,7367.33
0,124,1,7367.33,pressure,31.6403,31.6403,7367.33
0,124,1,7367.33,humidity,42.0887,42.0887,7367.33
0,129,0,7367.33,torque,51.4704,51.4704,7367.33
0,129,0,7367.33,vibration,0.2224,0.2224,7367.33
0,129,0,7367.33,temperature,71.3374,71.3374,7367.33
0,129,0,7367.33,pressure,25.2986,25.2986,7367.33
0,129,0,7367.33,humidity,43.3857,43.3857,7367.33
0,97,9,7368.62,torque,50.5882,,7368.62
0,97,9,7368.62,vibration,0.1909,,7368.62
0,97,9,7368.62,temperature,70.5372,,7368.62
0,97,9,7368.62,pressure,29.1252,,7368.62
0,97,9,7368.62,humidity,41.2988,,7368.62
0,96,11,7407.41,torque,50.882,50.882,7407.41
0,96,11,7407.41,vibration,0.2387,0.2387,7407.41
0,96,11,7407.41,temperature,71.4197,71.4197,7407.41
0,96,11,7407.41,pressure,30.6431,30.6431,7407.41
0,96,11,7407.41,humidity,44.7697,44.7697,7407.41
0,97,10,7420.32,torque,49.1155,49.1155,7420.32
0,97,10,7420.32,vibration,0.2149,0.2149,7420.32
0,97,10,7420.32,temperature,67.7569,67.7569,7420.32
0,97,10,7420.32,pressure,30.9412,30.9412,7420.32
0,97,10,7420.32,humidity,43.4419,43.4419,7420.32
0,98,8,7420.46,torque,50.1297,50.1297,7420.46
0,98,8,7420.46,vibration,0.2235,0.2235,7420.46
0,98,8,7420.46,temperature,71.1072,71.1072,7420.46
0,98,8,7420.46,pressure,32.4487,32.4487,7420.46
0,98,8,7420.46,humidity,45.0958,45.0958,7420.46
0,99,7,7447.34,torque,51.1213,51.1213,7447.34
0,99,7,7447.34,vibration,0.165,0.165,7447.34
0,99,7,7447.34,temperature,71.716,71.716,7447.34
0,99,7,7447.34,pressure,33.6631,33.6631,7447.34
0,99,7,7447.34,humidity,45.2625,45.2625,7447.34
0,100,6,7447.34,torque,48.007,48.007,7447.34
0,100,6,7447.34,vibration,0.1481,0.1481,7447.34
0,100,6,7447.34,temperature,69.9499,69.9499,7447.34
0,100,6,7447.34,pressure,29.4794,29.4794,7447.34
0,100,6,7447.34,humidity,44.4121,44.4121,7447.34
0,105,5,7447.34,torque,48.4233,48.4233,7447.34
0,105,5,7447.34,vibration,0.185,0.185,7447.34
0,105,5,7447.34,temperature,70.5625,70.5625,7447.34
0,105,5,7447.34,pressure,28.2169,28.2169,7447.34
0,105,5,7447.34,humidity,44.6642,44.6642,7447.34
0,110,4,7447.34,torque,50.2674,,7447.34
0,110,4,7447.34,vibration,0.2102,,7447.34
0,110,4,7447.34,temperature,67.7741,,7447.34
0,110,4,7447.34,pressure,28.2298,,7447.34
0,110,4,7447.34,humidity,42.5506,,7447.34
0,115,3,7447.34,torque,52.6372,52.6372,7447.34
0,115,3,7447.34,vibration,0.1677,0.1677,7447.34
0,115,3,7447.34,temperature,70.491,70.491,7447.34
0,115,3,7447.34,pressure,33.0618,33.0618,7447.34
0,115,3,7447.34,humidity,45.9184,45.9184,7447.34
0,120,2,7447.34,torque,53.7525,53.7525,7447.34
0,120,2,7447.34,vibration,0.2516,0.2516,7447.34
0,120,2,7447.34,temperature,70.7597,70.7597,7447.34
0,120,2,7447.34,pressure,28.3199,28.3199,7447.34
0,120,2,7447.34,humidity,44.6099,44.6099,7447.34
0,125,1,7447.34,torque,51.4378,51.4378,7447.34
0,125,1,7447.34,vibration,0.1879,0.1879,7447.34
0,125,1,7447.34,temperature,66.6492,66.6492,7447.34
0,125,1,7447.34,pressure,30.8006,30.8006,7447.34
0,125,1,7447.34,humidity,40.5073,40.5073,7447.34
0,130,0,7447.34,torque,50.2648,50.2648,7447.34
0,130,0,7447.34,vibration,0.2512,0.2512,7447.34
0,130,0,7447.34,temperature,73.8921,73.8921,7447.34
0,130,0,7447.34,pressure,30.7226,30.7226,7447.34
0,130,0,7447.34,humidity,43.6762,43.6762,7447.34
0,97,11,7462.39,torque,50.501,50.501,7462.39
0,97,11,7462.39,vibration,0.1999,0.1999,7462.39
0,97,11,7462.39,temperature,65.141,65.141,7462.39
0,97,11,7462.39,pressure,30.7717,30.7717,7462.39
0,97,11,7462.39,humidity,46.3731,46.3731,7462.39
0,98,9,7472.85,torque,51.8133,,7472.85
0,98,9,7472.85,vibration,0.2738,,7472.85
0,98,9,7472.85,temperature,72.0917,,7472.85
0,98,9,7472.85,pressure,32.0911,,7472.85
0,98,9,7472.85,humidity,42.06,,7472.85
0,99,8,7500.13,torque,56.3885,56.3885,7500.13
0,99,8,7500.13,vibration,0.2874,0.2874,7500.13
0,99,8,7500.13,temperature,75.0637,75.0637,7500.13
0,99,8,7500.13,pressure,24.7515,24.7515,7500.13
0,99,8,7500.13,humidity,42.8451,42.8451,7500.13
0,98,10,7520.38,torque,49.2471,49.2471,7520.38
0,98,10,7520.38,vibration,0.206,0.206,7520.38
0,98,10,7520.38,temperature,73.3182,73.3182,7520.38
0,98,10,7520.38,pressure,29.6541,29.6541,7520.38
0,98,10,7520.38,humidity,43.8937,43.8937,7520.38
0,100,7,7523.04,torque,47.8429,47.8429,7523.04
0,100,7,7523.04,vibration,0.2324,0.2324,7523.04
0,100,7,7523.04,temperature,69.6044,69.6044,7523.04
0,100,7,7523.04,pressure,27.4738,27.4738,7523.04
0,100,7,7523.04,humidity,46.3201,46.3201,7523.04
0,101,6,7523.04,torque,48.4112,48.4112,7523.04
0,101,6,7523.04,vibration,0.1821,0.1821,7523.04
0,101,6,7523.04,temperature,70.4696,70.4696,7523.04
0,101,6,7523.04,pressure,29.3383,29.3383,7523.04
0,101,6,7523.04,humidity,44.1733,44.1733,7523.04
0,106,5,7523.04,torque,50.4086,50.4086,7523.04
0,106,5,7523.04,vibration,0.1414,0.1414,7523.04
0,106,5,7523.04,temperature,73.5693,73.5693,7523.04
0,106,5,7523.04,pressure,27.778,27.778,7523.04
0,106,5,7523.04,humidity,44.6794,44.6794,7523.04
0,111,4,7523.04,torque,47.7245,,7523.04
0,111,4,7523.04,vibration,0.1873,,7523.04
0,111,4,7523.04,temperature,71.2232,,7523.04
0,111,4,7523.04,pressure,26.1739,,7523.04
0,111,4,7523.04,humidity,42.971,,7523.04
0,116,3,7523.04,torque,52.8513,52.8513,7523.04
0,116,3,7523.04,vibration,0.1961,0.1961,7523.04
0,116,3,7523.04,temperature,70.1315,70.1315,7523.04
0,116,3,7523.04,pressure,30.4064,30.4064,7523.04
0,116,3,7523.04,humidity,47.0099,47.0099,7523.04
0,121,2,7523.04,torque,47.521,47.521,7523.04
0,121,2,7523.04,vibration,0.2269,0.2269,7523.04
0,121,2,7523.04,temperature,67.7433,67.7433,7523.04
0,121,2,7523.04,pressure,32.8872,32.8872,7523.04
0,121,2,7523.04,humidity,44.2288,44.2288,7523.04
0,126,1,7523.04,torque,49.4529,49.4529,7523.04
0,126,1,7523.04,vibration,0.2555,0.2555,7523.04
0,126,1,7523.04,temperature,70.8189,70.8189,7523.04
0,126,1,7523.04,pressure,28.1013,28.1013,7523.04
0,126,1,7523.04,humidity,41.9918,41.9918,7523.04
0,131,0,7523.04,torque,51.8812,51.8812,7523.04
0,131,0,7523.04,vibration,0.1572,0.1572,7523.04
0,131,0,7523.04,temperature,67.9359,67.9359,7523.04
0,131,0,7523.04,pressure,30.205,30.205,7523.04
0,131,0,7523.04,humidity,42.8238,42.8238,7523.04
0,98,11,7556.94,torque,51.9113,51.9113,7556.94
0,98,11,7556.94,vibration,0.2246,0.2246,7556.94
0,98,11,7556.94,temperature,70.7539,70.7539,7556.94
0,98,11,7556.94,pressure,29.0567,29.0567,7556.94
0,98,11,7556.94,humidity,47.3161,47.3161,7556.94
0,99,9,7572.58,torque,46.4813,,7572.58
0,99,9,7572.58,vibration,0.1717,,7572.58
0,99,9,7572.58,temperature,70.1242,,7572.58
0,99,9,7572.58,pressure,31.1447,,7572.58
0,99,9,7572.58,humidity,44.6061,,7572.58
0,100,8,7572.58,torque,50.5444,50.5444,7572.58
0,100,8,7572.58,vibration,0.1611,0.1611,7572.58
0,100,8,7572.58,temperature,69.8844,69.8844,7572.58
0,100,8,7572.58,pressure,33.3208,33.3208,7572.58
0,100,8,7572.58,humidity,45.4403,45.4403,7572.58
0,101,7,7581.2,torque,48.8964,48.8964,7581.2
0,101,7,7581.2,vibration,0.1848,0.1848,7581.2
0,101,7,7581.2,temperature,69.8749,69.8749,7581.2
0,101,7,7581.2,pressure,30.2878,30.2878,7581.2
0,101,7,7581.2,humidity,44.5763,44.5763,7581.2
0,102,6,7581.2,torque,54.1837,54.1837,7581.2
0,102,6,7581.2,vibration,0.204,0.204,7581.2
0,102,6,7581.2,temperature,69.5188,69.5188,7581.2
0,102,6,7581.2,pressure,26.8589,26.8589,7581.2
0,102,6,7581.2,humidity,45.168,45.168,7581.2
0,107,5,7583.75,torque,47.6141,47.6141,7583.75
0,107,5,7583.75,vibration,0.2378,0.2378,7583.75
0,107,5,7583.75,temperature,67.9497,67.9497,7583.75
0,107,5,7583.75,pressure,30.2372,30.2372,7583.75
0,107,5,7583.75,humidity,43.9168,43.9168,7583.75
0,112,4,7583.75,torque,49.6141,,7583.75
0,112,4,7583.75,vibration,0.1362,,7583.75
0,112,4,7583.75,temperature,69.4761,,7583.75
0,112,4,7583.75,pressure,26.279,,7583.75
0,112,4,7583.75,humidity,43.1709,,7583.75
0,117,3,7583.75,torque,50.2587,50.2587,7583.75
0,117,3,7583.75,vibration,0.1786,0.1786,7583.75
0,117,3,7583.75,temperature,70.0407,70.0407,7583.75
0,117,3,7583.75,pressure,29.2126,29.2126,7583.75
0,117,3,7583.75,humidity,47.3721,47.3721,7583.75
0,122,2,7583.75,torque,51.3658,51.3658,7583.75
0,122,2,7583.75,vibration,0.1922,0.1922,7583.75
0,122,2,7583.75,temperature,68.8236,68.8236,7583.75
0,122,2,7583.75,pressure,31.9985,31.9985,7583.75
0,122,2,7583.75,humidity,43.54,43.54,7583.75
0,127,1,7583.75,torque,50.5835,50.5835,7583.75
0,127,1,7583.75,vibration,0.2067,0.2067,7583.75
0,127,1,7583.75,temperature,70.0207,70.0207,7583.75
0,127,1,7583.75,pressure,26.6726,26.6726,7583.75
0,127,1,7583.75,humidity,41.3633,41.3633,7583.75
0,132,0,7583.75,torque,52.7327,52.7327,7583.75
0,132,0,7583.75,vibration,0.2115,0.2115,7583.75
0,132,0,7583.75,temperature,71.015,71.015,7583.75
0,132,0,7583.75,pressure,28.413,28.413,7583.75
0,132,0,7583.75,humidity,41.9273,41.9273,7583.75
0,101,8,7619.78,torque,49.8569,49.8569,7619.78
0,101,8,7619.78,vibration,0.2395,0.2395,7619.78
0,101,8,7619.78,temperature,68.5714,68.5714,7619.78
0,101,8,7619.78,pressure,29.3321,29.3321,7619.78
0,101,8,7619.78,humidity,44.755,44.755,7619.78
0,99,10,7629.4,torque,48.1573,48.1573,7629.4
0,99,10,7629.4,vibration,0.1221,0.1221,7629.4
0,99,10,7629.4,temperature,71.234,71.234,7629.4
0,99,10,7629.4,pressure,31.6573,31.6573,7629.4
0,99,10,7629.4,humidity,45.9023,45.9023,7629.4
0,100,9,7629.4,torque,52.0411,,7629.4
0,100,9,7629.4,vibration,0.1441,,7629.4
0,100,9,7629.4,temperature,68.7778,,7629.4
0,100,9,7629.4,pressure,32.09,,7629.4
0,100,9,7629.4,humidity,43.9877,,7629.4
0,102,7,7665.62,torque,49.9657,49.9657,7665.62
0,102,7,7665.62,vibration,0.2146,0.2146,7665.62
0,102,7,7665.62,temperature,71.7459,71.7459,7665.62
0,102,7,7665.62,pressure,30.0575,30.0575,7665.62
0,102,7,7665.62,humidity,45.5949,45.5949,7665.62
0,103,6,7665.62,torque,48.3065,48.3065,7665.62
0,103,6,7665.62,vibration,0.2298,0.2298,7665.62
0,103,6,7665.62,temperature,67.9588,67.9588,7665.62
0,103,6,7665.62,pressure,36.0065,36.0065,7665.62
0,103,6,7665.62,humidity,46.7024,46.7024,7665.62
0,108,5,7665.62,torque,47.4655,47.4655,7665.62
0,108,5,7665.62,vibration,0.1986,0.1986,7665.62
0,108,5,7665.62,temperature,70.4706,70.4706,7665.62
0,108,5,7665.62,pressure,31.1009,31.1009,7665.62
0,108,5,7665.62,humidity,43.6272,43.6272,7665.62
0,113,4,7665.62,torque,52.3757,,7665.62
0,113,4,7665.62,vibration,0.2135,,7665.62
0,113,4,7665.62,temperature,70.4359,,7665.62
0,113,4,7665.62,pressure,30.3026,,7665.62
0,113,4,7665.62,humidity,39.8517,,7665.62
0,118,3,7665.62,torque,48.0898,48.0898,7665.62
0,118,3,7665.62,vibration,0.1687,0.1687,7665.62
0,118,3,7665.62,temperature,72.2038,72.2038,7665.62
0,118,3,7665.62,pressure,31.0437,31.0437,7665.62
0,118,3,7665.62,humidity,47.1436,47.1436,7665.62
0,123,2,7665.62,torque,48.1252,48.1252,7665.62
0,123,2,7665.62,vibration,0.2168,0.2168,7665.62
0,123,2,7665.62,temperature,70.684,70.684,7665.62
0,123,2,7665.62,pressure,32.5161,32.5161,7665.62
0,123,2,7665.62,humidity,44.3561,44.3561,7665.62
0,128,1,7665.62,torque,49.6792,49.6792,7665.62
0,128,1,7665.62,vibration,0.1925,0.1925,7665.62
0,128,1,7665.62,temperature,70.8619,70.8619,7665.62
0,128,1,7665.62,pressure,30.1574,30.1574,7665.62
0,128,1,7665.62,humidity,42.442,42.442,7665.62
0,133,0,7665.62,torque,50.3755,50.3755,7665.62
0,133,0,7665.62,vibration,0.201,0.201,7665.62
0,133,0,7665.62,temperature,70.6515,70.6515,7665.62
0,133,0,7665.62,pressure,29.8506,29.8506,7665.62
0,133,0,7665.62,humidity,40.3592,40.3592,7665.62
0,101,9,7670.92,torque,50.8606,,7670.92
0,101,9,7670.92,vibration,0.2031,,7670.92
0,101,9,7670.92,temperature,67.8733,,7670.92
0,101,9,7670.92,pressure,32.1557,,7670.92
0,101,9,7670.92,humidity,44.8994,,7670.92
0,99,11,7683.03,torque,50.9957,50.9957,7683.03
0,99,11,7683.03,vibration,0.1712,0.1712,7683.03
0,99,11,7683.03,temperature,69.701,69.701,7683.03
0,99,11,7683.03,pressure,27.3008,27.3008,7683.03
0,99,11,7683.03,humidity,47.4719,47.4719,7683.03
0,100,10,7683.03,torque,51.3849,51.3849,7683.03
0,100,10,7683.03,vibration,0.2111,0.2111,7683.03
0,100,10,7683.03,temperature,66.3383,66.3383,7683.03
0,100,10,7683.03,pressure,28.6968,28.6968,7683.03
0,100,10,7683.03,humidity,43.6309,43.6309,7683.03
0,104,6,7721.17,torque,53.1863,53.1863,7721.17
0,104,6,7721.17,vibration,0.2372,0.2372,7721.17
0,104,6,7721.17,temperature,69.5035,69.5035,7721.17
0,104,6,7721.17,pressure,33.4842,33.4842,7721.17
0,104,6,7721.17,humidity,46.796,46.796,7721.17
0,109,5,7721.17,torque,50.7618,50.7618,7721.17
0,109,5,7721.17,vibration,0.1675,0.1675,7721.17
0,109,5,7721.17,temperature,66.8411,66.8411,7721.17
0,109,5,7721.17,pressure,28.6363,28.6363,7721.17
0,109,5,7721.17,humidity,43.1248,43.1248,7721.17
0,114,4,7721.17,torque,50.0463,,7721.17
0,114,4,7721.17,vibration,0.1966,,7721.17
0,114,4,7721.17,temperature,70.3498,,7721.17
0,114,4,7721.17,pressure,28.3635,,7721.17
0,114,4,7721.17,humidity,40.7681,,7721.17
0,119,3,7721.17,torque,50.4489,50.4489,7721.17
0,119,3,7721.17,vibration,0.1876,0.1876,7721.17
0,119,3,7721.17,temperature,68.0445,68.0445,7721.17
0,119,3,7721.17,pressure,32.7756,32.7756,7721.17
0,119,3,7721.17,humidity,47.4922,47.4922,7721.17
0,124,2,7721.17,torque,50.1293,50.1293,7721.17
0,124,2,7721.17,vibration,0.1615,0.1615,7721.17
0,124,2,7721.17,temperature,73.3053,73.3053,7721.17
0,124,2,7721.17,pressure,33.4186,33.4186,7721.17
0,124,2,7721.17,humidity,44.7164,44.7164,7721.17
0,129,1,7721.17,torque,50.3474,50.3474,7721.17
0,129,1,7721.17,vibration,0.2865,0.2865,7721.17
0,129,1,7721.17,temperature,71.0615,71.0615,7721.17
0,129,1,7721.17,pressure,31.5538,31.5538,7721.17
0,129,1,7721.17,humidity,42.4853,42.4853,7721.17
0,134,0,7721.17,torque,52.765,52.765,7721.17
0,134,0,7721.17,vibration,0.1924,0.1924,7721.17
0,134,0,7721.17,temperature,70.5862,70.5862,7721.17
0,134,0,7721.17,pressure,27.1256,27.1256,7721.17
0,134,0,7721.17,humidity,41.2502,41.2502,7721.17
0,102,8,7722.41,torque,49.9196,49.9196,7722.41
0,102,8,7722.41,vibration,0.2001,0.2001,7722.41
0,102,8,7722.41,temperature,68.218,68.218,7722.41
0,102,8,7722.41,pressure,29.9688,29.9688,7722.41
0,102,8,7722.41,humidity,45.5545,45.5545,7722.41
0,103,7,7722.41,torque,48.3814,48.3814,7722.41
0,103,7,7722.41,vibration,0.1879,0.1879,7722.41
0,103,7,7722.41,temperature,74.4648,74.4648,7722.41
0,103,7,7722.41,pressure,30.5662,30.5662,7722.41
0,103,7,7722.41,humidity,45.5524,45.5524,7722.41
0,100,11,7733.35,torque,52.1315,52.1315,7733.35
0,100,11,7733.35,vibration,0.1945,0.1945,7733.35
0,100,11,7733.35,temperature,67.6361,67.6361,7733.35
0,100,11,7733.35,pressure,30.0159,30.0159,7733.35
0,100,11,7733.35,humidity,47.8948,47.8948,7733.35
0,101,10,7733.35,torque,48.7913,48.7913,7733.35
0,101,10,7733.35,vibration,0.1896,0.1896,7733.35
0,101,10,7733.35,temperature,72.0003,72.0003,7733.35
0,101,10,7733.35,pressure,28.9263,28.9263,7733.35
0,101,10,7733.35,humidity,44.0636,44.0636,7733.35
0,102,9,7762.46,torque,49.2001,,7762.46
0,102,9,7762.46,vibration,0.2125,,7762.46
0,102,9,7762.46,temperature,70.1299,,7762.46
0,102,9,7762.46,pressure,25.3321,,7762.46
0,102,9,7762.46,humidity,44.3155,,7762.46
0,103,8,7762.46,torque,50.006,50.006,7762.46
0,103,8,7762.46,vibration,0.1974,0.1974,7762.46
0,103,8,7762.46,temperature,68.5529,68.5529,7762.46
0,103,8,7762.46,pressure,29.5309,29.5309,7762.46
0,103,8,7762.46,humidity,44.5574,44.5574,7762.46
0,104,7,7778.97,torque,51.0653,51.0653,7778.97
0,104,7,7778.97,vibration,0.2138,0.2138,7778.97
0,104,7,7778.97,temperature,73.7309,73.7309,7778.97
0,104,7,7778.97,pressure,28.1625,28.1625,7778.97
0,104,7,7778.97,humidity,44.7504,44.7504,7778.97
0,105,6,7778.97,torque,48.7625,48.7625,7778.97
0,105,6,7778.97,vibration,0.2021,0.2021,7778.97
0,105,6,7778.97,temperature,71.9495,71.9495,7778.97
0,105,6,7778.97,pressure,30.965,30.965,7778.97
0,105,6,7778.97,humidity,49.0831,49.0831,7778.97
0,110,5,7778.97,torque,50.1652,50.1652,7778.97
0,110,5,7778.97,vibration,0.2232,0.2232,7778.97
0,110,5,7778.97,temperature,69.5119,69.5119,7778.97
0,110,5,7778.97,pressure,32.6137,32.6137,7778.97
0,110,5,7778.97,humidity,41.6609,41.6609,7778.97
0,101,11,7781.13,torque,51.352,51.352,7781.13
0,101,11,7781.13,vibration,0.1519,0.1519,7781.13
0,101,11,7781.13,temperature,70.9204,70.9204,7781.13
0,101,11,7781.13,pressure,28.9775,28.9775,7781.13
0,101,11,7781.13,humidity,47.512,47.512,7781.13
0,115,4,7791.75,torque,51.3896,,7791.75
0,115,4,7791.75,vibration,0.2215,,7791.75
0,115,4,7791.75,temperature,72.2964,,7791.75
0,115,4,7791.75,pressure,27.605,,7791.75
0,115,4,7791.75,humidity,39.567,,7791.75
0,120,3,7791.75,torque,53.6666,53.6666,7791.75
0,120,3,7791.75,vibration,0.1756,0.1756,7791.75
0,120,3,7791.75,temperature,70.0266,70.0266,7791.75
0,120,3,7791.75,pressure,27.665,27.665,7791.75
0,120,3,7791.75,humidity,45.1198,45.1198,7791.75
0,125,2,7791.75,torque,50.4506,50.4506,7791.75
0,125,2,7791.75,vibration,0.2023,0.2023,7791.75
0,125,2,7791.75,temperature,71.0719,71.0719,7791.75
0,125,2,7791.75,pressure,28.5189,28.5189,7791.75
0,125,2,7791.75,humidity,44.8314,44.8314,7791.75
0,130,1,7791.75,torque,47.4257,47.4257,7791.75
0,130,1,7791.75,vibration,0.187,0.187,7791.75
0,130,1,7791.75,temperature,69.7912,69.7912,7791.75
0,130,1,7791.75,pressure,32.7938,32.7938,7791.75
0,130,1,7791.75,humidity,41.9883,41.9883,7791.75
0,135,0,7791.75,torque,52.3232,52.3232,7791.75
0,135,0,7791.75,vibration,0.151,0.151,7791.75
0,135,0,7791.75,temperature,74.636,74.636,7791.75
0,135,0,7791.75,pressure,27.0405,27.0405,7791.75
0,135,0,7791.75,humidity,41.8937,41.8937,7791.75
0,102,10,7817.76,torque,50.5388,50.5388,7817.76
0,102,10,7817.76,vibration,0.1738,0.1738,7817.76
0,102,10,7817.76,temperature,67.0058,67.0058,7817.76
0,102,10,7817.76,pressure,30.6861,30.6861,7817.76
0,102,10,7817.76,humidity,43.5553,43.5553,7817.76
0,103,9,7817.76,torque,51.7846,,7817.76
0,103,9,7817.76,vibration,0.1869,,7817.76
0,103,9,7817.76,temperature,72.7703,,7817.76
0,103,9,7817.76,pressure,28.8767,,7817.76
0,103,9,7817.76,humidity,43.9924,,7817.76
0,104,8,7824.55,torque,50.7183,50.7183,7824.55
0,104,8,7824.55,vibration,0.1838,0.1838,7824.55
0,104,8,7824.55,temperature,69.6222,69.6222,7824.55
0,104,8,7824.55,pressure,29.2143,29.2143,7824.55
0,104,8,7824.55,humidity,45.013,45.013,7824.55
0,105,7,7858.93,torque,49.3415,49.3415,7858.93
0,105,7,7858.93,vibration,0.2031,0.2031,7858.93
0,105,7,7858.93,temperature,70.5228,70.5228,7858.93
0,105,7,7858.93,pressure,32.2988,32.2988,7858.93
0,105,7,7858.93,humidity,42.2363,42.2363,7858.93
0,106,6,7858.93,torque,49.1446,49.1446,7858.93
0,106,6,7858.93,vibration,0.1876,0.1876,7858.93
0,106,6,7858.93,temperature,69.1697,69.1697,7858.93
0,106,6,7858.93,pressure,28.622,28.622,7858.93
0,106,6,7858.93,humidity,49.2768,49.2768,7858.93
0,111,5,7858.93,torque,48.7928,48.7928,7858.93
0,111,5,7858.93,vibration,0.1989,0.1989,7858.93
0,111,5,7858.93,temperature,66.3162,66.3162,7858.93
0,111,5,7858.93,pressure,29.4159,29.4159,7858.93
0,111,5,7858.93,humidity,40.8791,40.8791,7858.93
0,116,4,7858.93,torque,47.1611,,7858.93
0,116,4,7858.93,vibration,0.1702,,7858.93
0,116,4,7858.93,temperature,69.8778,,7858.93
0,116,4,7858.93,pressure,31.9378,,7858.93
0,116,4,7858.93,humidity,39.5988,,7858.93
0,121,3,7858.93,torque,51.457,51.457,7858.93
0,121,3,7858.93,vibration,0.159,0.159,7858.93
0,121,3,7858.93,temperature,68.7933,68.7933,7858.93
0,121,3,7858.93,pressure,31.6221,31.6221,7858.93
0,121,3,7858.93,humidity,46.8597,46.8597,7858.93
0,126,2,7858.93,torque,49.8907,49.8907,7858.93
0,126,2,7858.93,vibration,0.2251,0.2251,7858.93
0,126,2,7858.93,temperature,66.7903,66.7903,7858.93
0,126,2,7858.93,pressure,32.1605,32.1605,7858.93
0,126,2,7858.93,humidity,44.3182,44.3182,7858.93
0,131,1,7858.93,torque,48.2784,48.2784,7858.93
0,131,1,7858.93,vibration,0.2044,0.2044,7858.93
0,131,1,7858.93,temperature,71.4329,71.4329,7858.93
0,131,1,7858.93,pressure,27.4415,27.4415,7858.93
0,131,1,7858.93,humidity,42.8664,42.8664,7858.93
0,136,0,7858.93,torque,48.7552,48.7552,7858.93
0,136,0,7858.93,vibration,0.1758,0.1758,7858.93
0,136,0,7858.93,temperature,69.7172,69.7172,7858.93
0,136,0,7858.93,pressure,28.394,28.394,7858.93
0,136,0,7858.93,humidity,39.9369,39.9369,7858.93
0,104,9,7870.1,torque,47.1531,,7870.1
0,104,9,7870.1,vibration,0.2031,,7870.1
0,104,9,7870.1,temperature,73.9529,,7870.1
0,104,9,7870.1,pressure,32.5473,,7870.1
0,104,9,7870.1,humidity,44.1593,,7870.1
0,102,11,7870.38,torque,49.0614,49.0614,7870.38
0,102,11,7870.38,vibration,0.2262,0.2262,7870.38
0,102,11,7870.38,temperature,63.4459,63.4459,7870.38
0,102,11,7870.38,pressure,31.4949,31.4949,7870.38
0,102,11,7870.38,humidity,48.0221,48.0221,7870.38
0,103,10,7870.38,torque,49.4504,49.4504,7870.38
0,103,10,7870.38,vibration,0.1645,0.1645,7870.38
0,103,10,7870.38,temperature,70.466,70.466,7870.38
0,103,10,7870.38,pressure,28.415,28.415,7870.38
0,103,10,7870.38,humidity,44.7773,44.7773,7870.38
0,105,8,7907.02,torque,47.3997,47.3997,7907.02
0,105,8,7907.02,vibration,0.205,0.205,7907.02
0,105,8,7907.02,temperature,65.8872,65.8872,7907.02
0,105,8,7907.02,pressure,29.9285,29.9285,7907.02
0,105,8,7907.02,humidity,43.756,43.756,7907.02
0,106,7,7919.76,torque,48.3467,48.3467,7919.76
0,106,7,7919.76,vibration,0.17,0.17,7919.76
0,106,7,7919.76,temperature,72.2564,72.2564,7919.76
0,106,7,7919.76,pressure,38.3007,38.3007,7919.76
0,106,7,7919.76,humidity,42.9313,42.9313,7919.76
0,107,6,7919.76,torque,49.9125,49.9125,7919.76
0,107,6,7919.76,vibration,0.1446,0.1446,7919.76
0,107,6,7919.76,temperature,69.9288,69.9288,7919.76
0,107,6,7919.76,pressure,28.4443,28.4443,7919.76
0,107,6,7919.76,humidity,49.4782,49.4782,7919.76
0,112,5,7919.76,torque,51.2782,51.2782,7919.76
0,112,5,7919.76,vibration,0.1951,0.1951,7919.76
0,112,5,7919.76,temperature,70.5461,70.5461,7919.76
0,112,5,7919.76,pressure,27.03,27.03,7919.76
0,112,5,7919.76,humidity,40.2608,40.2608,7919.76
0,117,4,7919.76,torque,49.9138,,7919.76
0,117,4,7919.76,vibration,0.1671,,7919.76
0,117,4,7919.76,temperature,72.9566,,7919.76
0,117,4,7919.76,pressure,34.6452,,7919.76
0,117,4,7919.76,humidity,38.9667,,7919.76
0,122,3,7919.76,torque,51.574,51.574,7919.76
0,122,3,7919.76,vibration,0.207,0.207,7919.76
0,122,3,7919.76,temperature,69.2382,69.2382,7919.76
0,122,3,7919.76,pressure,30.6542,30.6542,7919.76
0,122,3,7919.76,humidity,45.7169,45.7169,7919.76
0,127,2,7919.76,torque,51.4788,51.4788,7919.76
0,127,2,7919.76,vibration,0.2239,0.2239,7919.76
0,127,2,7919.76,temperature,72.5242,72.5242,7919.76
0,127,2,7919.76,pressure,29.8331,29.8331,7919.76
0,127,2,7919.76,humidity,42.1803,42.1803,7919.76
0,132,1,7919.76,torque,51.1548,51.1548,7919.76
0,132,1,7919.76,vibration,0.2022,0.2022,7919.76
0,132,1,7919.76,temperature,70.716,70.716,7919.76
0,132,1,7919.76,pressure,30.6234,30.6234,7919.76
0,132,1,7919.76,humidity,43.2005,43.2005,7919.76
0,137,0,7919.76,torque,47.8966,47.8966,7919.76
0,137,0,7919.76,vibration,0.1657,0.1657,7919.76
0,137,0,7919.76,temperature,69.3367,69.3367,7919.76
0,137,0,7919.76,pressure,31.6001,31.6001,7919.76
0,137,0,7919.76,humidity,42.4238,42.4238,7919.76
0,103,11,7937.95,torque,49.5283,49.5283,7937.95
0,103,11,7937.95,vibration,0.2059,0.2059,7937.95
0,103,11,7937.95,temperature,72.0461,72.0461,7937.95
0,103,11,7937.95,pressure,31.976,31.976,7937.95
0,103,11,7937.95,humidity,48.2587,48.2587,7937.95
0,104,10,7937.95,torque,49.2987,49.2987,7937.95
0,104,10,7937.95,vibration,0.1927,0.1927,7937.95
0,104,10,7937.95,temperature,68.2407,68.2407,7937.95
0,104,10,7937.95,pressure,29.8046,29.8046,7937.95
0,104,10,7937.95,humidity,45.1429,45.1429,7937.95
0,105,9,7961.7,torque,49.6382,,7961.7
0,105,9,7961.7,vibration,0.1778,,7961.7
0,105,9,7961.7,temperature,65.8105,,7961.7
0,105,9,7961.7,pressure,30.4275,,7961.7
0,105,9,7961.7,humidity,43.8478,,7961.7
0,106,8,7965.72,torque,46.8025,46.8025,7965.72
0,106,8,7965.72,vibration,0.2041,0.2041,7965.72
0,106,8,7965.72,temperature,70.6341,70.6341,7965.72
0,106,8,7965.72,pressure,30.7221,30.7221,7965.72
0,106,8,7965.72,humidity,43.3339,43.3339,7965.72
0,104,11,7997.13,torque,48.0103,48.0103,7997.13
0,104,11,7997.13,vibration,0.1909,0.1909,7997.13
0,104,11,7997.13,temperature,68.7079,68.7079,7997.13
0,104,11,7997.13,pressure,31.2509,31.2509,7997.13
0,104,11,7997.13,humidity,46.9101,46.9101,7997.13
